MapDate,FIPS,County,State,None,D0,D1,D2,D3,D4,ValidStart,ValidEnd,StatisticFormatID
20251118,34001,Atlantic County,NJ,83.92,16.08,0.00,0.00,0.00,0.00,2025-11-18,2025-11-24,2
20251111,34001,Atlantic County,NJ,83.92,16.08,0.00,0.00,0.00,0.00,2025-11-11,2025-11-17,2
20251104,34001,Atlantic County,NJ,83.87,16.13,0.00,0.00,0.00,0.00,2025-11-04,2025-11-10,2
20251028,34001,Atlantic County,NJ,84.84,15.16,0.00,0.00,0.00,0.00,2025-10-28,2025-11-03,2
20251021,34001,Atlantic County,NJ,87.91,12.09,0.00,0.00,0.00,0.00,2025-10-21,2025-10-27,2
20251014,34001,Atlantic County,NJ,87.91,12.09,0.00,0.00,0.00,0.00,2025-10-14,2025-10-20,2
20251007,34001,Atlantic County,NJ,82.40,17.60,0.00,0.00,0.00,0.00,2025-10-07,2025-10-13,2
20250930,34001,Atlantic County,NJ,100.00,0.00,0.00,0.00,0.00,0.00,2025-09-30,2025-10-06,2
20250923,34001,Atlantic County,NJ,100.00,0.00,0.00,0.00,0.00,0.00,2025-09-23,2025-09-29,2
20250916,34001,Atlantic County,NJ,99.28,0.72,0.00,0.00,0.00,0.00,2025-09-16,2025-09-22,2
20250909,34001,Atlantic County,NJ,99.28,0.72,0.00,0.00,0.00,0.00,2025-09-09,2025-09-15,2
20250902,34001,Atlantic County,NJ,99.11,0.89,0.00,0.00,0.00,0.00,2025-09-02,2025-09-08,2
20250826,34001,Atlantic County,NJ,100.00,0.00,0.00,0.00,0.00,0.00,2025-08-26,2025-09-01,2
20250819,34001,Atlantic County,NJ,100.00,0.00,0.00,0.00,0.00,0.00,2025-08-19,2025-08-25,2
20250812,34001,Atlantic County,NJ,97.00,3.00,0.00,0.00,0.00,0.00,2025-08-12,2025-08-18,2
20250805,34001,Atlantic County,NJ,100.00,0.00,0.00,0.00,0.00,0.00,2025-08-05,2025-08-11,2
20250729,34001,Atlantic County,NJ,100.00,0.00,0.00,0.00,0.00,0.00,2025-07-29,2025-08-04,2
20250722,34001,Atlantic County,NJ,100.00,0.00,0.00,0.00,0.00,0.00,2025-07-22,2025-07-28,2
20250715,34001,Atlantic County,NJ,100.00,0.00,0.00,0.00,0.00,0.00,2025-07-15,2025-07-21,2
20250708,34001,Atlantic County,NJ,0.00,100.00,0.00,0.00,0.00,0.00,2025-07-08,2025-07-14,2
20250701,34001,Atlantic County,NJ,0.00,100.00,0.00,0.00,0.00,0.00,2025-07-01,2025-07-07,2
20250624,34001,Atlantic County,NJ,1.95,98.05,0.00,0.00,0.00,0.00,2025-06-24,2025-06-30,2
20250617,34001,Atlantic County,NJ,1.95,98.05,0.00,0.00,0.00,0.00,2025-06-17,2025-06-23,2
20250610,34001,Atlantic County,NJ,1.95,98.05,0.00,0.00,0.00,0.00,2025-06-10,2025-06-16,2
20250603,34001,Atlantic County,NJ,1.95,98.05,0.00,0.00,0.00,0.00,2025-06-03,2025-06-09,2
20250527,34001,Atlantic County,NJ,0.04,99.96,0.00,0.00,0.00,0.00,2025-05-27,2025-06-02,2
20250520,34001,Atlantic County,NJ,0.04,99.96,0.00,0.00,0.00,0.00,2025-05-20,2025-05-26,2
20250513,34001,Atlantic County,NJ,0.00,0.01,99.99,0.00,0.00,0.00,2025-05-13,2025-05-19,2
20250506,34001,Atlantic County,NJ,0.00,0.00,100.00,0.00,0.00,0.00,2025-05-06,2025-05-12,2
20250429,34001,Atlantic County,NJ,0.00,0.00,63.03,36.97,0.00,0.00,2025-04-29,2025-05-05,2
20250422,34001,Atlantic County,NJ,0.00,0.00,63.03,36.97,0.00,0.00,2025-04-22,2025-04-28,2
20250415,34001,Atlantic County,NJ,0.00,0.00,63.03,36.97,0.00,0.00,2025-04-15,2025-04-21,2
20250408,34001,Atlantic County,NJ,0.00,0.00,56.87,43.13,0.00,0.00,2025-04-08,2025-04-14,2
20250401,34001,Atlantic County,NJ,0.00,0.00,17.24,54.10,28.66,0.00,2025-04-01,2025-04-07,2
20250325,34001,Atlantic County,NJ,0.00,0.00,17.24,39.35,43.40,0.00,2025-03-25,2025-03-31,2
20250318,34001,Atlantic County,NJ,0.00,0.00,0.00,37.24,62.76,0.00,2025-03-18,2025-03-24,2
20250311,34001,Atlantic County,NJ,0.00,0.00,0.00,0.82,99.18,0.00,2025-03-11,2025-03-17,2
20250304,34001,Atlantic County,NJ,0.00,0.00,0.00,0.81,99.19,0.00,2025-03-04,2025-03-10,2
20250225,34001,Atlantic County,NJ,0.00,0.00,0.00,0.81,99.19,0.00,2025-02-25,2025-03-03,2
20250218,34001,Atlantic County,NJ,0.00,0.00,0.00,0.81,99.19,0.00,2025-02-18,2025-02-24,2
20250211,34001,Atlantic County,NJ,0.00,0.00,0.00,0.00,100.00,0.00,2025-02-11,2025-02-17,2
20250204,34001,Atlantic County,NJ,0.00,0.00,0.00,0.00,100.00,0.00,2025-02-04,2025-02-10,2
20250128,34001,Atlantic County,NJ,0.00,0.00,0.00,0.00,100.00,0.00,2025-01-28,2025-02-03,2
20250121,34001,Atlantic County,NJ,0.00,0.00,0.00,0.00,100.00,0.00,2025-01-21,2025-01-27,2
20250114,34001,Atlantic County,NJ,0.00,0.00,0.00,0.00,100.00,0.00,2025-01-14,2025-01-20,2
20250107,34001,Atlantic County,NJ,0.00,0.00,0.00,0.00,100.00,0.00,2025-01-07,2025-01-13,2
20241231,34001,Atlantic County,NJ,0.00,0.00,0.00,0.00,100.00,0.00,2024-12-31,2025-01-06,2
20241224,34001,Atlantic County,NJ,0.00,0.00,0.00,0.00,100.00,0.00,2024-12-24,2024-12-30,2
20241217,34001,Atlantic County,NJ,0.00,0.00,0.00,0.00,100.00,0.00,2024-12-17,2024-12-23,2
20241210,34001,Atlantic County,NJ,0.00,0.00,0.00,0.00,100.00,0.00,2024-12-10,2024-12-16,2
20241203,34001,Atlantic County,NJ,0.00,0.00,0.00,0.00,100.00,0.00,2024-12-03,2024-12-09,2
20241126,34001,Atlantic County,NJ,0.00,0.00,0.00,0.00,100.00,0.00,2024-11-26,2024-12-02,2
20241119,34001,Atlantic County,NJ,0.00,0.00,0.00,0.00,100.00,0.00,2024-11-19,2024-11-25,2
20241112,34001,Atlantic County,NJ,0.00,0.00,0.00,0.00,100.00,0.00,2024-11-12,2024-11-18,2
20241105,34001,Atlantic County,NJ,0.00,0.00,0.00,7.37,92.63,0.00,2024-11-05,2024-11-11,2
20241029,34001,Atlantic County,NJ,0.00,0.00,0.00,100.00,0.00,0.00,2024-10-29,2024-11-04,2
20241022,34001,Atlantic County,NJ,0.00,0.00,45.29,54.71,0.00,0.00,2024-10-22,2024-10-28,2
20241015,34001,Atlantic County,NJ,0.00,0.00,48.58,51.42,0.00,0.00,2024-10-15,2024-10-21,2
20241008,34001,Atlantic County,NJ,0.00,31.03,56.09,12.88,0.00,0.00,2024-10-08,2024-10-14,2
20241001,34001,Atlantic County,NJ,0.00,83.01,16.99,0.00,0.00,0.00,2024-10-01,2024-10-07,2
20240924,34001,Atlantic County,NJ,0.00,88.75,11.25,0.00,0.00,0.00,2024-09-24,2024-09-30,2
20240917,34001,Atlantic County,NJ,0.00,91.25,8.75,0.00,0.00,0.00,2024-09-17,2024-09-23,2
20240910,34001,Atlantic County,NJ,0.00,91.25,8.75,0.00,0.00,0.00,2024-09-10,2024-09-16,2
20240903,34001,Atlantic County,NJ,0.00,100.00,0.00,0.00,0.00,0.00,2024-09-03,2024-09-09,2
20240827,34001,Atlantic County,NJ,2.68,97.32,0.00,0.00,0.00,0.00,2024-08-27,2024-09-02,2
20240820,34001,Atlantic County,NJ,3.59,96.41,0.00,0.00,0.00,0.00,2024-08-20,2024-08-26,2
20240813,34001,Atlantic County,NJ,98.86,1.14,0.00,0.00,0.00,0.00,2024-08-13,2024-08-19,2
20240806,34001,Atlantic County,NJ,98.86,1.14,0.00,0.00,0.00,0.00,2024-08-06,2024-08-12,2
20240730,34001,Atlantic County,NJ,98.86,1.14,0.00,0.00,0.00,0.00,2024-07-30,2024-08-05,2
20240723,34001,Atlantic County,NJ,98.86,1.14,0.00,0.00,0.00,0.00,2024-07-23,2024-07-29,2
20240716,34001,Atlantic County,NJ,75.51,24.49,0.00,0.00,0.00,0.00,2024-07-16,2024-07-22,2
20240709,34001,Atlantic County,NJ,30.45,49.37,20.18,0.00,0.00,0.00,2024-07-09,2024-07-15,2
20240702,34001,Atlantic County,NJ,26.85,56.10,17.06,0.00,0.00,0.00,2024-07-02,2024-07-08,2
20240625,34001,Atlantic County,NJ,0.00,78.97,21.03,0.00,0.00,0.00,2024-06-25,2024-07-01,2
20240618,34001,Atlantic County,NJ,9.14,90.86,0.00,0.00,0.00,0.00,2024-06-18,2024-06-24,2
20240611,34001,Atlantic County,NJ,27.72,72.28,0.00,0.00,0.00,0.00,2024-06-11,2024-06-17,2
20240604,34001,Atlantic County,NJ,16.96,83.04,0.00,0.00,0.00,0.00,2024-06-04,2024-06-10,2
20240528,34001,Atlantic County,NJ,100.00,0.00,0.00,0.00,0.00,0.00,2024-05-28,2024-06-03,2
20240521,34001,Atlantic County,NJ,100.00,0.00,0.00,0.00,0.00,0.00,2024-05-21,2024-05-27,2
20240514,34001,Atlantic County,NJ,100.00,0.00,0.00,0.00,0.00,0.00,2024-05-14,2024-05-20,2
20240507,34001,Atlantic County,NJ,100.00,0.00,0.00,0.00,0.00,0.00,2024-05-07,2024-05-13,2
20240430,34001,Atlantic County,NJ,100.00,0.00,0.00,0.00,0.00,0.00,2024-04-30,2024-05-06,2
20240423,34001,Atlantic County,NJ,100.00,0.00,0.00,0.00,0.00,0.00,2024-04-23,2024-04-29,2
20240416,34001,Atlantic County,NJ,100.00,0.00,0.00,0.00,0.00,0.00,2024-04-16,2024-04-22,2
20240409,34001,Atlantic County,NJ,100.00,0.00,0.00,0.00,0.00,0.00,2024-04-09,2024-04-15,2
20240402,34001,Atlantic County,NJ,100.00,0.00,0.00,0.00,0.00,0.00,2024-04-02,2024-04-08,2
20240326,34001,Atlantic County,NJ,100.00,0.00,0.00,0.00,0.00,0.00,2024-03-26,2024-04-01,2
20240319,34001,Atlantic County,NJ,100.00,0.00,0.00,0.00,0.00,0.00,2024-03-19,2024-03-25,2
20240312,34001,Atlantic County,NJ,100.00,0.00,0.00,0.00,0.00,0.00,2024-03-12,2024-03-18,2
20240305,34001,Atlantic County,NJ,100.00,0.00,0.00,0.00,0.00,0.00,2024-03-05,2024-03-11,2
20240227,34001,Atlantic County,NJ,100.00,0.00,0.00,0.00,0.00,0.00,2024-02-27,2024-03-04,2
20240220,34001,Atlantic County,NJ,100.00,0.00,0.00,0.00,0.00,0.00,2024-02-20,2024-02-26,2
20240213,34001,Atlantic County,NJ,100.00,0.00,0.00,0.00,0.00,0.00,2024-02-13,2024-02-19,2
20240206,34001,Atlantic County,NJ,100.00,0.00,0.00,0.00,0.00,0.00,2024-02-06,2024-02-12,2
20240130,34001,Atlantic County,NJ,100.00,0.00,0.00,0.00,0.00,0.00,2024-01-30,2024-02-05,2
20240123,34001,Atlantic County,NJ,100.00,0.00,0.00,0.00,0.00,0.00,2024-01-23,2024-01-29,2
20240116,34001,Atlantic County,NJ,100.00,0.00,0.00,0.00,0.00,0.00,2024-01-16,2024-01-22,2
20240109,34001,Atlantic County,NJ,100.00,0.00,0.00,0.00,0.00,0.00,2024-01-09,2024-01-15,2
20240102,34001,Atlantic County,NJ,100.00,0.00,0.00,0.00,0.00,0.00,2024-01-02,2024-01-08,2
20231226,34001,Atlantic County,NJ,100.00,0.00,0.00,0.00,0.00,0.00,2023-12-26,2024-01-01,2
20231219,34001,Atlantic County,NJ,100.00,0.00,0.00,0.00,0.00,0.00,2023-12-19,2023-12-25,2
20231212,34001,Atlantic County,NJ,9.44,90.56,0.00,0.00,0.00,0.00,2023-12-12,2023-12-18,2
20231205,34001,Atlantic County,NJ,0.00,100.00,0.00,0.00,0.00,0.00,2023-12-05,2023-12-11,2
20231128,34001,Atlantic County,NJ,34.12,65.88,0.00,0.00,0.00,0.00,2023-11-28,2023-12-04,2
20231121,34001,Atlantic County,NJ,34.12,65.88,0.00,0.00,0.00,0.00,2023-11-21,2023-11-27,2
20231114,34001,Atlantic County,NJ,34.12,65.88,0.00,0.00,0.00,0.00,2023-11-14,2023-11-20,2
20231107,34001,Atlantic County,NJ,34.12,65.88,0.00,0.00,0.00,0.00,2023-11-07,2023-11-13,2
20231031,34001,Atlantic County,NJ,83.83,16.17,0.00,0.00,0.00,0.00,2023-10-31,2023-11-06,2
20231024,34001,Atlantic County,NJ,100.00,0.00,0.00,0.00,0.00,0.00,2023-10-24,2023-10-30,2
20231017,34001,Atlantic County,NJ,100.00,0.00,0.00,0.00,0.00,0.00,2023-10-17,2023-10-23,2
20231010,34001,Atlantic County,NJ,100.00,0.00,0.00,0.00,0.00,0.00,2023-10-10,2023-10-16,2
20231003,34001,Atlantic County,NJ,100.00,0.00,0.00,0.00,0.00,0.00,2023-10-03,2023-10-09,2
20230926,34001,Atlantic County,NJ,100.00,0.00,0.00,0.00,0.00,0.00,2023-09-26,2023-10-02,2
20230919,34001,Atlantic County,NJ,85.05,14.95,0.00,0.00,0.00,0.00,2023-09-19,2023-09-25,2
20230912,34001,Atlantic County,NJ,85.05,14.95,0.00,0.00,0.00,0.00,2023-09-12,2023-09-18,2
20230905,34001,Atlantic County,NJ,85.05,14.95,0.00,0.00,0.00,0.00,2023-09-05,2023-09-11,2
20230829,34001,Atlantic County,NJ,85.74,14.26,0.00,0.00,0.00,0.00,2023-08-29,2023-09-04,2
20230822,34001,Atlantic County,NJ,85.74,14.26,0.00,0.00,0.00,0.00,2023-08-22,2023-08-28,2
20230815,34001,Atlantic County,NJ,85.74,14.26,0.00,0.00,0.00,0.00,2023-08-15,2023-08-21,2
20230808,34001,Atlantic County,NJ,51.35,48.65,0.00,0.00,0.00,0.00,2023-08-08,2023-08-14,2
20230801,34001,Atlantic County,NJ,51.35,48.65,0.00,0.00,0.00,0.00,2023-08-01,2023-08-07,2
20230725,34001,Atlantic County,NJ,41.54,43.80,14.66,0.00,0.00,0.00,2023-07-25,2023-07-31,2
20230718,34001,Atlantic County,NJ,7.88,77.46,14.66,0.00,0.00,0.00,2023-07-18,2023-07-24,2
20230711,34001,Atlantic County,NJ,1.31,68.85,29.83,0.00,0.00,0.00,2023-07-11,2023-07-17,2
20230704,34001,Atlantic County,NJ,5.23,64.94,29.83,0.00,0.00,0.00,2023-07-04,2023-07-10,2
20230627,34001,Atlantic County,NJ,5.29,64.87,29.83,0.00,0.00,0.00,2023-06-27,2023-07-03,2
20230620,34001,Atlantic County,NJ,42.62,57.26,0.12,0.00,0.00,0.00,2023-06-20,2023-06-26,2
20230613,34001,Atlantic County,NJ,42.83,57.17,0.00,0.00,0.00,0.00,2023-06-13,2023-06-19,2
20230606,34001,Atlantic County,NJ,93.93,6.07,0.00,0.00,0.00,0.00,2023-06-06,2023-06-12,2
20230530,34001,Atlantic County,NJ,100.00,0.00,0.00,0.00,0.00,0.00,2023-05-30,2023-06-05,2
20230523,34001,Atlantic County,NJ,100.00,0.00,0.00,0.00,0.00,0.00,2023-05-23,2023-05-29,2
20230516,34001,Atlantic County,NJ,100.00,0.00,0.00,0.00,0.00,0.00,2023-05-16,2023-05-22,2
20230509,34001,Atlantic County,NJ,100.00,0.00,0.00,0.00,0.00,0.00,2023-05-09,2023-05-15,2
20230502,34001,Atlantic County,NJ,100.00,0.00,0.00,0.00,0.00,0.00,2023-05-02,2023-05-08,2
20230425,34001,Atlantic County,NJ,11.76,88.24,0.00,0.00,0.00,0.00,2023-04-25,2023-05-01,2
20230418,34001,Atlantic County,NJ,16.21,83.79,0.00,0.00,0.00,0.00,2023-04-18,2023-04-24,2
20230411,34001,Atlantic County,NJ,16.21,83.79,0.00,0.00,0.00,0.00,2023-04-11,2023-04-17,2
20230404,34001,Atlantic County,NJ,16.21,83.79,0.00,0.00,0.00,0.00,2023-04-04,2023-04-10,2
20230328,34001,Atlantic County,NJ,15.31,84.69,0.00,0.00,0.00,0.00,2023-03-28,2023-04-03,2
20230321,34001,Atlantic County,NJ,15.21,84.79,0.00,0.00,0.00,0.00,2023-03-21,2023-03-27,2
20230314,34001,Atlantic County,NJ,65.53,34.47,0.00,0.00,0.00,0.00,2023-03-14,2023-03-20,2
20230307,34001,Atlantic County,NJ,65.53,34.47,0.00,0.00,0.00,0.00,2023-03-07,2023-03-13,2
20230228,34001,Atlantic County,NJ,65.53,34.47,0.00,0.00,0.00,0.00,2023-02-28,2023-03-06,2
20230221,34001,Atlantic County,NJ,65.53,34.47,0.00,0.00,0.00,0.00,2023-02-21,2023-02-27,2
20230214,34001,Atlantic County,NJ,65.53,34.47,0.00,0.00,0.00,0.00,2023-02-14,2023-02-20,2
20230207,34001,Atlantic County,NJ,65.53,34.47,0.00,0.00,0.00,0.00,2023-02-07,2023-02-13,2
20230131,34001,Atlantic County,NJ,65.53,34.47,0.00,0.00,0.00,0.00,2023-01-31,2023-02-06,2
20230124,34001,Atlantic County,NJ,65.53,34.47,0.00,0.00,0.00,0.00,2023-01-24,2023-01-30,2
20230117,34001,Atlantic County,NJ,65.53,34.47,0.00,0.00,0.00,0.00,2023-01-17,2023-01-23,2
20230110,34001,Atlantic County,NJ,99.73,0.27,0.00,0.00,0.00,0.00,2023-01-10,2023-01-16,2
20230103,34001,Atlantic County,NJ,99.73,0.27,0.00,0.00,0.00,0.00,2023-01-03,2023-01-09,2
20221227,34001,Atlantic County,NJ,99.73,0.27,0.00,0.00,0.00,0.00,2022-12-27,2023-01-02,2
20221220,34001,Atlantic County,NJ,99.73,0.27,0.00,0.00,0.00,0.00,2022-12-20,2022-12-26,2
20221213,34001,Atlantic County,NJ,97.48,2.52,0.00,0.00,0.00,0.00,2022-12-13,2022-12-19,2
20221206,34001,Atlantic County,NJ,97.48,2.52,0.00,0.00,0.00,0.00,2022-12-06,2022-12-12,2
20221129,34001,Atlantic County,NJ,97.48,2.52,0.00,0.00,0.00,0.00,2022-11-29,2022-12-05,2
20221122,34001,Atlantic County,NJ,97.48,2.52,0.00,0.00,0.00,0.00,2022-11-22,2022-11-28,2
20221115,34001,Atlantic County,NJ,85.73,14.27,0.00,0.00,0.00,0.00,2022-11-15,2022-11-21,2
20221108,34001,Atlantic County,NJ,85.73,14.27,0.00,0.00,0.00,0.00,2022-11-08,2022-11-14,2
20221101,34001,Atlantic County,NJ,100.00,0.00,0.00,0.00,0.00,0.00,2022-11-01,2022-11-07,2
20221025,34001,Atlantic County,NJ,100.00,0.00,0.00,0.00,0.00,0.00,2022-10-25,2022-10-31,2
20221018,34001,Atlantic County,NJ,99.13,0.87,0.00,0.00,0.00,0.00,2022-10-18,2022-10-24,2
20221011,34001,Atlantic County,NJ,99.13,0.87,0.00,0.00,0.00,0.00,2022-10-11,2022-10-17,2
20221004,34001,Atlantic County,NJ,32.53,67.47,0.00,0.00,0.00,0.00,2022-10-04,2022-10-10,2
20220927,34001,Atlantic County,NJ,0.00,32.47,67.53,0.00,0.00,0.00,2022-09-27,2022-10-03,2
20220920,34001,Atlantic County,NJ,0.00,39.43,60.57,0.00,0.00,0.00,2022-09-20,2022-09-26,2
20220913,34001,Atlantic County,NJ,0.00,39.43,60.57,0.00,0.00,0.00,2022-09-13,2022-09-19,2
20220906,34001,Atlantic County,NJ,0.00,14.43,63.06,22.51,0.00,0.00,2022-09-06,2022-09-12,2
20220830,34001,Atlantic County,NJ,0.00,15.57,61.92,22.51,0.00,0.00,2022-08-30,2022-09-05,2
20220823,34001,Atlantic County,NJ,7.87,49.24,42.89,0.00,0.00,0.00,2022-08-23,2022-08-29,2
20220816,34001,Atlantic County,NJ,7.87,82.78,9.36,0.00,0.00,0.00,2022-08-16,2022-08-22,2
20220809,34001,Atlantic County,NJ,10.15,89.85,0.00,0.00,0.00,0.00,2022-08-09,2022-08-15,2
20220802,34001,Atlantic County,NJ,10.15,89.85,0.00,0.00,0.00,0.00,2022-08-02,2022-08-08,2
20220726,34001,Atlantic County,NJ,1.57,98.43,0.00,0.00,0.00,0.00,2022-07-26,2022-08-01,2
20220719,34001,Atlantic County,NJ,1.57,98.43,0.00,0.00,0.00,0.00,2022-07-19,2022-07-25,2
20220712,34001,Atlantic County,NJ,1.57,98.43,0.00,0.00,0.00,0.00,2022-07-12,2022-07-18,2
20220705,34001,Atlantic County,NJ,0.00,100.00,0.00,0.00,0.00,0.00,2022-07-05,2022-07-11,2
20220628,34001,Atlantic County,NJ,0.00,100.00,0.00,0.00,0.00,0.00,2022-06-28,2022-07-04,2
20220621,34001,Atlantic County,NJ,89.68,10.32,0.00,0.00,0.00,0.00,2022-06-21,2022-06-27,2
20220614,34001,Atlantic County,NJ,89.68,10.32,0.00,0.00,0.00,0.00,2022-06-14,2022-06-20,2
20220607,34001,Atlantic County,NJ,89.68,10.32,0.00,0.00,0.00,0.00,2022-06-07,2022-06-13,2
20220531,34001,Atlantic County,NJ,89.68,10.32,0.00,0.00,0.00,0.00,2022-05-31,2022-06-06,2
20220524,34001,Atlantic County,NJ,89.68,10.32,0.00,0.00,0.00,0.00,2022-05-24,2022-05-30,2
20220517,34001,Atlantic County,NJ,89.68,10.32,0.00,0.00,0.00,0.00,2022-05-17,2022-05-23,2
20220510,34001,Atlantic County,NJ,89.68,10.32,0.00,0.00,0.00,0.00,2022-05-10,2022-05-16,2
20220503,34001,Atlantic County,NJ,42.55,57.45,0.00,0.00,0.00,0.00,2022-05-03,2022-05-09,2
20220426,34001,Atlantic County,NJ,42.55,57.45,0.00,0.00,0.00,0.00,2022-04-26,2022-05-02,2
20220419,34001,Atlantic County,NJ,42.55,57.45,0.00,0.00,0.00,0.00,2022-04-19,2022-04-25,2
20220412,34001,Atlantic County,NJ,20.29,52.39,27.32,0.00,0.00,0.00,2022-04-12,2022-04-18,2
20220405,34001,Atlantic County,NJ,0.00,23.45,76.55,0.00,0.00,0.00,2022-04-05,2022-04-11,2
20220329,34001,Atlantic County,NJ,0.00,23.45,76.55,0.00,0.00,0.00,2022-03-29,2022-04-04,2
20220322,34001,Atlantic County,NJ,0.00,23.45,76.55,0.00,0.00,0.00,2022-03-22,2022-03-28,2
20220315,34001,Atlantic County,NJ,0.00,23.45,76.55,0.00,0.00,0.00,2022-03-15,2022-03-21,2
20220308,34001,Atlantic County,NJ,0.00,23.45,76.55,0.00,0.00,0.00,2022-03-08,2022-03-14,2
20220301,34001,Atlantic County,NJ,8.05,91.95,0.00,0.00,0.00,0.00,2022-03-01,2022-03-07,2
20220222,34001,Atlantic County,NJ,8.05,91.95,0.00,0.00,0.00,0.00,2022-02-22,2022-02-28,2
20220215,34001,Atlantic County,NJ,8.05,91.95,0.00,0.00,0.00,0.00,2022-02-15,2022-02-21,2
20220208,34001,Atlantic County,NJ,8.05,91.95,0.00,0.00,0.00,0.00,2022-02-08,2022-02-14,2
20220201,34001,Atlantic County,NJ,8.05,91.95,0.00,0.00,0.00,0.00,2022-02-01,2022-02-07,2
20220125,34001,Atlantic County,NJ,8.05,91.95,0.00,0.00,0.00,0.00,2022-01-25,2022-01-31,2
20220118,34001,Atlantic County,NJ,7.38,92.62,0.00,0.00,0.00,0.00,2022-01-18,2022-01-24,2
20220111,34001,Atlantic County,NJ,7.95,92.05,0.00,0.00,0.00,0.00,2022-01-11,2022-01-17,2
20220104,34001,Atlantic County,NJ,9.14,90.86,0.00,0.00,0.00,0.00,2022-01-04,2022-01-10,2
20211228,34001,Atlantic County,NJ,9.14,90.86,0.00,0.00,0.00,0.00,2021-12-28,2022-01-03,2
20211221,34001,Atlantic County,NJ,9.14,90.86,0.00,0.00,0.00,0.00,2021-12-21,2021-12-27,2
20211214,34001,Atlantic County,NJ,66.92,33.08,0.00,0.00,0.00,0.00,2021-12-14,2021-12-20,2
20211207,34001,Atlantic County,NJ,100.00,0.00,0.00,0.00,0.00,0.00,2021-12-07,2021-12-13,2
20211130,34001,Atlantic County,NJ,100.00,0.00,0.00,0.00,0.00,0.00,2021-11-30,2021-12-06,2
20211123,34001,Atlantic County,NJ,100.00,0.00,0.00,0.00,0.00,0.00,2021-11-23,2021-11-29,2
20211116,34001,Atlantic County,NJ,100.00,0.00,0.00,0.00,0.00,0.00,2021-11-16,2021-11-22,2
20211109,34001,Atlantic County,NJ,100.00,0.00,0.00,0.00,0.00,0.00,2021-11-09,2021-11-15,2
20211102,34001,Atlantic County,NJ,100.00,0.00,0.00,0.00,0.00,0.00,2021-11-02,2021-11-08,2
20211026,34001,Atlantic County,NJ,100.00,0.00,0.00,0.00,0.00,0.00,2021-10-26,2021-11-01,2
20211019,34001,Atlantic County,NJ,100.00,0.00,0.00,0.00,0.00,0.00,2021-10-19,2021-10-25,2
20211012,34001,Atlantic County,NJ,100.00,0.00,0.00,0.00,0.00,0.00,2021-10-12,2021-10-18,2
20211005,34001,Atlantic County,NJ,100.00,0.00,0.00,0.00,0.00,0.00,2021-10-05,2021-10-11,2
20210928,34001,Atlantic County,NJ,100.00,0.00,0.00,0.00,0.00,0.00,2021-09-28,2021-10-04,2
20210921,34001,Atlantic County,NJ,100.00,0.00,0.00,0.00,0.00,0.00,2021-09-21,2021-09-27,2
20210914,34001,Atlantic County,NJ,100.00,0.00,0.00,0.00,0.00,0.00,2021-09-14,2021-09-20,2
20210907,34001,Atlantic County,NJ,100.00,0.00,0.00,0.00,0.00,0.00,2021-09-07,2021-09-13,2
20210831,34001,Atlantic County,NJ,100.00,0.00,0.00,0.00,0.00,0.00,2021-08-31,2021-09-06,2
20210824,34001,Atlantic County,NJ,100.00,0.00,0.00,0.00,0.00,0.00,2021-08-24,2021-08-30,2
20210817,34001,Atlantic County,NJ,100.00,0.00,0.00,0.00,0.00,0.00,2021-08-17,2021-08-23,2
20210810,34001,Atlantic County,NJ,100.00,0.00,0.00,0.00,0.00,0.00,2021-08-10,2021-08-16,2
20210803,34001,Atlantic County,NJ,100.00,0.00,0.00,0.00,0.00,0.00,2021-08-03,2021-08-09,2
20210727,34001,Atlantic County,NJ,100.00,0.00,0.00,0.00,0.00,0.00,2021-07-27,2021-08-02,2
20210720,34001,Atlantic County,NJ,100.00,0.00,0.00,0.00,0.00,0.00,2021-07-20,2021-07-26,2
20210713,34001,Atlantic County,NJ,100.00,0.00,0.00,0.00,0.00,0.00,2021-07-13,2021-07-19,2
20210706,34001,Atlantic County,NJ,100.00,0.00,0.00,0.00,0.00,0.00,2021-07-06,2021-07-12,2
20210629,34001,Atlantic County,NJ,100.00,0.00,0.00,0.00,0.00,0.00,2021-06-29,2021-07-05,2
20210622,34001,Atlantic County,NJ,100.00,0.00,0.00,0.00,0.00,0.00,2021-06-22,2021-06-28,2
20210615,34001,Atlantic County,NJ,100.00,0.00,0.00,0.00,0.00,0.00,2021-06-15,2021-06-21,2
20210608,34001,Atlantic County,NJ,79.28,20.72,0.00,0.00,0.00,0.00,2021-06-08,2021-06-14,2
20210601,34001,Atlantic County,NJ,13.49,86.51,0.00,0.00,0.00,0.00,2021-06-01,2021-06-07,2
20210525,34001,Atlantic County,NJ,0.00,100.00,0.00,0.00,0.00,0.00,2021-05-25,2021-05-31,2
20210518,34001,Atlantic County,NJ,100.00,0.00,0.00,0.00,0.00,0.00,2021-05-18,2021-05-24,2
20210511,34001,Atlantic County,NJ,100.00,0.00,0.00,0.00,0.00,0.00,2021-05-11,2021-05-17,2
20210504,34001,Atlantic County,NJ,100.00,0.00,0.00,0.00,0.00,0.00,2021-05-04,2021-05-10,2
20210427,34001,Atlantic County,NJ,100.00,0.00,0.00,0.00,0.00,0.00,2021-04-27,2021-05-03,2
20210420,34001,Atlantic County,NJ,100.00,0.00,0.00,0.00,0.00,0.00,2021-04-20,2021-04-26,2
20210413,34001,Atlantic County,NJ,100.00,0.00,0.00,0.00,0.00,0.00,2021-04-13,2021-04-19,2
20210406,34001,Atlantic County,NJ,100.00,0.00,0.00,0.00,0.00,0.00,2021-04-06,2021-04-12,2
20210330,34001,Atlantic County,NJ,100.00,0.00,0.00,0.00,0.00,0.00,2021-03-30,2021-04-05,2
20210323,34001,Atlantic County,NJ,100.00,0.00,0.00,0.00,0.00,0.00,2021-03-23,2021-03-29,2
20210316,34001,Atlantic County,NJ,100.00,0.00,0.00,0.00,0.00,0.00,2021-03-16,2021-03-22,2
20210309,34001,Atlantic County,NJ,100.00,0.00,0.00,0.00,0.00,0.00,2021-03-09,2021-03-15,2
20210302,34001,Atlantic County,NJ,100.00,0.00,0.00,0.00,0.00,0.00,2021-03-02,2021-03-08,2
20210223,34001,Atlantic County,NJ,100.00,0.00,0.00,0.00,0.00,0.00,2021-02-23,2021-03-01,2
20210216,34001,Atlantic County,NJ,100.00,0.00,0.00,0.00,0.00,0.00,2021-02-16,2021-02-22,2
20210209,34001,Atlantic County,NJ,100.00,0.00,0.00,0.00,0.00,0.00,2021-02-09,2021-02-15,2
20210202,34001,Atlantic County,NJ,100.00,0.00,0.00,0.00,0.00,0.00,2021-02-02,2021-02-08,2
20210126,34001,Atlantic County,NJ,100.00,0.00,0.00,0.00,0.00,0.00,2021-01-26,2021-02-01,2
20210119,34001,Atlantic County,NJ,100.00,0.00,0.00,0.00,0.00,0.00,2021-01-19,2021-01-25,2
20210112,34001,Atlantic County,NJ,100.00,0.00,0.00,0.00,0.00,0.00,2021-01-12,2021-01-18,2
20210105,34001,Atlantic County,NJ,100.00,0.00,0.00,0.00,0.00,0.00,2021-01-05,2021-01-11,2
20201229,34001,Atlantic County,NJ,100.00,0.00,0.00,0.00,0.00,0.00,2020-12-29,2021-01-04,2
20201222,34001,Atlantic County,NJ,100.00,0.00,0.00,0.00,0.00,0.00,2020-12-22,2020-12-28,2
20201215,34001,Atlantic County,NJ,100.00,0.00,0.00,0.00,0.00,0.00,2020-12-15,2020-12-21,2
20201208,34001,Atlantic County,NJ,100.00,0.00,0.00,0.00,0.00,0.00,2020-12-08,2020-12-14,2
20201201,34001,Atlantic County,NJ,100.00,0.00,0.00,0.00,0.00,0.00,2020-12-01,2020-12-07,2
20201124,34001,Atlantic County,NJ,100.00,0.00,0.00,0.00,0.00,0.00,2020-11-24,2020-11-30,2
20251118,34003,Bergen County,NJ,0.00,96.40,3.60,0.00,0.00,0.00,2025-11-18,2025-11-24,2
20251111,34003,Bergen County,NJ,0.00,96.40,3.60,0.00,0.00,0.00,2025-11-11,2025-11-17,2
20251104,34003,Bergen County,NJ,0.00,96.40,3.60,0.00,0.00,0.00,2025-11-04,2025-11-10,2
20251028,34003,Bergen County,NJ,0.00,0.00,100.00,0.00,0.00,0.00,2025-10-28,2025-11-03,2
20251021,34003,Bergen County,NJ,0.00,0.00,100.00,0.00,0.00,0.00,2025-10-21,2025-10-27,2
20251014,34003,Bergen County,NJ,0.00,0.00,100.00,0.00,0.00,0.00,2025-10-14,2025-10-20,2
20251007,34003,Bergen County,NJ,0.00,0.00,56.42,43.58,0.00,0.00,2025-10-07,2025-10-13,2
20250930,34003,Bergen County,NJ,0.00,29.87,70.13,0.00,0.00,0.00,2025-09-30,2025-10-06,2
20250923,34003,Bergen County,NJ,0.00,29.87,70.13,0.00,0.00,0.00,2025-09-23,2025-09-29,2
20250916,34003,Bergen County,NJ,0.00,29.87,70.13,0.00,0.00,0.00,2025-09-16,2025-09-22,2
20250909,34003,Bergen County,NJ,0.00,29.87,70.13,0.00,0.00,0.00,2025-09-09,2025-09-15,2
20250902,34003,Bergen County,NJ,0.00,29.87,70.13,0.00,0.00,0.00,2025-09-02,2025-09-08,2
20250826,34003,Bergen County,NJ,1.18,56.79,42.03,0.00,0.00,0.00,2025-08-26,2025-09-01,2
20250819,34003,Bergen County,NJ,1.18,41.95,56.87,0.00,0.00,0.00,2025-08-19,2025-08-25,2
20250812,34003,Bergen County,NJ,1.18,98.82,0.00,0.00,0.00,0.00,2025-08-12,2025-08-18,2
20250805,34003,Bergen County,NJ,100.00,0.00,0.00,0.00,0.00,0.00,2025-08-05,2025-08-11,2
20250729,34003,Bergen County,NJ,100.00,0.00,0.00,0.00,0.00,0.00,2025-07-29,2025-08-04,2
20250722,34003,Bergen County,NJ,100.00,0.00,0.00,0.00,0.00,0.00,2025-07-22,2025-07-28,2
20250715,34003,Bergen County,NJ,100.00,0.00,0.00,0.00,0.00,0.00,2025-07-15,2025-07-21,2
20250708,34003,Bergen County,NJ,100.00,0.00,0.00,0.00,0.00,0.00,2025-07-08,2025-07-14,2
20250701,34003,Bergen County,NJ,100.00,0.00,0.00,0.00,0.00,0.00,2025-07-01,2025-07-07,2
20250624,34003,Bergen County,NJ,100.00,0.00,0.00,0.00,0.00,0.00,2025-06-24,2025-06-30,2
20250617,34003,Bergen County,NJ,100.00,0.00,0.00,0.00,0.00,0.00,2025-06-17,2025-06-23,2
20250610,34003,Bergen County,NJ,100.00,0.00,0.00,0.00,0.00,0.00,2025-06-10,2025-06-16,2
20250603,34003,Bergen County,NJ,100.00,0.00,0.00,0.00,0.00,0.00,2025-06-03,2025-06-09,2
20250527,34003,Bergen County,NJ,100.00,0.00,0.00,0.00,0.00,0.00,2025-05-27,2025-06-02,2
20250520,34003,Bergen County,NJ,94.16,5.84,0.00,0.00,0.00,0.00,2025-05-20,2025-05-26,2
20250513,34003,Bergen County,NJ,0.00,100.00,0.00,0.00,0.00,0.00,2025-05-13,2025-05-19,2
20250506,34003,Bergen County,NJ,0.00,39.61,60.39,0.00,0.00,0.00,2025-05-06,2025-05-12,2
20250429,34003,Bergen County,NJ,0.00,39.61,60.39,0.00,0.00,0.00,2025-04-29,2025-05-05,2
20250422,34003,Bergen County,NJ,0.00,39.61,60.39,0.00,0.00,0.00,2025-04-22,2025-04-28,2
20250415,34003,Bergen County,NJ,0.00,39.61,60.39,0.00,0.00,0.00,2025-04-15,2025-04-21,2
20250408,34003,Bergen County,NJ,0.00,27.86,72.14,0.00,0.00,0.00,2025-04-08,2025-04-14,2
20250401,34003,Bergen County,NJ,0.00,0.00,100.00,0.00,0.00,0.00,2025-04-01,2025-04-07,2
20250325,34003,Bergen County,NJ,0.00,0.00,100.00,0.00,0.00,0.00,2025-03-25,2025-03-31,2
20250318,34003,Bergen County,NJ,0.00,0.00,100.00,0.00,0.00,0.00,2025-03-18,2025-03-24,2
20250311,34003,Bergen County,NJ,0.00,0.00,100.00,0.00,0.00,0.00,2025-03-11,2025-03-17,2
20250304,34003,Bergen County,NJ,0.00,0.00,70.47,29.53,0.00,0.00,2025-03-04,2025-03-10,2
20250225,34003,Bergen County,NJ,0.00,0.00,95.44,4.56,0.00,0.00,2025-02-25,2025-03-03,2
20250218,34003,Bergen County,NJ,0.00,0.00,95.44,4.56,0.00,0.00,2025-02-18,2025-02-24,2
20250211,34003,Bergen County,NJ,0.00,0.00,95.44,4.56,0.00,0.00,2025-02-11,2025-02-17,2
20250204,34003,Bergen County,NJ,0.00,0.00,0.49,99.51,0.00,0.00,2025-02-04,2025-02-10,2
20250128,34003,Bergen County,NJ,0.00,0.00,96.02,3.98,0.00,0.00,2025-01-28,2025-02-03,2
20250121,34003,Bergen County,NJ,0.00,0.00,96.02,3.98,0.00,0.00,2025-01-21,2025-01-27,2
20250114,34003,Bergen County,NJ,0.00,0.00,96.02,3.98,0.00,0.00,2025-01-14,2025-01-20,2
20250107,34003,Bergen County,NJ,0.00,0.00,96.02,3.98,0.00,0.00,2025-01-07,2025-01-13,2
20241231,34003,Bergen County,NJ,0.00,0.00,96.02,3.98,0.00,0.00,2024-12-31,2025-01-06,2
20241224,34003,Bergen County,NJ,0.00,0.00,37.50,62.50,0.00,0.00,2024-12-24,2024-12-30,2
20241217,34003,Bergen County,NJ,0.00,0.00,2.11,97.89,0.00,0.00,2024-12-17,2024-12-23,2
20241210,34003,Bergen County,NJ,0.00,0.00,0.00,100.00,0.00,0.00,2024-12-10,2024-12-16,2
20241203,34003,Bergen County,NJ,0.00,0.00,0.00,100.00,0.00,0.00,2024-12-03,2024-12-09,2
20241126,34003,Bergen County,NJ,0.00,0.00,0.00,100.00,0.00,0.00,2024-11-26,2024-12-02,2
20241119,34003,Bergen County,NJ,0.00,0.00,0.00,100.00,0.00,0.00,2024-11-19,2024-11-25,2
20241112,34003,Bergen County,NJ,0.00,0.00,0.00,100.00,0.00,0.00,2024-11-12,2024-11-18,2
20241105,34003,Bergen County,NJ,0.00,0.00,100.00,0.00,0.00,0.00,2024-11-05,2024-11-11,2
20241029,34003,Bergen County,NJ,0.00,0.00,100.00,0.00,0.00,0.00,2024-10-29,2024-11-04,2
20241022,34003,Bergen County,NJ,0.00,100.00,0.00,0.00,0.00,0.00,2024-10-22,2024-10-28,2
20241015,34003,Bergen County,NJ,0.00,100.00,0.00,0.00,0.00,0.00,2024-10-15,2024-10-21,2
20241008,34003,Bergen County,NJ,92.97,7.03,0.00,0.00,0.00,0.00,2024-10-08,2024-10-14,2
20241001,34003,Bergen County,NJ,100.00,0.00,0.00,0.00,0.00,0.00,2024-10-01,2024-10-07,2
20240924,34003,Bergen County,NJ,100.00,0.00,0.00,0.00,0.00,0.00,2024-09-24,2024-09-30,2
20240917,34003,Bergen County,NJ,100.00,0.00,0.00,0.00,0.00,0.00,2024-09-17,2024-09-23,2
20240910,34003,Bergen County,NJ,100.00,0.00,0.00,0.00,0.00,0.00,2024-09-10,2024-09-16,2
20240903,34003,Bergen County,NJ,100.00,0.00,0.00,0.00,0.00,0.00,2024-09-03,2024-09-09,2
20240827,34003,Bergen County,NJ,100.00,0.00,0.00,0.00,0.00,0.00,2024-08-27,2024-09-02,2
20240820,34003,Bergen County,NJ,100.00,0.00,0.00,0.00,0.00,0.00,2024-08-20,2024-08-26,2
20240813,34003,Bergen County,NJ,84.65,15.35,0.00,0.00,0.00,0.00,2024-08-13,2024-08-19,2
20240806,34003,Bergen County,NJ,6.72,77.79,15.49,0.00,0.00,0.00,2024-08-06,2024-08-12,2
20240730,34003,Bergen County,NJ,0.00,84.51,15.49,0.00,0.00,0.00,2024-07-30,2024-08-05,2
20240723,34003,Bergen County,NJ,0.00,84.51,15.49,0.00,0.00,0.00,2024-07-23,2024-07-29,2
20240716,34003,Bergen County,NJ,0.00,84.51,15.49,0.00,0.00,0.00,2024-07-16,2024-07-22,2
20240709,34003,Bergen County,NJ,0.00,100.00,0.00,0.00,0.00,0.00,2024-07-09,2024-07-15,2
20240702,34003,Bergen County,NJ,11.59,88.41,0.00,0.00,0.00,0.00,2024-07-02,2024-07-08,2
20240625,34003,Bergen County,NJ,0.00,100.00,0.00,0.00,0.00,0.00,2024-06-25,2024-07-01,2
20240618,34003,Bergen County,NJ,99.99,0.01,0.00,0.00,0.00,0.00,2024-06-18,2024-06-24,2
20240611,34003,Bergen County,NJ,100.00,0.00,0.00,0.00,0.00,0.00,2024-06-11,2024-06-17,2
20240604,34003,Bergen County,NJ,100.00,0.00,0.00,0.00,0.00,0.00,2024-06-04,2024-06-10,2
20240528,34003,Bergen County,NJ,100.00,0.00,0.00,0.00,0.00,0.00,2024-05-28,2024-06-03,2
20240521,34003,Bergen County,NJ,100.00,0.00,0.00,0.00,0.00,0.00,2024-05-21,2024-05-27,2
20240514,34003,Bergen County,NJ,100.00,0.00,0.00,0.00,0.00,0.00,2024-05-14,2024-05-20,2
20240507,34003,Bergen County,NJ,100.00,0.00,0.00,0.00,0.00,0.00,2024-05-07,2024-05-13,2
20240430,34003,Bergen County,NJ,100.00,0.00,0.00,0.00,0.00,0.00,2024-04-30,2024-05-06,2
20240423,34003,Bergen County,NJ,100.00,0.00,0.00,0.00,0.00,0.00,2024-04-23,2024-04-29,2
20240416,34003,Bergen County,NJ,100.00,0.00,0.00,0.00,0.00,0.00,2024-04-16,2024-04-22,2
20240409,34003,Bergen County,NJ,100.00,0.00,0.00,0.00,0.00,0.00,2024-04-09,2024-04-15,2
20240402,34003,Bergen County,NJ,100.00,0.00,0.00,0.00,0.00,0.00,2024-04-02,2024-04-08,2
20240326,34003,Bergen County,NJ,100.00,0.00,0.00,0.00,0.00,0.00,2024-03-26,2024-04-01,2
20240319,34003,Bergen County,NJ,100.00,0.00,0.00,0.00,0.00,0.00,2024-03-19,2024-03-25,2
20240312,34003,Bergen County,NJ,100.00,0.00,0.00,0.00,0.00,0.00,2024-03-12,2024-03-18,2
20240305,34003,Bergen County,NJ,100.00,0.00,0.00,0.00,0.00,0.00,2024-03-05,2024-03-11,2
20240227,34003,Bergen County,NJ,100.00,0.00,0.00,0.00,0.00,0.00,2024-02-27,2024-03-04,2
20240220,34003,Bergen County,NJ,100.00,0.00,0.00,0.00,0.00,0.00,2024-02-20,2024-02-26,2
20240213,34003,Bergen County,NJ,100.00,0.00,0.00,0.00,0.00,0.00,2024-02-13,2024-02-19,2
20240206,34003,Bergen County,NJ,100.00,0.00,0.00,0.00,0.00,0.00,2024-02-06,2024-02-12,2
20240130,34003,Bergen County,NJ,100.00,0.00,0.00,0.00,0.00,0.00,2024-01-30,2024-02-05,2
20240123,34003,Bergen County,NJ,100.00,0.00,0.00,0.00,0.00,0.00,2024-01-23,2024-01-29,2
20240116,34003,Bergen County,NJ,100.00,0.00,0.00,0.00,0.00,0.00,2024-01-16,2024-01-22,2
20240109,34003,Bergen County,NJ,100.00,0.00,0.00,0.00,0.00,0.00,2024-01-09,2024-01-15,2
20240102,34003,Bergen County,NJ,100.00,0.00,0.00,0.00,0.00,0.00,2024-01-02,2024-01-08,2
20231226,34003,Bergen County,NJ,100.00,0.00,0.00,0.00,0.00,0.00,2023-12-26,2024-01-01,2
20231219,34003,Bergen County,NJ,100.00,0.00,0.00,0.00,0.00,0.00,2023-12-19,2023-12-25,2
20231212,34003,Bergen County,NJ,100.00,0.00,0.00,0.00,0.00,0.00,2023-12-12,2023-12-18,2
20231205,34003,Bergen County,NJ,99.89,0.11,0.00,0.00,0.00,0.00,2023-12-05,2023-12-11,2
20231128,34003,Bergen County,NJ,99.89,0.11,0.00,0.00,0.00,0.00,2023-11-28,2023-12-04,2
20231121,34003,Bergen County,NJ,99.65,0.35,0.00,0.00,0.00,0.00,2023-11-21,2023-11-27,2
20231114,34003,Bergen County,NJ,100.00,0.00,0.00,0.00,0.00,0.00,2023-11-14,2023-11-20,2
20231107,34003,Bergen County,NJ,100.00,0.00,0.00,0.00,0.00,0.00,2023-11-07,2023-11-13,2
20231031,34003,Bergen County,NJ,100.00,0.00,0.00,0.00,0.00,0.00,2023-10-31,2023-11-06,2
20231024,34003,Bergen County,NJ,100.00,0.00,0.00,0.00,0.00,0.00,2023-10-24,2023-10-30,2
20231017,34003,Bergen County,NJ,100.00,0.00,0.00,0.00,0.00,0.00,2023-10-17,2023-10-23,2
20231010,34003,Bergen County,NJ,100.00,0.00,0.00,0.00,0.00,0.00,2023-10-10,2023-10-16,2
20231003,34003,Bergen County,NJ,100.00,0.00,0.00,0.00,0.00,0.00,2023-10-03,2023-10-09,2
20230926,34003,Bergen County,NJ,100.00,0.00,0.00,0.00,0.00,0.00,2023-09-26,2023-10-02,2
20230919,34003,Bergen County,NJ,100.00,0.00,0.00,0.00,0.00,0.00,2023-09-19,2023-09-25,2
20230912,34003,Bergen County,NJ,100.00,0.00,0.00,0.00,0.00,0.00,2023-09-12,2023-09-18,2
20230905,34003,Bergen County,NJ,100.00,0.00,0.00,0.00,0.00,0.00,2023-09-05,2023-09-11,2
20230829,34003,Bergen County,NJ,100.00,0.00,0.00,0.00,0.00,0.00,2023-08-29,2023-09-04,2
20230822,34003,Bergen County,NJ,100.00,0.00,0.00,0.00,0.00,0.00,2023-08-22,2023-08-28,2
20230815,34003,Bergen County,NJ,100.00,0.00,0.00,0.00,0.00,0.00,2023-08-15,2023-08-21,2
20230808,34003,Bergen County,NJ,100.00,0.00,0.00,0.00,0.00,0.00,2023-08-08,2023-08-14,2
20230801,34003,Bergen County,NJ,100.00,0.00,0.00,0.00,0.00,0.00,2023-08-01,2023-08-07,2
20230725,34003,Bergen County,NJ,100.00,0.00,0.00,0.00,0.00,0.00,2023-07-25,2023-07-31,2
20230718,34003,Bergen County,NJ,89.66,10.34,0.00,0.00,0.00,0.00,2023-07-18,2023-07-24,2
20230711,34003,Bergen County,NJ,71.08,28.92,0.00,0.00,0.00,0.00,2023-07-11,2023-07-17,2
20230704,34003,Bergen County,NJ,0.00,73.86,26.14,0.00,0.00,0.00,2023-07-04,2023-07-10,2
20230627,34003,Bergen County,NJ,0.00,58.00,42.00,0.00,0.00,0.00,2023-06-27,2023-07-03,2
20230620,34003,Bergen County,NJ,0.00,57.53,42.47,0.00,0.00,0.00,2023-06-20,2023-06-26,2
20230613,34003,Bergen County,NJ,0.00,100.00,0.00,0.00,0.00,0.00,2023-06-13,2023-06-19,2
20230606,34003,Bergen County,NJ,74.22,25.78,0.00,0.00,0.00,0.00,2023-06-06,2023-06-12,2
20230530,34003,Bergen County,NJ,100.00,0.00,0.00,0.00,0.00,0.00,2023-05-30,2023-06-05,2
20230523,34003,Bergen County,NJ,100.00,0.00,0.00,0.00,0.00,0.00,2023-05-23,2023-05-29,2
20230516,34003,Bergen County,NJ,100.00,0.00,0.00,0.00,0.00,0.00,2023-05-16,2023-05-22,2
20230509,34003,Bergen County,NJ,100.00,0.00,0.00,0.00,0.00,0.00,2023-05-09,2023-05-15,2
20230502,34003,Bergen County,NJ,100.00,0.00,0.00,0.00,0.00,0.00,2023-05-02,2023-05-08,2
20230425,34003,Bergen County,NJ,0.00,6.65,93.35,0.00,0.00,0.00,2023-04-25,2023-05-01,2
20230418,34003,Bergen County,NJ,0.00,6.65,93.35,0.00,0.00,0.00,2023-04-18,2023-04-24,2
20230411,34003,Bergen County,NJ,0.00,100.00,0.00,0.00,0.00,0.00,2023-04-11,2023-04-17,2
20230404,34003,Bergen County,NJ,84.66,15.34,0.00,0.00,0.00,0.00,2023-04-04,2023-04-10,2
20230328,34003,Bergen County,NJ,100.00,0.00,0.00,0.00,0.00,0.00,2023-03-28,2023-04-03,2
20230321,34003,Bergen County,NJ,100.00,0.00,0.00,0.00,0.00,0.00,2023-03-21,2023-03-27,2
20230314,34003,Bergen County,NJ,100.00,0.00,0.00,0.00,0.00,0.00,2023-03-14,2023-03-20,2
20230307,34003,Bergen County,NJ,100.00,0.00,0.00,0.00,0.00,0.00,2023-03-07,2023-03-13,2
20230228,34003,Bergen County,NJ,100.00,0.00,0.00,0.00,0.00,0.00,2023-02-28,2023-03-06,2
20230221,34003,Bergen County,NJ,100.00,0.00,0.00,0.00,0.00,0.00,2023-02-21,2023-02-27,2
20230214,34003,Bergen County,NJ,100.00,0.00,0.00,0.00,0.00,0.00,2023-02-14,2023-02-20,2
20230207,34003,Bergen County,NJ,100.00,0.00,0.00,0.00,0.00,0.00,2023-02-07,2023-02-13,2
20230131,34003,Bergen County,NJ,100.00,0.00,0.00,0.00,0.00,0.00,2023-01-31,2023-02-06,2
20230124,34003,Bergen County,NJ,78.82,21.18,0.00,0.00,0.00,0.00,2023-01-24,2023-01-30,2
20230117,34003,Bergen County,NJ,78.82,21.18,0.00,0.00,0.00,0.00,2023-01-17,2023-01-23,2
20230110,34003,Bergen County,NJ,77.78,22.22,0.00,0.00,0.00,0.00,2023-01-10,2023-01-16,2
20230103,34003,Bergen County,NJ,77.78,22.22,0.00,0.00,0.00,0.00,2023-01-03,2023-01-09,2
20221227,34003,Bergen County,NJ,77.78,22.22,0.00,0.00,0.00,0.00,2022-12-27,2023-01-02,2
20221220,34003,Bergen County,NJ,44.34,40.32,15.33,0.00,0.00,0.00,2022-12-20,2022-12-26,2
20221213,34003,Bergen County,NJ,0.00,69.98,30.02,0.00,0.00,0.00,2022-12-13,2022-12-19,2
20221206,34003,Bergen County,NJ,0.00,69.98,30.02,0.00,0.00,0.00,2022-12-06,2022-12-12,2
20221129,34003,Bergen County,NJ,0.00,69.98,30.02,0.00,0.00,0.00,2022-11-29,2022-12-05,2
20221122,34003,Bergen County,NJ,0.00,69.98,30.02,0.00,0.00,0.00,2022-11-22,2022-11-28,2
20221115,34003,Bergen County,NJ,0.00,69.98,30.02,0.00,0.00,0.00,2022-11-15,2022-11-21,2
20221108,34003,Bergen County,NJ,0.00,63.75,36.25,0.00,0.00,0.00,2022-11-08,2022-11-14,2
20221101,34003,Bergen County,NJ,0.00,63.75,36.25,0.00,0.00,0.00,2022-11-01,2022-11-07,2
20221025,34003,Bergen County,NJ,0.00,63.75,36.25,0.00,0.00,0.00,2022-10-25,2022-10-31,2
20221018,34003,Bergen County,NJ,0.00,56.94,43.06,0.00,0.00,0.00,2022-10-18,2022-10-24,2
20221011,34003,Bergen County,NJ,0.00,0.00,100.00,0.00,0.00,0.00,2022-10-11,2022-10-17,2
20221004,34003,Bergen County,NJ,0.00,0.00,100.00,0.00,0.00,0.00,2022-10-04,2022-10-10,2
20220927,34003,Bergen County,NJ,0.00,0.00,100.00,0.00,0.00,0.00,2022-09-27,2022-10-03,2
20220920,34003,Bergen County,NJ,0.00,0.00,100.00,0.00,0.00,0.00,2022-09-20,2022-09-26,2
20220913,34003,Bergen County,NJ,0.00,0.00,100.00,0.00,0.00,0.00,2022-09-13,2022-09-19,2
20220906,34003,Bergen County,NJ,0.00,0.00,61.82,38.18,0.00,0.00,2022-09-06,2022-09-12,2
20220830,34003,Bergen County,NJ,0.00,0.00,60.88,39.12,0.00,0.00,2022-08-30,2022-09-05,2
20220823,34003,Bergen County,NJ,0.00,0.00,100.00,0.00,0.00,0.00,2022-08-23,2022-08-29,2
20220816,34003,Bergen County,NJ,0.00,91.09,8.91,0.00,0.00,0.00,2022-08-16,2022-08-22,2
20220809,34003,Bergen County,NJ,0.00,99.14,0.86,0.00,0.00,0.00,2022-08-09,2022-08-15,2
20220802,34003,Bergen County,NJ,84.87,14.27,0.86,0.00,0.00,0.00,2022-08-02,2022-08-08,2
20220726,34003,Bergen County,NJ,86.31,12.83,0.86,0.00,0.00,0.00,2022-07-26,2022-08-01,2
20220719,34003,Bergen County,NJ,86.31,13.69,0.00,0.00,0.00,0.00,2022-07-19,2022-07-25,2
20220712,34003,Bergen County,NJ,1.64,98.36,0.00,0.00,0.00,0.00,2022-07-12,2022-07-18,2
20220705,34003,Bergen County,NJ,100.00,0.00,0.00,0.00,0.00,0.00,2022-07-05,2022-07-11,2
20220628,34003,Bergen County,NJ,100.00,0.00,0.00,0.00,0.00,0.00,2022-06-28,2022-07-04,2
20220621,34003,Bergen County,NJ,100.00,0.00,0.00,0.00,0.00,0.00,2022-06-21,2022-06-27,2
20220614,34003,Bergen County,NJ,100.00,0.00,0.00,0.00,0.00,0.00,2022-06-14,2022-06-20,2
20220607,34003,Bergen County,NJ,100.00,0.00,0.00,0.00,0.00,0.00,2022-06-07,2022-06-13,2
20220531,34003,Bergen County,NJ,100.00,0.00,0.00,0.00,0.00,0.00,2022-05-31,2022-06-06,2
20220524,34003,Bergen County,NJ,100.00,0.00,0.00,0.00,0.00,0.00,2022-05-24,2022-05-30,2
20220517,34003,Bergen County,NJ,100.00,0.00,0.00,0.00,0.00,0.00,2022-05-17,2022-05-23,2
20220510,34003,Bergen County,NJ,100.00,0.00,0.00,0.00,0.00,0.00,2022-05-10,2022-05-16,2
20220503,34003,Bergen County,NJ,100.00,0.00,0.00,0.00,0.00,0.00,2022-05-03,2022-05-09,2
20220426,34003,Bergen County,NJ,100.00,0.00,0.00,0.00,0.00,0.00,2022-04-26,2022-05-02,2
20220419,34003,Bergen County,NJ,100.00,0.00,0.00,0.00,0.00,0.00,2022-04-19,2022-04-25,2
20220412,34003,Bergen County,NJ,100.00,0.00,0.00,0.00,0.00,0.00,2022-04-12,2022-04-18,2
20220405,34003,Bergen County,NJ,0.00,100.00,0.00,0.00,0.00,0.00,2022-04-05,2022-04-11,2
20220329,34003,Bergen County,NJ,0.00,100.00,0.00,0.00,0.00,0.00,2022-03-29,2022-04-04,2
20220322,34003,Bergen County,NJ,0.00,100.00,0.00,0.00,0.00,0.00,2022-03-22,2022-03-28,2
20220315,34003,Bergen County,NJ,100.00,0.00,0.00,0.00,0.00,0.00,2022-03-15,2022-03-21,2
20220308,34003,Bergen County,NJ,100.00,0.00,0.00,0.00,0.00,0.00,2022-03-08,2022-03-14,2
20220301,34003,Bergen County,NJ,100.00,0.00,0.00,0.00,0.00,0.00,2022-03-01,2022-03-07,2
20220222,34003,Bergen County,NJ,100.00,0.00,0.00,0.00,0.00,0.00,2022-02-22,2022-02-28,2
20220215,34003,Bergen County,NJ,100.00,0.00,0.00,0.00,0.00,0.00,2022-02-15,2022-02-21,2
20220208,34003,Bergen County,NJ,100.00,0.00,0.00,0.00,0.00,0.00,2022-02-08,2022-02-14,2
20220201,34003,Bergen County,NJ,100.00,0.00,0.00,0.00,0.00,0.00,2022-02-01,2022-02-07,2
20220125,34003,Bergen County,NJ,100.00,0.00,0.00,0.00,0.00,0.00,2022-01-25,2022-01-31,2
20220118,34003,Bergen County,NJ,100.00,0.00,0.00,0.00,0.00,0.00,2022-01-18,2022-01-24,2
20220111,34003,Bergen County,NJ,100.00,0.00,0.00,0.00,0.00,0.00,2022-01-11,2022-01-17,2
20220104,34003,Bergen County,NJ,100.00,0.00,0.00,0.00,0.00,0.00,2022-01-04,2022-01-10,2
20211228,34003,Bergen County,NJ,100.00,0.00,0.00,0.00,0.00,0.00,2021-12-28,2022-01-03,2
20211221,34003,Bergen County,NJ,100.00,0.00,0.00,0.00,0.00,0.00,2021-12-21,2021-12-27,2
20211214,34003,Bergen County,NJ,100.00,0.00,0.00,0.00,0.00,0.00,2021-12-14,2021-12-20,2
20211207,34003,Bergen County,NJ,100.00,0.00,0.00,0.00,0.00,0.00,2021-12-07,2021-12-13,2
20211130,34003,Bergen County,NJ,100.00,0.00,0.00,0.00,0.00,0.00,2021-11-30,2021-12-06,2
20211123,34003,Bergen County,NJ,100.00,0.00,0.00,0.00,0.00,0.00,2021-11-23,2021-11-29,2
20211116,34003,Bergen County,NJ,100.00,0.00,0.00,0.00,0.00,0.00,2021-11-16,2021-11-22,2
20211109,34003,Bergen County,NJ,100.00,0.00,0.00,0.00,0.00,0.00,2021-11-09,2021-11-15,2
20211102,34003,Bergen County,NJ,100.00,0.00,0.00,0.00,0.00,0.00,2021-11-02,2021-11-08,2
20211026,34003,Bergen County,NJ,100.00,0.00,0.00,0.00,0.00,0.00,2021-10-26,2021-11-01,2
20211019,34003,Bergen County,NJ,100.00,0.00,0.00,0.00,0.00,0.00,2021-10-19,2021-10-25,2
20211012,34003,Bergen County,NJ,100.00,0.00,0.00,0.00,0.00,0.00,2021-10-12,2021-10-18,2
20211005,34003,Bergen County,NJ,100.00,0.00,0.00,0.00,0.00,0.00,2021-10-05,2021-10-11,2
20210928,34003,Bergen County,NJ,100.00,0.00,0.00,0.00,0.00,0.00,2021-09-28,2021-10-04,2
20210921,34003,Bergen County,NJ,100.00,0.00,0.00,0.00,0.00,0.00,2021-09-21,2021-09-27,2
20210914,34003,Bergen County,NJ,100.00,0.00,0.00,0.00,0.00,0.00,2021-09-14,2021-09-20,2
20210907,34003,Bergen County,NJ,100.00,0.00,0.00,0.00,0.00,0.00,2021-09-07,2021-09-13,2
20210831,34003,Bergen County,NJ,100.00,0.00,0.00,0.00,0.00,0.00,2021-08-31,2021-09-06,2
20210824,34003,Bergen County,NJ,100.00,0.00,0.00,0.00,0.00,0.00,2021-08-24,2021-08-30,2
20210817,34003,Bergen County,NJ,100.00,0.00,0.00,0.00,0.00,0.00,2021-08-17,2021-08-23,2
20210810,34003,Bergen County,NJ,100.00,0.00,0.00,0.00,0.00,0.00,2021-08-10,2021-08-16,2
20210803,34003,Bergen County,NJ,100.00,0.00,0.00,0.00,0.00,0.00,2021-08-03,2021-08-09,2
20210727,34003,Bergen County,NJ,100.00,0.00,0.00,0.00,0.00,0.00,2021-07-27,2021-08-02,2
20210720,34003,Bergen County,NJ,100.00,0.00,0.00,0.00,0.00,0.00,2021-07-20,2021-07-26,2
20210713,34003,Bergen County,NJ,100.00,0.00,0.00,0.00,0.00,0.00,2021-07-13,2021-07-19,2
20210706,34003,Bergen County,NJ,100.00,0.00,0.00,0.00,0.00,0.00,2021-07-06,2021-07-12,2
20210629,34003,Bergen County,NJ,100.00,0.00,0.00,0.00,0.00,0.00,2021-06-29,2021-07-05,2
20210622,34003,Bergen County,NJ,100.00,0.00,0.00,0.00,0.00,0.00,2021-06-22,2021-06-28,2
20210615,34003,Bergen County,NJ,100.00,0.00,0.00,0.00,0.00,0.00,2021-06-15,2021-06-21,2
20210608,34003,Bergen County,NJ,100.00,0.00,0.00,0.00,0.00,0.00,2021-06-08,2021-06-14,2
20210601,34003,Bergen County,NJ,100.00,0.00,0.00,0.00,0.00,0.00,2021-06-01,2021-06-07,2
20210525,34003,Bergen County,NJ,0.00,100.00,0.00,0.00,0.00,0.00,2021-05-25,2021-05-31,2
20210518,34003,Bergen County,NJ,100.00,0.00,0.00,0.00,0.00,0.00,2021-05-18,2021-05-24,2
20210511,34003,Bergen County,NJ,100.00,0.00,0.00,0.00,0.00,0.00,2021-05-11,2021-05-17,2
20210504,34003,Bergen County,NJ,100.00,0.00,0.00,0.00,0.00,0.00,2021-05-04,2021-05-10,2
20210427,34003,Bergen County,NJ,100.00,0.00,0.00,0.00,0.00,0.00,2021-04-27,2021-05-03,2
20210420,34003,Bergen County,NJ,100.00,0.00,0.00,0.00,0.00,0.00,2021-04-20,2021-04-26,2
20210413,34003,Bergen County,NJ,100.00,0.00,0.00,0.00,0.00,0.00,2021-04-13,2021-04-19,2
20210406,34003,Bergen County,NJ,100.00,0.00,0.00,0.00,0.00,0.00,2021-04-06,2021-04-12,2
20210330,34003,Bergen County,NJ,100.00,0.00,0.00,0.00,0.00,0.00,2021-03-30,2021-04-05,2
20210323,34003,Bergen County,NJ,100.00,0.00,0.00,0.00,0.00,0.00,2021-03-23,2021-03-29,2
20210316,34003,Bergen County,NJ,100.00,0.00,0.00,0.00,0.00,0.00,2021-03-16,2021-03-22,2
20210309,34003,Bergen County,NJ,100.00,0.00,0.00,0.00,0.00,0.00,2021-03-09,2021-03-15,2
20210302,34003,Bergen County,NJ,100.00,0.00,0.00,0.00,0.00,0.00,2021-03-02,2021-03-08,2
20210223,34003,Bergen County,NJ,100.00,0.00,0.00,0.00,0.00,0.00,2021-02-23,2021-03-01,2
20210216,34003,Bergen County,NJ,100.00,0.00,0.00,0.00,0.00,0.00,2021-02-16,2021-02-22,2
20210209,34003,Bergen County,NJ,100.00,0.00,0.00,0.00,0.00,0.00,2021-02-09,2021-02-15,2
20210202,34003,Bergen County,NJ,100.00,0.00,0.00,0.00,0.00,0.00,2021-02-02,2021-02-08,2
20210126,34003,Bergen County,NJ,100.00,0.00,0.00,0.00,0.00,0.00,2021-01-26,2021-02-01,2
20210119,34003,Bergen County,NJ,100.00,0.00,0.00,0.00,0.00,0.00,2021-01-19,2021-01-25,2
20210112,34003,Bergen County,NJ,100.00,0.00,0.00,0.00,0.00,0.00,2021-01-12,2021-01-18,2
20210105,34003,Bergen County,NJ,100.00,0.00,0.00,0.00,0.00,0.00,2021-01-05,2021-01-11,2
20201229,34003,Bergen County,NJ,100.00,0.00,0.00,0.00,0.00,0.00,2020-12-29,2021-01-04,2
20201222,34003,Bergen County,NJ,100.00,0.00,0.00,0.00,0.00,0.00,2020-12-22,2020-12-28,2
20201215,34003,Bergen County,NJ,100.00,0.00,0.00,0.00,0.00,0.00,2020-12-15,2020-12-21,2
20201208,34003,Bergen County,NJ,100.00,0.00,0.00,0.00,0.00,0.00,2020-12-08,2020-12-14,2
20201201,34003,Bergen County,NJ,100.00,0.00,0.00,0.00,0.00,0.00,2020-12-01,2020-12-07,2
20201124,34003,Bergen County,NJ,100.00,0.00,0.00,0.00,0.00,0.00,2020-11-24,2020-11-30,2
20251118,34005,Burlington County,NJ,43.09,16.95,39.96,0.00,0.00,0.00,2025-11-18,2025-11-24,2
20251111,34005,Burlington County,NJ,43.09,16.95,39.96,0.00,0.00,0.00,2025-11-11,2025-11-17,2
20251104,34005,Burlington County,NJ,43.04,17.00,39.96,0.00,0.00,0.00,2025-11-04,2025-11-10,2
20251028,34005,Burlington County,NJ,43.36,16.68,39.96,0.00,0.00,0.00,2025-10-28,2025-11-03,2
20251021,34005,Burlington County,NJ,43.20,28.11,28.70,0.00,0.00,0.00,2025-10-21,2025-10-27,2
20251014,34005,Burlington County,NJ,43.20,56.80,0.00,0.00,0.00,0.00,2025-10-14,2025-10-20,2
20251007,34005,Burlington County,NJ,42.78,57.20,0.01,0.00,0.00,0.00,2025-10-07,2025-10-13,2
20250930,34005,Burlington County,NJ,97.48,2.52,0.00,0.00,0.00,0.00,2025-09-30,2025-10-06,2
20250923,34005,Burlington County,NJ,97.48,2.52,0.00,0.00,0.00,0.00,2025-09-23,2025-09-29,2
20250916,34005,Burlington County,NJ,97.48,2.52,0.00,0.00,0.00,0.00,2025-09-16,2025-09-22,2
20250909,34005,Burlington County,NJ,97.26,2.74,0.00,0.00,0.00,0.00,2025-09-09,2025-09-15,2
20250902,34005,Burlington County,NJ,89.88,10.12,0.00,0.00,0.00,0.00,2025-09-02,2025-09-08,2
20250826,34005,Burlington County,NJ,94.28,5.72,0.00,0.00,0.00,0.00,2025-08-26,2025-09-01,2
20250819,34005,Burlington County,NJ,94.28,5.72,0.00,0.00,0.00,0.00,2025-08-19,2025-08-25,2
20250812,34005,Burlington County,NJ,91.32,8.68,0.00,0.00,0.00,0.00,2025-08-12,2025-08-18,2
20250805,34005,Burlington County,NJ,100.00,0.00,0.00,0.00,0.00,0.00,2025-08-05,2025-08-11,2
20250729,34005,Burlington County,NJ,100.00,0.00,0.00,0.00,0.00,0.00,2025-07-29,2025-08-04,2
20250722,34005,Burlington County,NJ,100.00,0.00,0.00,0.00,0.00,0.00,2025-07-22,2025-07-28,2
20250715,34005,Burlington County,NJ,100.00,0.00,0.00,0.00,0.00,0.00,2025-07-15,2025-07-21,2
20250708,34005,Burlington County,NJ,55.61,44.39,0.00,0.00,0.00,0.00,2025-07-08,2025-07-14,2
20250701,34005,Burlington County,NJ,55.61,44.39,0.00,0.00,0.00,0.00,2025-07-01,2025-07-07,2
20250624,34005,Burlington County,NJ,77.66,22.34,0.00,0.00,0.00,0.00,2025-06-24,2025-06-30,2
20250617,34005,Burlington County,NJ,77.66,22.34,0.00,0.00,0.00,0.00,2025-06-17,2025-06-23,2
20250610,34005,Burlington County,NJ,86.30,13.70,0.00,0.00,0.00,0.00,2025-06-10,2025-06-16,2
20250603,34005,Burlington County,NJ,86.30,13.70,0.00,0.00,0.00,0.00,2025-06-03,2025-06-09,2
20250527,34005,Burlington County,NJ,85.64,14.36,0.00,0.00,0.00,0.00,2025-05-27,2025-06-02,2
20250520,34005,Burlington County,NJ,85.64,14.36,0.00,0.00,0.00,0.00,2025-05-20,2025-05-26,2
20250513,34005,Burlington County,NJ,46.23,39.30,14.46,0.00,0.00,0.00,2025-05-13,2025-05-19,2
20250506,34005,Burlington County,NJ,15.50,55.28,29.22,0.00,0.00,0.00,2025-05-06,2025-05-12,2
20250429,34005,Burlington County,NJ,15.50,55.28,29.22,0.00,0.00,0.00,2025-04-29,2025-05-05,2
20250422,34005,Burlington County,NJ,15.50,55.28,29.22,0.00,0.00,0.00,2025-04-22,2025-04-28,2
20250415,34005,Burlington County,NJ,15.50,55.28,29.22,0.00,0.00,0.00,2025-04-15,2025-04-21,2
20250408,34005,Burlington County,NJ,6.12,64.66,29.22,0.00,0.00,0.00,2025-04-08,2025-04-14,2
20250401,34005,Burlington County,NJ,0.00,27.07,58.11,14.82,0.00,0.00,2025-04-01,2025-04-07,2
20250325,34005,Burlington County,NJ,0.00,19.46,65.72,14.82,0.00,0.00,2025-03-25,2025-03-31,2
20250318,34005,Burlington County,NJ,0.00,8.33,62.59,24.75,4.34,0.00,2025-03-18,2025-03-24,2
20250311,34005,Burlington County,NJ,0.00,0.00,38.79,49.47,11.74,0.00,2025-03-11,2025-03-17,2
20250304,34005,Burlington County,NJ,0.00,0.00,38.82,39.18,22.01,0.00,2025-03-04,2025-03-10,2
20250225,34005,Burlington County,NJ,0.00,0.00,38.82,39.18,22.01,0.00,2025-02-25,2025-03-03,2
20250218,34005,Burlington County,NJ,0.00,0.00,38.82,39.18,22.01,0.00,2025-02-18,2025-02-24,2
20250211,34005,Burlington County,NJ,0.00,0.00,0.00,42.01,57.99,0.00,2025-02-11,2025-02-17,2
20250204,34005,Burlington County,NJ,0.00,0.00,0.00,42.01,57.99,0.00,2025-02-04,2025-02-10,2
20250128,34005,Burlington County,NJ,0.00,0.00,0.00,42.01,57.99,0.00,2025-01-28,2025-02-03,2
20250121,34005,Burlington County,NJ,0.00,0.00,6.18,35.83,57.99,0.00,2025-01-21,2025-01-27,2
20250114,34005,Burlington County,NJ,0.00,0.00,6.18,35.83,57.99,0.00,2025-01-14,2025-01-20,2
20250107,34005,Burlington County,NJ,0.00,0.00,6.18,35.83,57.99,0.00,2025-01-07,2025-01-13,2
20241231,34005,Burlington County,NJ,0.00,0.00,0.00,42.01,57.99,0.00,2024-12-31,2025-01-06,2
20241224,34005,Burlington County,NJ,0.00,0.00,0.00,6.77,93.23,0.00,2024-12-24,2024-12-30,2
20241217,34005,Burlington County,NJ,0.00,0.00,0.00,6.77,93.23,0.00,2024-12-17,2024-12-23,2
20241210,34005,Burlington County,NJ,0.00,0.00,0.00,2.08,97.92,0.00,2024-12-10,2024-12-16,2
20241203,34005,Burlington County,NJ,0.00,0.00,0.00,2.08,97.92,0.00,2024-12-03,2024-12-09,2
20241126,34005,Burlington County,NJ,0.00,0.00,0.00,2.08,97.92,0.00,2024-11-26,2024-12-02,2
20241119,34005,Burlington County,NJ,0.00,0.00,0.00,2.08,97.92,0.00,2024-11-19,2024-11-25,2
20241112,34005,Burlington County,NJ,0.00,0.00,0.00,34.79,65.21,0.00,2024-11-12,2024-11-18,2
20241105,34005,Burlington County,NJ,0.00,0.00,0.00,37.52,62.48,0.00,2024-11-05,2024-11-11,2
20241029,34005,Burlington County,NJ,0.00,0.00,0.00,100.00,0.00,0.00,2024-10-29,2024-11-04,2
20241022,34005,Burlington County,NJ,0.00,0.00,28.30,71.70,0.00,0.00,2024-10-22,2024-10-28,2
20241015,34005,Burlington County,NJ,0.00,0.00,57.12,42.88,0.00,0.00,2024-10-15,2024-10-21,2
20241008,34005,Burlington County,NJ,0.00,29.57,40.40,30.03,0.00,0.00,2024-10-08,2024-10-14,2
20241001,34005,Burlington County,NJ,0.00,50.02,49.98,0.00,0.00,0.00,2024-10-01,2024-10-07,2
20240924,34005,Burlington County,NJ,0.00,65.53,34.47,0.00,0.00,0.00,2024-09-24,2024-09-30,2
20240917,34005,Burlington County,NJ,31.98,41.84,26.18,0.00,0.00,0.00,2024-09-17,2024-09-23,2
20240910,34005,Burlington County,NJ,31.98,48.50,19.52,0.00,0.00,0.00,2024-09-10,2024-09-16,2
20240903,34005,Burlington County,NJ,20.15,79.85,0.00,0.00,0.00,0.00,2024-09-03,2024-09-09,2
20240827,34005,Burlington County,NJ,43.92,56.08,0.00,0.00,0.00,0.00,2024-08-27,2024-09-02,2
20240820,34005,Burlington County,NJ,43.92,56.08,0.00,0.00,0.00,0.00,2024-08-20,2024-08-26,2
20240813,34005,Burlington County,NJ,29.28,70.72,0.00,0.00,0.00,0.00,2024-08-13,2024-08-19,2
20240806,34005,Burlington County,NJ,35.29,32.46,32.24,0.00,0.00,0.00,2024-08-06,2024-08-12,2
20240730,34005,Burlington County,NJ,34.87,32.88,32.24,0.00,0.00,0.00,2024-07-30,2024-08-05,2
20240723,34005,Burlington County,NJ,34.91,32.84,32.24,0.00,0.00,0.00,2024-07-23,2024-07-29,2
20240716,34005,Burlington County,NJ,34.69,32.44,32.88,0.00,0.00,0.00,2024-07-16,2024-07-22,2
20240709,34005,Burlington County,NJ,32.38,54.50,13.13,0.00,0.00,0.00,2024-07-09,2024-07-15,2
20240702,34005,Burlington County,NJ,51.39,47.73,0.88,0.00,0.00,0.00,2024-07-02,2024-07-08,2
20240625,34005,Burlington County,NJ,6.63,74.69,18.68,0.00,0.00,0.00,2024-06-25,2024-07-01,2
20240618,34005,Burlington County,NJ,19.59,80.41,0.00,0.00,0.00,0.00,2024-06-18,2024-06-24,2
20240611,34005,Burlington County,NJ,86.17,13.83,0.00,0.00,0.00,0.00,2024-06-11,2024-06-17,2
20240604,34005,Burlington County,NJ,69.71,30.29,0.00,0.00,0.00,0.00,2024-06-04,2024-06-10,2
20240528,34005,Burlington County,NJ,100.00,0.00,0.00,0.00,0.00,0.00,2024-05-28,2024-06-03,2
20240521,34005,Burlington County,NJ,100.00,0.00,0.00,0.00,0.00,0.00,2024-05-21,2024-05-27,2
20240514,34005,Burlington County,NJ,100.00,0.00,0.00,0.00,0.00,0.00,2024-05-14,2024-05-20,2
20240507,34005,Burlington County,NJ,100.00,0.00,0.00,0.00,0.00,0.00,2024-05-07,2024-05-13,2
20240430,34005,Burlington County,NJ,100.00,0.00,0.00,0.00,0.00,0.00,2024-04-30,2024-05-06,2
20240423,34005,Burlington County,NJ,100.00,0.00,0.00,0.00,0.00,0.00,2024-04-23,2024-04-29,2
20240416,34005,Burlington County,NJ,100.00,0.00,0.00,0.00,0.00,0.00,2024-04-16,2024-04-22,2
20240409,34005,Burlington County,NJ,100.00,0.00,0.00,0.00,0.00,0.00,2024-04-09,2024-04-15,2
20240402,34005,Burlington County,NJ,100.00,0.00,0.00,0.00,0.00,0.00,2024-04-02,2024-04-08,2
20240326,34005,Burlington County,NJ,100.00,0.00,0.00,0.00,0.00,0.00,2024-03-26,2024-04-01,2
20240319,34005,Burlington County,NJ,100.00,0.00,0.00,0.00,0.00,0.00,2024-03-19,2024-03-25,2
20240312,34005,Burlington County,NJ,100.00,0.00,0.00,0.00,0.00,0.00,2024-03-12,2024-03-18,2
20240305,34005,Burlington County,NJ,100.00,0.00,0.00,0.00,0.00,0.00,2024-03-05,2024-03-11,2
20240227,34005,Burlington County,NJ,100.00,0.00,0.00,0.00,0.00,0.00,2024-02-27,2024-03-04,2
20240220,34005,Burlington County,NJ,100.00,0.00,0.00,0.00,0.00,0.00,2024-02-20,2024-02-26,2
20240213,34005,Burlington County,NJ,100.00,0.00,0.00,0.00,0.00,0.00,2024-02-13,2024-02-19,2
20240206,34005,Burlington County,NJ,100.00,0.00,0.00,0.00,0.00,0.00,2024-02-06,2024-02-12,2
20240130,34005,Burlington County,NJ,100.00,0.00,0.00,0.00,0.00,0.00,2024-01-30,2024-02-05,2
20240123,34005,Burlington County,NJ,100.00,0.00,0.00,0.00,0.00,0.00,2024-01-23,2024-01-29,2
20240116,34005,Burlington County,NJ,100.00,0.00,0.00,0.00,0.00,0.00,2024-01-16,2024-01-22,2
20240109,34005,Burlington County,NJ,100.00,0.00,0.00,0.00,0.00,0.00,2024-01-09,2024-01-15,2
20240102,34005,Burlington County,NJ,100.00,0.00,0.00,0.00,0.00,0.00,2024-01-02,2024-01-08,2
20231226,34005,Burlington County,NJ,100.00,0.00,0.00,0.00,0.00,0.00,2023-12-26,2024-01-01,2
20231219,34005,Burlington County,NJ,100.00,0.00,0.00,0.00,0.00,0.00,2023-12-19,2023-12-25,2
20231212,34005,Burlington County,NJ,92.44,7.56,0.00,0.00,0.00,0.00,2023-12-12,2023-12-18,2
20231205,34005,Burlington County,NJ,75.45,24.55,0.00,0.00,0.00,0.00,2023-12-05,2023-12-11,2
20231128,34005,Burlington County,NJ,23.01,76.99,0.00,0.00,0.00,0.00,2023-11-28,2023-12-04,2
20231121,34005,Burlington County,NJ,6.02,93.98,0.00,0.00,0.00,0.00,2023-11-21,2023-11-27,2
20231114,34005,Burlington County,NJ,5.20,94.80,0.00,0.00,0.00,0.00,2023-11-14,2023-11-20,2
20231107,34005,Burlington County,NJ,7.66,92.34,0.00,0.00,0.00,0.00,2023-11-07,2023-11-13,2
20231031,34005,Burlington County,NJ,75.48,24.52,0.00,0.00,0.00,0.00,2023-10-31,2023-11-06,2
20231024,34005,Burlington County,NJ,100.00,0.00,0.00,0.00,0.00,0.00,2023-10-24,2023-10-30,2
20231017,34005,Burlington County,NJ,100.00,0.00,0.00,0.00,0.00,0.00,2023-10-17,2023-10-23,2
20231010,34005,Burlington County,NJ,100.00,0.00,0.00,0.00,0.00,0.00,2023-10-10,2023-10-16,2
20231003,34005,Burlington County,NJ,100.00,0.00,0.00,0.00,0.00,0.00,2023-10-03,2023-10-09,2
20230926,34005,Burlington County,NJ,96.43,3.57,0.00,0.00,0.00,0.00,2023-09-26,2023-10-02,2
20230919,34005,Burlington County,NJ,40.34,57.22,2.44,0.00,0.00,0.00,2023-09-19,2023-09-25,2
20230912,34005,Burlington County,NJ,40.34,57.22,2.44,0.00,0.00,0.00,2023-09-12,2023-09-18,2
20230905,34005,Burlington County,NJ,30.66,57.52,11.82,0.00,0.00,0.00,2023-09-05,2023-09-11,2
20230829,34005,Burlington County,NJ,41.00,59.00,0.00,0.00,0.00,0.00,2023-08-29,2023-09-04,2
20230822,34005,Burlington County,NJ,53.30,46.70,0.00,0.00,0.00,0.00,2023-08-22,2023-08-28,2
20230815,34005,Burlington County,NJ,53.30,46.70,0.00,0.00,0.00,0.00,2023-08-15,2023-08-21,2
20230808,34005,Burlington County,NJ,39.09,60.91,0.00,0.00,0.00,0.00,2023-08-08,2023-08-14,2
20230801,34005,Burlington County,NJ,39.09,60.91,0.00,0.00,0.00,0.00,2023-08-01,2023-08-07,2
20230725,34005,Burlington County,NJ,93.63,6.37,0.00,0.00,0.00,0.00,2023-07-25,2023-07-31,2
20230718,34005,Burlington County,NJ,89.17,10.83,0.00,0.00,0.00,0.00,2023-07-18,2023-07-24,2
20230711,34005,Burlington County,NJ,78.49,21.51,0.00,0.00,0.00,0.00,2023-07-11,2023-07-17,2
20230704,34005,Burlington County,NJ,49.08,50.92,0.00,0.00,0.00,0.00,2023-07-04,2023-07-10,2
20230627,34005,Burlington County,NJ,15.20,84.80,0.00,0.00,0.00,0.00,2023-06-27,2023-07-03,2
20230620,34005,Burlington County,NJ,15.79,84.21,0.00,0.00,0.00,0.00,2023-06-20,2023-06-26,2
20230613,34005,Burlington County,NJ,15.79,84.21,0.00,0.00,0.00,0.00,2023-06-13,2023-06-19,2
20230606,34005,Burlington County,NJ,69.14,30.86,0.00,0.00,0.00,0.00,2023-06-06,2023-06-12,2
20230530,34005,Burlington County,NJ,100.00,0.00,0.00,0.00,0.00,0.00,2023-05-30,2023-06-05,2
20230523,34005,Burlington County,NJ,100.00,0.00,0.00,0.00,0.00,0.00,2023-05-23,2023-05-29,2
20230516,34005,Burlington County,NJ,100.00,0.00,0.00,0.00,0.00,0.00,2023-05-16,2023-05-22,2
20230509,34005,Burlington County,NJ,100.00,0.00,0.00,0.00,0.00,0.00,2023-05-09,2023-05-15,2
20230502,34005,Burlington County,NJ,100.00,0.00,0.00,0.00,0.00,0.00,2023-05-02,2023-05-08,2
20230425,34005,Burlington County,NJ,99.66,0.34,0.00,0.00,0.00,0.00,2023-04-25,2023-05-01,2
20230418,34005,Burlington County,NJ,100.00,0.00,0.00,0.00,0.00,0.00,2023-04-18,2023-04-24,2
20230411,34005,Burlington County,NJ,100.00,0.00,0.00,0.00,0.00,0.00,2023-04-11,2023-04-17,2
20230404,34005,Burlington County,NJ,100.00,0.00,0.00,0.00,0.00,0.00,2023-04-04,2023-04-10,2
20230328,34005,Burlington County,NJ,100.00,0.00,0.00,0.00,0.00,0.00,2023-03-28,2023-04-03,2
20230321,34005,Burlington County,NJ,100.00,0.00,0.00,0.00,0.00,0.00,2023-03-21,2023-03-27,2
20230314,34005,Burlington County,NJ,100.00,0.00,0.00,0.00,0.00,0.00,2023-03-14,2023-03-20,2
20230307,34005,Burlington County,NJ,100.00,0.00,0.00,0.00,0.00,0.00,2023-03-07,2023-03-13,2
20230228,34005,Burlington County,NJ,100.00,0.00,0.00,0.00,0.00,0.00,2023-02-28,2023-03-06,2
20230221,34005,Burlington County,NJ,100.00,0.00,0.00,0.00,0.00,0.00,2023-02-21,2023-02-27,2
20230214,34005,Burlington County,NJ,100.00,0.00,0.00,0.00,0.00,0.00,2023-02-14,2023-02-20,2
20230207,34005,Burlington County,NJ,100.00,0.00,0.00,0.00,0.00,0.00,2023-02-07,2023-02-13,2
20230131,34005,Burlington County,NJ,100.00,0.00,0.00,0.00,0.00,0.00,2023-01-31,2023-02-06,2
20230124,34005,Burlington County,NJ,100.00,0.00,0.00,0.00,0.00,0.00,2023-01-24,2023-01-30,2
20230117,34005,Burlington County,NJ,100.00,0.00,0.00,0.00,0.00,0.00,2023-01-17,2023-01-23,2
20230110,34005,Burlington County,NJ,100.00,0.00,0.00,0.00,0.00,0.00,2023-01-10,2023-01-16,2
20230103,34005,Burlington County,NJ,100.00,0.00,0.00,0.00,0.00,0.00,2023-01-03,2023-01-09,2
20221227,34005,Burlington County,NJ,100.00,0.00,0.00,0.00,0.00,0.00,2022-12-27,2023-01-02,2
20221220,34005,Burlington County,NJ,100.00,0.00,0.00,0.00,0.00,0.00,2022-12-20,2022-12-26,2
20221213,34005,Burlington County,NJ,100.00,0.00,0.00,0.00,0.00,0.00,2022-12-13,2022-12-19,2
20221206,34005,Burlington County,NJ,100.00,0.00,0.00,0.00,0.00,0.00,2022-12-06,2022-12-12,2
20221129,34005,Burlington County,NJ,100.00,0.00,0.00,0.00,0.00,0.00,2022-11-29,2022-12-05,2
20221122,34005,Burlington County,NJ,100.00,0.00,0.00,0.00,0.00,0.00,2022-11-22,2022-11-28,2
20221115,34005,Burlington County,NJ,100.00,0.00,0.00,0.00,0.00,0.00,2022-11-15,2022-11-21,2
20221108,34005,Burlington County,NJ,100.00,0.00,0.00,0.00,0.00,0.00,2022-11-08,2022-11-14,2
20221101,34005,Burlington County,NJ,100.00,0.00,0.00,0.00,0.00,0.00,2022-11-01,2022-11-07,2
20221025,34005,Burlington County,NJ,100.00,0.00,0.00,0.00,0.00,0.00,2022-10-25,2022-10-31,2
20221018,34005,Burlington County,NJ,100.00,0.00,0.00,0.00,0.00,0.00,2022-10-18,2022-10-24,2
20221011,34005,Burlington County,NJ,100.00,0.00,0.00,0.00,0.00,0.00,2022-10-11,2022-10-17,2
20221004,34005,Burlington County,NJ,39.67,60.33,0.00,0.00,0.00,0.00,2022-10-04,2022-10-10,2
20220927,34005,Burlington County,NJ,0.00,39.79,60.21,0.00,0.00,0.00,2022-09-27,2022-10-03,2
20220920,34005,Burlington County,NJ,0.00,59.04,40.96,0.00,0.00,0.00,2022-09-20,2022-09-26,2
20220913,34005,Burlington County,NJ,0.00,59.04,40.96,0.00,0.00,0.00,2022-09-13,2022-09-19,2
20220906,34005,Burlington County,NJ,0.00,72.03,27.97,0.00,0.00,0.00,2022-09-06,2022-09-12,2
20220830,34005,Burlington County,NJ,3.18,68.89,27.93,0.00,0.00,0.00,2022-08-30,2022-09-05,2
20220823,34005,Burlington County,NJ,4.56,95.44,0.00,0.00,0.00,0.00,2022-08-23,2022-08-29,2
20220816,34005,Burlington County,NJ,4.56,95.44,0.00,0.00,0.00,0.00,2022-08-16,2022-08-22,2
20220809,34005,Burlington County,NJ,34.86,65.14,0.00,0.00,0.00,0.00,2022-08-09,2022-08-15,2
20220802,34005,Burlington County,NJ,34.86,65.14,0.00,0.00,0.00,0.00,2022-08-02,2022-08-08,2
20220726,34005,Burlington County,NJ,59.96,40.04,0.00,0.00,0.00,0.00,2022-07-26,2022-08-01,2
20220719,34005,Burlington County,NJ,87.42,12.58,0.00,0.00,0.00,0.00,2022-07-19,2022-07-25,2
20220712,34005,Burlington County,NJ,87.42,12.58,0.00,0.00,0.00,0.00,2022-07-12,2022-07-18,2
20220705,34005,Burlington County,NJ,74.49,25.51,0.00,0.00,0.00,0.00,2022-07-05,2022-07-11,2
20220628,34005,Burlington County,NJ,74.49,25.51,0.00,0.00,0.00,0.00,2022-06-28,2022-07-04,2
20220621,34005,Burlington County,NJ,100.00,0.00,0.00,0.00,0.00,0.00,2022-06-21,2022-06-27,2
20220614,34005,Burlington County,NJ,100.00,0.00,0.00,0.00,0.00,0.00,2022-06-14,2022-06-20,2
20220607,34005,Burlington County,NJ,100.00,0.00,0.00,0.00,0.00,0.00,2022-06-07,2022-06-13,2
20220531,34005,Burlington County,NJ,100.00,0.00,0.00,0.00,0.00,0.00,2022-05-31,2022-06-06,2
20220524,34005,Burlington County,NJ,100.00,0.00,0.00,0.00,0.00,0.00,2022-05-24,2022-05-30,2
20220517,34005,Burlington County,NJ,100.00,0.00,0.00,0.00,0.00,0.00,2022-05-17,2022-05-23,2
20220510,34005,Burlington County,NJ,100.00,0.00,0.00,0.00,0.00,0.00,2022-05-10,2022-05-16,2
20220503,34005,Burlington County,NJ,100.00,0.00,0.00,0.00,0.00,0.00,2022-05-03,2022-05-09,2
20220426,34005,Burlington County,NJ,100.00,0.00,0.00,0.00,0.00,0.00,2022-04-26,2022-05-02,2
20220419,34005,Burlington County,NJ,100.00,0.00,0.00,0.00,0.00,0.00,2022-04-19,2022-04-25,2
20220412,34005,Burlington County,NJ,100.00,0.00,0.00,0.00,0.00,0.00,2022-04-12,2022-04-18,2
20220405,34005,Burlington County,NJ,0.00,100.00,0.00,0.00,0.00,0.00,2022-04-05,2022-04-11,2
20220329,34005,Burlington County,NJ,0.00,100.00,0.00,0.00,0.00,0.00,2022-03-29,2022-04-04,2
20220322,34005,Burlington County,NJ,0.00,100.00,0.00,0.00,0.00,0.00,2022-03-22,2022-03-28,2
20220315,34005,Burlington County,NJ,0.00,100.00,0.00,0.00,0.00,0.00,2022-03-15,2022-03-21,2
20220308,34005,Burlington County,NJ,0.00,100.00,0.00,0.00,0.00,0.00,2022-03-08,2022-03-14,2
20220301,34005,Burlington County,NJ,99.22,0.78,0.00,0.00,0.00,0.00,2022-03-01,2022-03-07,2
20220222,34005,Burlington County,NJ,99.22,0.78,0.00,0.00,0.00,0.00,2022-02-22,2022-02-28,2
20220215,34005,Burlington County,NJ,99.22,0.78,0.00,0.00,0.00,0.00,2022-02-15,2022-02-21,2
20220208,34005,Burlington County,NJ,99.22,0.78,0.00,0.00,0.00,0.00,2022-02-08,2022-02-14,2
20220201,34005,Burlington County,NJ,99.22,0.78,0.00,0.00,0.00,0.00,2022-02-01,2022-02-07,2
20220125,34005,Burlington County,NJ,99.22,0.78,0.00,0.00,0.00,0.00,2022-01-25,2022-01-31,2
20220118,34005,Burlington County,NJ,98.09,1.91,0.00,0.00,0.00,0.00,2022-01-18,2022-01-24,2
20220111,34005,Burlington County,NJ,98.39,1.61,0.00,0.00,0.00,0.00,2022-01-11,2022-01-17,2
20220104,34005,Burlington County,NJ,98.39,1.61,0.00,0.00,0.00,0.00,2022-01-04,2022-01-10,2
20211228,34005,Burlington County,NJ,98.39,1.61,0.00,0.00,0.00,0.00,2021-12-28,2022-01-03,2
20211221,34005,Burlington County,NJ,98.39,1.61,0.00,0.00,0.00,0.00,2021-12-21,2021-12-27,2
20211214,34005,Burlington County,NJ,100.00,0.00,0.00,0.00,0.00,0.00,2021-12-14,2021-12-20,2
20211207,34005,Burlington County,NJ,100.00,0.00,0.00,0.00,0.00,0.00,2021-12-07,2021-12-13,2
20211130,34005,Burlington County,NJ,100.00,0.00,0.00,0.00,0.00,0.00,2021-11-30,2021-12-06,2
20211123,34005,Burlington County,NJ,100.00,0.00,0.00,0.00,0.00,0.00,2021-11-23,2021-11-29,2
20211116,34005,Burlington County,NJ,100.00,0.00,0.00,0.00,0.00,0.00,2021-11-16,2021-11-22,2
20211109,34005,Burlington County,NJ,100.00,0.00,0.00,0.00,0.00,0.00,2021-11-09,2021-11-15,2
20211102,34005,Burlington County,NJ,100.00,0.00,0.00,0.00,0.00,0.00,2021-11-02,2021-11-08,2
20211026,34005,Burlington County,NJ,100.00,0.00,0.00,0.00,0.00,0.00,2021-10-26,2021-11-01,2
20211019,34005,Burlington County,NJ,100.00,0.00,0.00,0.00,0.00,0.00,2021-10-19,2021-10-25,2
20211012,34005,Burlington County,NJ,100.00,0.00,0.00,0.00,0.00,0.00,2021-10-12,2021-10-18,2
20211005,34005,Burlington County,NJ,100.00,0.00,0.00,0.00,0.00,0.00,2021-10-05,2021-10-11,2
20210928,34005,Burlington County,NJ,100.00,0.00,0.00,0.00,0.00,0.00,2021-09-28,2021-10-04,2
20210921,34005,Burlington County,NJ,100.00,0.00,0.00,0.00,0.00,0.00,2021-09-21,2021-09-27,2
20210914,34005,Burlington County,NJ,100.00,0.00,0.00,0.00,0.00,0.00,2021-09-14,2021-09-20,2
20210907,34005,Burlington County,NJ,100.00,0.00,0.00,0.00,0.00,0.00,2021-09-07,2021-09-13,2
20210831,34005,Burlington County,NJ,100.00,0.00,0.00,0.00,0.00,0.00,2021-08-31,2021-09-06,2
20210824,34005,Burlington County,NJ,100.00,0.00,0.00,0.00,0.00,0.00,2021-08-24,2021-08-30,2
20210817,34005,Burlington County,NJ,100.00,0.00,0.00,0.00,0.00,0.00,2021-08-17,2021-08-23,2
20210810,34005,Burlington County,NJ,100.00,0.00,0.00,0.00,0.00,0.00,2021-08-10,2021-08-16,2
20210803,34005,Burlington County,NJ,100.00,0.00,0.00,0.00,0.00,0.00,2021-08-03,2021-08-09,2
20210727,34005,Burlington County,NJ,100.00,0.00,0.00,0.00,0.00,0.00,2021-07-27,2021-08-02,2
20210720,34005,Burlington County,NJ,100.00,0.00,0.00,0.00,0.00,0.00,2021-07-20,2021-07-26,2
20210713,34005,Burlington County,NJ,100.00,0.00,0.00,0.00,0.00,0.00,2021-07-13,2021-07-19,2
20210706,34005,Burlington County,NJ,100.00,0.00,0.00,0.00,0.00,0.00,2021-07-06,2021-07-12,2
20210629,34005,Burlington County,NJ,100.00,0.00,0.00,0.00,0.00,0.00,2021-06-29,2021-07-05,2
20210622,34005,Burlington County,NJ,100.00,0.00,0.00,0.00,0.00,0.00,2021-06-22,2021-06-28,2
20210615,34005,Burlington County,NJ,100.00,0.00,0.00,0.00,0.00,0.00,2021-06-15,2021-06-21,2
20210608,34005,Burlington County,NJ,86.14,13.86,0.00,0.00,0.00,0.00,2021-06-08,2021-06-14,2
20210601,34005,Burlington County,NJ,100.00,0.00,0.00,0.00,0.00,0.00,2021-06-01,2021-06-07,2
20210525,34005,Burlington County,NJ,0.00,100.00,0.00,0.00,0.00,0.00,2021-05-25,2021-05-31,2
20210518,34005,Burlington County,NJ,100.00,0.00,0.00,0.00,0.00,0.00,2021-05-18,2021-05-24,2
20210511,34005,Burlington County,NJ,100.00,0.00,0.00,0.00,0.00,0.00,2021-05-11,2021-05-17,2
20210504,34005,Burlington County,NJ,100.00,0.00,0.00,0.00,0.00,0.00,2021-05-04,2021-05-10,2
20210427,34005,Burlington County,NJ,100.00,0.00,0.00,0.00,0.00,0.00,2021-04-27,2021-05-03,2
20210420,34005,Burlington County,NJ,100.00,0.00,0.00,0.00,0.00,0.00,2021-04-20,2021-04-26,2
20210413,34005,Burlington County,NJ,100.00,0.00,0.00,0.00,0.00,0.00,2021-04-13,2021-04-19,2
20210406,34005,Burlington County,NJ,100.00,0.00,0.00,0.00,0.00,0.00,2021-04-06,2021-04-12,2
20210330,34005,Burlington County,NJ,100.00,0.00,0.00,0.00,0.00,0.00,2021-03-30,2021-04-05,2
20210323,34005,Burlington County,NJ,100.00,0.00,0.00,0.00,0.00,0.00,2021-03-23,2021-03-29,2
20210316,34005,Burlington County,NJ,100.00,0.00,0.00,0.00,0.00,0.00,2021-03-16,2021-03-22,2
20210309,34005,Burlington County,NJ,100.00,0.00,0.00,0.00,0.00,0.00,2021-03-09,2021-03-15,2
20210302,34005,Burlington County,NJ,100.00,0.00,0.00,0.00,0.00,0.00,2021-03-02,2021-03-08,2
20210223,34005,Burlington County,NJ,100.00,0.00,0.00,0.00,0.00,0.00,2021-02-23,2021-03-01,2
20210216,34005,Burlington County,NJ,100.00,0.00,0.00,0.00,0.00,0.00,2021-02-16,2021-02-22,2
20210209,34005,Burlington County,NJ,100.00,0.00,0.00,0.00,0.00,0.00,2021-02-09,2021-02-15,2
20210202,34005,Burlington County,NJ,100.00,0.00,0.00,0.00,0.00,0.00,2021-02-02,2021-02-08,2
20210126,34005,Burlington County,NJ,100.00,0.00,0.00,0.00,0.00,0.00,2021-01-26,2021-02-01,2
20210119,34005,Burlington County,NJ,100.00,0.00,0.00,0.00,0.00,0.00,2021-01-19,2021-01-25,2
20210112,34005,Burlington County,NJ,100.00,0.00,0.00,0.00,0.00,0.00,2021-01-12,2021-01-18,2
20210105,34005,Burlington County,NJ,100.00,0.00,0.00,0.00,0.00,0.00,2021-01-05,2021-01-11,2
20201229,34005,Burlington County,NJ,100.00,0.00,0.00,0.00,0.00,0.00,2020-12-29,2021-01-04,2
20201222,34005,Burlington County,NJ,100.00,0.00,0.00,0.00,0.00,0.00,2020-12-22,2020-12-28,2
20201215,34005,Burlington County,NJ,100.00,0.00,0.00,0.00,0.00,0.00,2020-12-15,2020-12-21,2
20201208,34005,Burlington County,NJ,100.00,0.00,0.00,0.00,0.00,0.00,2020-12-08,2020-12-14,2
20201201,34005,Burlington County,NJ,100.00,0.00,0.00,0.00,0.00,0.00,2020-12-01,2020-12-07,2
20201124,34005,Burlington County,NJ,100.00,0.00,0.00,0.00,0.00,0.00,2020-11-24,2020-11-30,2
20251118,34007,Camden County,NJ,0.00,38.75,61.25,0.00,0.00,0.00,2025-11-18,2025-11-24,2
20251111,34007,Camden County,NJ,0.00,38.75,61.25,0.00,0.00,0.00,2025-11-11,2025-11-17,2
20251104,34007,Camden County,NJ,0.00,38.75,61.25,0.00,0.00,0.00,2025-11-04,2025-11-10,2
20251028,34007,Camden County,NJ,0.00,38.75,61.25,0.00,0.00,0.00,2025-10-28,2025-11-03,2
20251021,34007,Camden County,NJ,0.00,62.48,37.52,0.00,0.00,0.00,2025-10-21,2025-10-27,2
20251014,34007,Camden County,NJ,0.00,100.00,0.00,0.00,0.00,0.00,2025-10-14,2025-10-20,2
20251007,34007,Camden County,NJ,0.21,99.79,0.00,0.00,0.00,0.00,2025-10-07,2025-10-13,2
20250930,34007,Camden County,NJ,37.26,62.74,0.00,0.00,0.00,0.00,2025-09-30,2025-10-06,2
20250923,34007,Camden County,NJ,37.26,62.74,0.00,0.00,0.00,0.00,2025-09-23,2025-09-29,2
20250916,34007,Camden County,NJ,37.26,62.74,0.00,0.00,0.00,0.00,2025-09-16,2025-09-22,2
20250909,34007,Camden County,NJ,70.67,29.33,0.00,0.00,0.00,0.00,2025-09-09,2025-09-15,2
20250902,34007,Camden County,NJ,38.28,61.72,0.00,0.00,0.00,0.00,2025-09-02,2025-09-08,2
20250826,34007,Camden County,NJ,56.49,43.51,0.00,0.00,0.00,0.00,2025-08-26,2025-09-01,2
20250819,34007,Camden County,NJ,56.49,43.51,0.00,0.00,0.00,0.00,2025-08-19,2025-08-25,2
20250812,34007,Camden County,NJ,33.05,66.95,0.00,0.00,0.00,0.00,2025-08-12,2025-08-18,2
20250805,34007,Camden County,NJ,100.00,0.00,0.00,0.00,0.00,0.00,2025-08-05,2025-08-11,2
20250729,34007,Camden County,NJ,100.00,0.00,0.00,0.00,0.00,0.00,2025-07-29,2025-08-04,2
20250722,34007,Camden County,NJ,100.00,0.00,0.00,0.00,0.00,0.00,2025-07-22,2025-07-28,2
20250715,34007,Camden County,NJ,100.00,0.00,0.00,0.00,0.00,0.00,2025-07-15,2025-07-21,2
20250708,34007,Camden County,NJ,63.76,36.24,0.00,0.00,0.00,0.00,2025-07-08,2025-07-14,2
20250701,34007,Camden County,NJ,63.76,36.24,0.00,0.00,0.00,0.00,2025-07-01,2025-07-07,2
20250624,34007,Camden County,NJ,100.00,0.00,0.00,0.00,0.00,0.00,2025-06-24,2025-06-30,2
20250617,34007,Camden County,NJ,100.00,0.00,0.00,0.00,0.00,0.00,2025-06-17,2025-06-23,2
20250610,34007,Camden County,NJ,100.00,0.00,0.00,0.00,0.00,0.00,2025-06-10,2025-06-16,2
20250603,34007,Camden County,NJ,100.00,0.00,0.00,0.00,0.00,0.00,2025-06-03,2025-06-09,2
20250527,34007,Camden County,NJ,80.83,19.17,0.00,0.00,0.00,0.00,2025-05-27,2025-06-02,2
20250520,34007,Camden County,NJ,71.39,28.61,0.00,0.00,0.00,0.00,2025-05-20,2025-05-26,2
20250513,34007,Camden County,NJ,0.00,69.85,30.15,0.00,0.00,0.00,2025-05-13,2025-05-19,2
20250506,34007,Camden County,NJ,0.00,61.64,38.36,0.00,0.00,0.00,2025-05-06,2025-05-12,2
20250429,34007,Camden County,NJ,0.00,61.64,36.99,1.37,0.00,0.00,2025-04-29,2025-05-05,2
20250422,34007,Camden County,NJ,0.00,61.64,36.99,1.37,0.00,0.00,2025-04-22,2025-04-28,2
20250415,34007,Camden County,NJ,0.00,61.64,36.99,1.37,0.00,0.00,2025-04-15,2025-04-21,2
20250408,34007,Camden County,NJ,0.00,61.64,33.29,5.07,0.00,0.00,2025-04-08,2025-04-14,2
20250401,34007,Camden County,NJ,0.00,0.00,70.49,29.51,0.00,0.00,2025-04-01,2025-04-07,2
20250325,34007,Camden County,NJ,0.00,0.00,70.49,27.99,1.52,0.00,2025-03-25,2025-03-31,2
20250318,34007,Camden County,NJ,0.00,0.00,57.56,40.81,1.63,0.00,2025-03-18,2025-03-24,2
20250311,34007,Camden County,NJ,0.00,0.00,23.12,75.25,1.63,0.00,2025-03-11,2025-03-17,2
20250304,34007,Camden County,NJ,0.00,0.00,23.15,75.22,1.63,0.00,2025-03-04,2025-03-10,2
20250225,34007,Camden County,NJ,0.00,0.00,23.15,75.22,1.63,0.00,2025-02-25,2025-03-03,2
20250218,34007,Camden County,NJ,0.00,0.00,23.15,75.22,1.63,0.00,2025-02-18,2025-02-24,2
20250211,34007,Camden County,NJ,0.00,0.00,0.00,61.83,38.17,0.00,2025-02-11,2025-02-17,2
20250204,34007,Camden County,NJ,0.00,0.00,0.00,61.83,38.17,0.00,2025-02-04,2025-02-10,2
20250128,34007,Camden County,NJ,0.00,0.00,0.00,61.83,38.17,0.00,2025-01-28,2025-02-03,2
20250121,34007,Camden County,NJ,0.00,0.00,0.00,61.83,38.17,0.00,2025-01-21,2025-01-27,2
20250114,34007,Camden County,NJ,0.00,0.00,0.00,61.83,38.17,0.00,2025-01-14,2025-01-20,2
20250107,34007,Camden County,NJ,0.00,0.00,0.00,61.83,38.17,0.00,2025-01-07,2025-01-13,2
20241231,34007,Camden County,NJ,0.00,0.00,0.00,61.83,38.17,0.00,2024-12-31,2025-01-06,2
20241224,34007,Camden County,NJ,0.00,0.00,0.00,6.08,93.92,0.00,2024-12-24,2024-12-30,2
20241217,34007,Camden County,NJ,0.00,0.00,0.00,0.00,100.00,0.00,2024-12-17,2024-12-23,2
20241210,34007,Camden County,NJ,0.00,0.00,0.00,0.00,100.00,0.00,2024-12-10,2024-12-16,2
20241203,34007,Camden County,NJ,0.00,0.00,0.00,0.00,100.00,0.00,2024-12-03,2024-12-09,2
20241126,34007,Camden County,NJ,0.00,0.00,0.00,0.00,100.00,0.00,2024-11-26,2024-12-02,2
20241119,34007,Camden County,NJ,0.00,0.00,0.00,0.00,100.00,0.00,2024-11-19,2024-11-25,2
20241112,34007,Camden County,NJ,0.00,0.00,0.00,54.25,45.75,0.00,2024-11-12,2024-11-18,2
20241105,34007,Camden County,NJ,0.00,0.00,0.00,88.25,11.75,0.00,2024-11-05,2024-11-11,2
20241029,34007,Camden County,NJ,0.00,0.00,0.00,100.00,0.00,0.00,2024-10-29,2024-11-04,2
20241022,34007,Camden County,NJ,0.00,0.00,45.08,54.92,0.00,0.00,2024-10-22,2024-10-28,2
20241015,34007,Camden County,NJ,0.00,0.00,79.67,20.33,0.00,0.00,2024-10-15,2024-10-21,2
20241008,34007,Camden County,NJ,0.00,63.99,33.61,2.40,0.00,0.00,2024-10-08,2024-10-14,2
20241001,34007,Camden County,NJ,0.00,97.07,2.93,0.00,0.00,0.00,2024-10-01,2024-10-07,2
20240924,34007,Camden County,NJ,0.00,99.59,0.41,0.00,0.00,0.00,2024-09-24,2024-09-30,2
20240917,34007,Camden County,NJ,33.93,65.66,0.41,0.00,0.00,0.00,2024-09-17,2024-09-23,2
20240910,34007,Camden County,NJ,49.24,50.35,0.41,0.00,0.00,0.00,2024-09-10,2024-09-16,2
20240903,34007,Camden County,NJ,49.24,50.76,0.00,0.00,0.00,0.00,2024-09-03,2024-09-09,2
20240827,34007,Camden County,NJ,87.31,12.69,0.00,0.00,0.00,0.00,2024-08-27,2024-09-02,2
20240820,34007,Camden County,NJ,86.99,13.01,0.00,0.00,0.00,0.00,2024-08-20,2024-08-26,2
20240813,34007,Camden County,NJ,100.00,0.00,0.00,0.00,0.00,0.00,2024-08-13,2024-08-19,2
20240806,34007,Camden County,NJ,61.42,38.58,0.00,0.00,0.00,0.00,2024-08-06,2024-08-12,2
20240730,34007,Camden County,NJ,60.83,39.17,0.00,0.00,0.00,0.00,2024-07-30,2024-08-05,2
20240723,34007,Camden County,NJ,60.59,39.41,0.00,0.00,0.00,0.00,2024-07-23,2024-07-29,2
20240716,34007,Camden County,NJ,60.60,38.28,1.11,0.00,0.00,0.00,2024-07-16,2024-07-22,2
20240709,34007,Camden County,NJ,60.60,38.28,1.11,0.00,0.00,0.00,2024-07-09,2024-07-15,2
20240702,34007,Camden County,NJ,80.61,19.39,0.00,0.00,0.00,0.00,2024-07-02,2024-07-08,2
20240625,34007,Camden County,NJ,0.00,80.61,19.39,0.00,0.00,0.00,2024-06-25,2024-07-01,2
20240618,34007,Camden County,NJ,38.38,61.62,0.00,0.00,0.00,0.00,2024-06-18,2024-06-24,2
20240611,34007,Camden County,NJ,83.86,16.14,0.00,0.00,0.00,0.00,2024-06-11,2024-06-17,2
20240604,34007,Camden County,NJ,0.00,100.00,0.00,0.00,0.00,0.00,2024-06-04,2024-06-10,2
20240528,34007,Camden County,NJ,100.00,0.00,0.00,0.00,0.00,0.00,2024-05-28,2024-06-03,2
20240521,34007,Camden County,NJ,100.00,0.00,0.00,0.00,0.00,0.00,2024-05-21,2024-05-27,2
20240514,34007,Camden County,NJ,100.00,0.00,0.00,0.00,0.00,0.00,2024-05-14,2024-05-20,2
20240507,34007,Camden County,NJ,100.00,0.00,0.00,0.00,0.00,0.00,2024-05-07,2024-05-13,2
20240430,34007,Camden County,NJ,100.00,0.00,0.00,0.00,0.00,0.00,2024-04-30,2024-05-06,2
20240423,34007,Camden County,NJ,100.00,0.00,0.00,0.00,0.00,0.00,2024-04-23,2024-04-29,2
20240416,34007,Camden County,NJ,100.00,0.00,0.00,0.00,0.00,0.00,2024-04-16,2024-04-22,2
20240409,34007,Camden County,NJ,100.00,0.00,0.00,0.00,0.00,0.00,2024-04-09,2024-04-15,2
20240402,34007,Camden County,NJ,100.00,0.00,0.00,0.00,0.00,0.00,2024-04-02,2024-04-08,2
20240326,34007,Camden County,NJ,100.00,0.00,0.00,0.00,0.00,0.00,2024-03-26,2024-04-01,2
20240319,34007,Camden County,NJ,100.00,0.00,0.00,0.00,0.00,0.00,2024-03-19,2024-03-25,2
20240312,34007,Camden County,NJ,100.00,0.00,0.00,0.00,0.00,0.00,2024-03-12,2024-03-18,2
20240305,34007,Camden County,NJ,100.00,0.00,0.00,0.00,0.00,0.00,2024-03-05,2024-03-11,2
20240227,34007,Camden County,NJ,100.00,0.00,0.00,0.00,0.00,0.00,2024-02-27,2024-03-04,2
20240220,34007,Camden County,NJ,100.00,0.00,0.00,0.00,0.00,0.00,2024-02-20,2024-02-26,2
20240213,34007,Camden County,NJ,100.00,0.00,0.00,0.00,0.00,0.00,2024-02-13,2024-02-19,2
20240206,34007,Camden County,NJ,100.00,0.00,0.00,0.00,0.00,0.00,2024-02-06,2024-02-12,2
20240130,34007,Camden County,NJ,100.00,0.00,0.00,0.00,0.00,0.00,2024-01-30,2024-02-05,2
20240123,34007,Camden County,NJ,100.00,0.00,0.00,0.00,0.00,0.00,2024-01-23,2024-01-29,2
20240116,34007,Camden County,NJ,100.00,0.00,0.00,0.00,0.00,0.00,2024-01-16,2024-01-22,2
20240109,34007,Camden County,NJ,100.00,0.00,0.00,0.00,0.00,0.00,2024-01-09,2024-01-15,2
20240102,34007,Camden County,NJ,100.00,0.00,0.00,0.00,0.00,0.00,2024-01-02,2024-01-08,2
20231226,34007,Camden County,NJ,100.00,0.00,0.00,0.00,0.00,0.00,2023-12-26,2024-01-01,2
20231219,34007,Camden County,NJ,100.00,0.00,0.00,0.00,0.00,0.00,2023-12-19,2023-12-25,2
20231212,34007,Camden County,NJ,27.94,72.06,0.00,0.00,0.00,0.00,2023-12-12,2023-12-18,2
20231205,34007,Camden County,NJ,5.74,94.26,0.00,0.00,0.00,0.00,2023-12-05,2023-12-11,2
20231128,34007,Camden County,NJ,18.34,81.66,0.00,0.00,0.00,0.00,2023-11-28,2023-12-04,2
20231121,34007,Camden County,NJ,0.00,100.00,0.00,0.00,0.00,0.00,2023-11-21,2023-11-27,2
20231114,34007,Camden County,NJ,0.00,100.00,0.00,0.00,0.00,0.00,2023-11-14,2023-11-20,2
20231107,34007,Camden County,NJ,0.00,100.00,0.00,0.00,0.00,0.00,2023-11-07,2023-11-13,2
20231031,34007,Camden County,NJ,0.00,100.00,0.00,0.00,0.00,0.00,2023-10-31,2023-11-06,2
20231024,34007,Camden County,NJ,100.00,0.00,0.00,0.00,0.00,0.00,2023-10-24,2023-10-30,2
20231017,34007,Camden County,NJ,100.00,0.00,0.00,0.00,0.00,0.00,2023-10-17,2023-10-23,2
20231010,34007,Camden County,NJ,100.00,0.00,0.00,0.00,0.00,0.00,2023-10-10,2023-10-16,2
20231003,34007,Camden County,NJ,100.00,0.00,0.00,0.00,0.00,0.00,2023-10-03,2023-10-09,2
20230926,34007,Camden County,NJ,100.00,0.00,0.00,0.00,0.00,0.00,2023-09-26,2023-10-02,2
20230919,34007,Camden County,NJ,98.95,1.05,0.00,0.00,0.00,0.00,2023-09-19,2023-09-25,2
20230912,34007,Camden County,NJ,98.95,1.05,0.00,0.00,0.00,0.00,2023-09-12,2023-09-18,2
20230905,34007,Camden County,NJ,98.95,1.05,0.00,0.00,0.00,0.00,2023-09-05,2023-09-11,2
20230829,34007,Camden County,NJ,100.00,0.00,0.00,0.00,0.00,0.00,2023-08-29,2023-09-04,2
20230822,34007,Camden County,NJ,100.00,0.00,0.00,0.00,0.00,0.00,2023-08-22,2023-08-28,2
20230815,34007,Camden County,NJ,100.00,0.00,0.00,0.00,0.00,0.00,2023-08-15,2023-08-21,2
20230808,34007,Camden County,NJ,57.91,42.09,0.00,0.00,0.00,0.00,2023-08-08,2023-08-14,2
20230801,34007,Camden County,NJ,57.91,42.09,0.00,0.00,0.00,0.00,2023-08-01,2023-08-07,2
20230725,34007,Camden County,NJ,100.00,0.00,0.00,0.00,0.00,0.00,2023-07-25,2023-07-31,2
20230718,34007,Camden County,NJ,90.74,9.26,0.00,0.00,0.00,0.00,2023-07-18,2023-07-24,2
20230711,34007,Camden County,NJ,75.49,24.51,0.00,0.00,0.00,0.00,2023-07-11,2023-07-17,2
20230704,34007,Camden County,NJ,78.83,21.17,0.00,0.00,0.00,0.00,2023-07-04,2023-07-10,2
20230627,34007,Camden County,NJ,41.99,58.01,0.00,0.00,0.00,0.00,2023-06-27,2023-07-03,2
20230620,34007,Camden County,NJ,0.00,100.00,0.00,0.00,0.00,0.00,2023-06-20,2023-06-26,2
20230613,34007,Camden County,NJ,0.00,100.00,0.00,0.00,0.00,0.00,2023-06-13,2023-06-19,2
20230606,34007,Camden County,NJ,19.88,80.12,0.00,0.00,0.00,0.00,2023-06-06,2023-06-12,2
20230530,34007,Camden County,NJ,95.99,4.01,0.00,0.00,0.00,0.00,2023-05-30,2023-06-05,2
20230523,34007,Camden County,NJ,100.00,0.00,0.00,0.00,0.00,0.00,2023-05-23,2023-05-29,2
20230516,34007,Camden County,NJ,100.00,0.00,0.00,0.00,0.00,0.00,2023-05-16,2023-05-22,2
20230509,34007,Camden County,NJ,100.00,0.00,0.00,0.00,0.00,0.00,2023-05-09,2023-05-15,2
20230502,34007,Camden County,NJ,100.00,0.00,0.00,0.00,0.00,0.00,2023-05-02,2023-05-08,2
20230425,34007,Camden County,NJ,28.89,71.11,0.00,0.00,0.00,0.00,2023-04-25,2023-05-01,2
20230418,34007,Camden County,NJ,56.29,43.71,0.00,0.00,0.00,0.00,2023-04-18,2023-04-24,2
20230411,34007,Camden County,NJ,56.29,43.71,0.00,0.00,0.00,0.00,2023-04-11,2023-04-17,2
20230404,34007,Camden County,NJ,56.29,43.71,0.00,0.00,0.00,0.00,2023-04-04,2023-04-10,2
20230328,34007,Camden County,NJ,54.51,45.49,0.00,0.00,0.00,0.00,2023-03-28,2023-04-03,2
20230321,34007,Camden County,NJ,54.49,45.51,0.00,0.00,0.00,0.00,2023-03-21,2023-03-27,2
20230314,34007,Camden County,NJ,95.00,5.00,0.00,0.00,0.00,0.00,2023-03-14,2023-03-20,2
20230307,34007,Camden County,NJ,95.00,5.00,0.00,0.00,0.00,0.00,2023-03-07,2023-03-13,2
20230228,34007,Camden County,NJ,95.00,5.00,0.00,0.00,0.00,0.00,2023-02-28,2023-03-06,2
20230221,34007,Camden County,NJ,95.00,5.00,0.00,0.00,0.00,0.00,2023-02-21,2023-02-27,2
20230214,34007,Camden County,NJ,95.00,5.00,0.00,0.00,0.00,0.00,2023-02-14,2023-02-20,2
20230207,34007,Camden County,NJ,95.00,5.00,0.00,0.00,0.00,0.00,2023-02-07,2023-02-13,2
20230131,34007,Camden County,NJ,95.00,5.00,0.00,0.00,0.00,0.00,2023-01-31,2023-02-06,2
20230124,34007,Camden County,NJ,95.00,5.00,0.00,0.00,0.00,0.00,2023-01-24,2023-01-30,2
20230117,34007,Camden County,NJ,95.00,5.00,0.00,0.00,0.00,0.00,2023-01-17,2023-01-23,2
20230110,34007,Camden County,NJ,100.00,0.00,0.00,0.00,0.00,0.00,2023-01-10,2023-01-16,2
20230103,34007,Camden County,NJ,100.00,0.00,0.00,0.00,0.00,0.00,2023-01-03,2023-01-09,2
20221227,34007,Camden County,NJ,100.00,0.00,0.00,0.00,0.00,0.00,2022-12-27,2023-01-02,2
20221220,34007,Camden County,NJ,100.00,0.00,0.00,0.00,0.00,0.00,2022-12-20,2022-12-26,2
20221213,34007,Camden County,NJ,100.00,0.00,0.00,0.00,0.00,0.00,2022-12-13,2022-12-19,2
20221206,34007,Camden County,NJ,100.00,0.00,0.00,0.00,0.00,0.00,2022-12-06,2022-12-12,2
20221129,34007,Camden County,NJ,100.00,0.00,0.00,0.00,0.00,0.00,2022-11-29,2022-12-05,2
20221122,34007,Camden County,NJ,100.00,0.00,0.00,0.00,0.00,0.00,2022-11-22,2022-11-28,2
20221115,34007,Camden County,NJ,100.00,0.00,0.00,0.00,0.00,0.00,2022-11-15,2022-11-21,2
20221108,34007,Camden County,NJ,100.00,0.00,0.00,0.00,0.00,0.00,2022-11-08,2022-11-14,2
20221101,34007,Camden County,NJ,100.00,0.00,0.00,0.00,0.00,0.00,2022-11-01,2022-11-07,2
20221025,34007,Camden County,NJ,100.00,0.00,0.00,0.00,0.00,0.00,2022-10-25,2022-10-31,2
20221018,34007,Camden County,NJ,100.00,0.00,0.00,0.00,0.00,0.00,2022-10-18,2022-10-24,2
20221011,34007,Camden County,NJ,100.00,0.00,0.00,0.00,0.00,0.00,2022-10-11,2022-10-17,2
20221004,34007,Camden County,NJ,61.91,38.09,0.00,0.00,0.00,0.00,2022-10-04,2022-10-10,2
20220927,34007,Camden County,NJ,0.00,61.91,38.09,0.00,0.00,0.00,2022-09-27,2022-10-03,2
20220920,34007,Camden County,NJ,6.96,92.51,0.54,0.00,0.00,0.00,2022-09-20,2022-09-26,2
20220913,34007,Camden County,NJ,6.96,92.51,0.54,0.00,0.00,0.00,2022-09-13,2022-09-19,2
20220906,34007,Camden County,NJ,6.96,92.51,0.54,0.00,0.00,0.00,2022-09-06,2022-09-12,2
20220830,34007,Camden County,NJ,58.39,41.07,0.54,0.00,0.00,0.00,2022-08-30,2022-09-05,2
20220823,34007,Camden County,NJ,58.39,41.61,0.00,0.00,0.00,0.00,2022-08-23,2022-08-29,2
20220816,34007,Camden County,NJ,58.39,41.61,0.00,0.00,0.00,0.00,2022-08-16,2022-08-22,2
20220809,34007,Camden County,NJ,84.58,15.42,0.00,0.00,0.00,0.00,2022-08-09,2022-08-15,2
20220802,34007,Camden County,NJ,84.58,15.42,0.00,0.00,0.00,0.00,2022-08-02,2022-08-08,2
20220726,34007,Camden County,NJ,92.48,7.52,0.00,0.00,0.00,0.00,2022-07-26,2022-08-01,2
20220719,34007,Camden County,NJ,92.48,7.52,0.00,0.00,0.00,0.00,2022-07-19,2022-07-25,2
20220712,34007,Camden County,NJ,92.48,7.52,0.00,0.00,0.00,0.00,2022-07-12,2022-07-18,2
20220705,34007,Camden County,NJ,54.95,45.05,0.00,0.00,0.00,0.00,2022-07-05,2022-07-11,2
20220628,34007,Camden County,NJ,54.95,45.05,0.00,0.00,0.00,0.00,2022-06-28,2022-07-04,2
20220621,34007,Camden County,NJ,100.00,0.00,0.00,0.00,0.00,0.00,2022-06-21,2022-06-27,2
20220614,34007,Camden County,NJ,100.00,0.00,0.00,0.00,0.00,0.00,2022-06-14,2022-06-20,2
20220607,34007,Camden County,NJ,100.00,0.00,0.00,0.00,0.00,0.00,2022-06-07,2022-06-13,2
20220531,34007,Camden County,NJ,100.00,0.00,0.00,0.00,0.00,0.00,2022-05-31,2022-06-06,2
20220524,34007,Camden County,NJ,100.00,0.00,0.00,0.00,0.00,0.00,2022-05-24,2022-05-30,2
20220517,34007,Camden County,NJ,100.00,0.00,0.00,0.00,0.00,0.00,2022-05-17,2022-05-23,2
20220510,34007,Camden County,NJ,100.00,0.00,0.00,0.00,0.00,0.00,2022-05-10,2022-05-16,2
20220503,34007,Camden County,NJ,99.68,0.32,0.00,0.00,0.00,0.00,2022-05-03,2022-05-09,2
20220426,34007,Camden County,NJ,99.68,0.32,0.00,0.00,0.00,0.00,2022-04-26,2022-05-02,2
20220419,34007,Camden County,NJ,99.68,0.32,0.00,0.00,0.00,0.00,2022-04-19,2022-04-25,2
20220412,34007,Camden County,NJ,43.53,56.47,0.00,0.00,0.00,0.00,2022-04-12,2022-04-18,2
20220405,34007,Camden County,NJ,0.00,46.39,53.61,0.00,0.00,0.00,2022-04-05,2022-04-11,2
20220329,34007,Camden County,NJ,0.00,46.39,53.61,0.00,0.00,0.00,2022-03-29,2022-04-04,2
20220322,34007,Camden County,NJ,0.00,46.39,53.61,0.00,0.00,0.00,2022-03-22,2022-03-28,2
20220315,34007,Camden County,NJ,0.00,46.39,53.61,0.00,0.00,0.00,2022-03-15,2022-03-21,2
20220308,34007,Camden County,NJ,0.00,46.39,53.61,0.00,0.00,0.00,2022-03-08,2022-03-14,2
20220301,34007,Camden County,NJ,47.54,52.46,0.00,0.00,0.00,0.00,2022-03-01,2022-03-07,2
20220222,34007,Camden County,NJ,47.54,52.46,0.00,0.00,0.00,0.00,2022-02-22,2022-02-28,2
20220215,34007,Camden County,NJ,47.54,52.46,0.00,0.00,0.00,0.00,2022-02-15,2022-02-21,2
20220208,34007,Camden County,NJ,47.54,52.46,0.00,0.00,0.00,0.00,2022-02-08,2022-02-14,2
20220201,34007,Camden County,NJ,47.54,52.46,0.00,0.00,0.00,0.00,2022-02-01,2022-02-07,2
20220125,34007,Camden County,NJ,47.54,52.46,0.00,0.00,0.00,0.00,2022-01-25,2022-01-31,2
20220118,34007,Camden County,NJ,18.06,81.94,0.00,0.00,0.00,0.00,2022-01-18,2022-01-24,2
20220111,34007,Camden County,NJ,19.67,80.33,0.00,0.00,0.00,0.00,2022-01-11,2022-01-17,2
20220104,34007,Camden County,NJ,4.11,95.89,0.00,0.00,0.00,0.00,2022-01-04,2022-01-10,2
20211228,34007,Camden County,NJ,4.11,95.89,0.00,0.00,0.00,0.00,2021-12-28,2022-01-03,2
20211221,34007,Camden County,NJ,4.11,95.89,0.00,0.00,0.00,0.00,2021-12-21,2021-12-27,2
20211214,34007,Camden County,NJ,100.00,0.00,0.00,0.00,0.00,0.00,2021-12-14,2021-12-20,2
20211207,34007,Camden County,NJ,100.00,0.00,0.00,0.00,0.00,0.00,2021-12-07,2021-12-13,2
20211130,34007,Camden County,NJ,100.00,0.00,0.00,0.00,0.00,0.00,2021-11-30,2021-12-06,2
20211123,34007,Camden County,NJ,100.00,0.00,0.00,0.00,0.00,0.00,2021-11-23,2021-11-29,2
20211116,34007,Camden County,NJ,100.00,0.00,0.00,0.00,0.00,0.00,2021-11-16,2021-11-22,2
20211109,34007,Camden County,NJ,100.00,0.00,0.00,0.00,0.00,0.00,2021-11-09,2021-11-15,2
20211102,34007,Camden County,NJ,100.00,0.00,0.00,0.00,0.00,0.00,2021-11-02,2021-11-08,2
20211026,34007,Camden County,NJ,100.00,0.00,0.00,0.00,0.00,0.00,2021-10-26,2021-11-01,2
20211019,34007,Camden County,NJ,100.00,0.00,0.00,0.00,0.00,0.00,2021-10-19,2021-10-25,2
20211012,34007,Camden County,NJ,100.00,0.00,0.00,0.00,0.00,0.00,2021-10-12,2021-10-18,2
20211005,34007,Camden County,NJ,100.00,0.00,0.00,0.00,0.00,0.00,2021-10-05,2021-10-11,2
20210928,34007,Camden County,NJ,100.00,0.00,0.00,0.00,0.00,0.00,2021-09-28,2021-10-04,2
20210921,34007,Camden County,NJ,100.00,0.00,0.00,0.00,0.00,0.00,2021-09-21,2021-09-27,2
20210914,34007,Camden County,NJ,100.00,0.00,0.00,0.00,0.00,0.00,2021-09-14,2021-09-20,2
20210907,34007,Camden County,NJ,100.00,0.00,0.00,0.00,0.00,0.00,2021-09-07,2021-09-13,2
20210831,34007,Camden County,NJ,100.00,0.00,0.00,0.00,0.00,0.00,2021-08-31,2021-09-06,2
20210824,34007,Camden County,NJ,100.00,0.00,0.00,0.00,0.00,0.00,2021-08-24,2021-08-30,2
20210817,34007,Camden County,NJ,100.00,0.00,0.00,0.00,0.00,0.00,2021-08-17,2021-08-23,2
20210810,34007,Camden County,NJ,100.00,0.00,0.00,0.00,0.00,0.00,2021-08-10,2021-08-16,2
20210803,34007,Camden County,NJ,100.00,0.00,0.00,0.00,0.00,0.00,2021-08-03,2021-08-09,2
20210727,34007,Camden County,NJ,100.00,0.00,0.00,0.00,0.00,0.00,2021-07-27,2021-08-02,2
20210720,34007,Camden County,NJ,100.00,0.00,0.00,0.00,0.00,0.00,2021-07-20,2021-07-26,2
20210713,34007,Camden County,NJ,100.00,0.00,0.00,0.00,0.00,0.00,2021-07-13,2021-07-19,2
20210706,34007,Camden County,NJ,100.00,0.00,0.00,0.00,0.00,0.00,2021-07-06,2021-07-12,2
20210629,34007,Camden County,NJ,100.00,0.00,0.00,0.00,0.00,0.00,2021-06-29,2021-07-05,2
20210622,34007,Camden County,NJ,100.00,0.00,0.00,0.00,0.00,0.00,2021-06-22,2021-06-28,2
20210615,34007,Camden County,NJ,100.00,0.00,0.00,0.00,0.00,0.00,2021-06-15,2021-06-21,2
20210608,34007,Camden County,NJ,100.00,0.00,0.00,0.00,0.00,0.00,2021-06-08,2021-06-14,2
20210601,34007,Camden County,NJ,92.07,7.93,0.00,0.00,0.00,0.00,2021-06-01,2021-06-07,2
20210525,34007,Camden County,NJ,0.00,100.00,0.00,0.00,0.00,0.00,2021-05-25,2021-05-31,2
20210518,34007,Camden County,NJ,100.00,0.00,0.00,0.00,0.00,0.00,2021-05-18,2021-05-24,2
20210511,34007,Camden County,NJ,100.00,0.00,0.00,0.00,0.00,0.00,2021-05-11,2021-05-17,2
20210504,34007,Camden County,NJ,100.00,0.00,0.00,0.00,0.00,0.00,2021-05-04,2021-05-10,2
20210427,34007,Camden County,NJ,100.00,0.00,0.00,0.00,0.00,0.00,2021-04-27,2021-05-03,2
20210420,34007,Camden County,NJ,100.00,0.00,0.00,0.00,0.00,0.00,2021-04-20,2021-04-26,2
20210413,34007,Camden County,NJ,100.00,0.00,0.00,0.00,0.00,0.00,2021-04-13,2021-04-19,2
20210406,34007,Camden County,NJ,100.00,0.00,0.00,0.00,0.00,0.00,2021-04-06,2021-04-12,2
20210330,34007,Camden County,NJ,100.00,0.00,0.00,0.00,0.00,0.00,2021-03-30,2021-04-05,2
20210323,34007,Camden County,NJ,100.00,0.00,0.00,0.00,0.00,0.00,2021-03-23,2021-03-29,2
20210316,34007,Camden County,NJ,100.00,0.00,0.00,0.00,0.00,0.00,2021-03-16,2021-03-22,2
20210309,34007,Camden County,NJ,100.00,0.00,0.00,0.00,0.00,0.00,2021-03-09,2021-03-15,2
20210302,34007,Camden County,NJ,100.00,0.00,0.00,0.00,0.00,0.00,2021-03-02,2021-03-08,2
20210223,34007,Camden County,NJ,100.00,0.00,0.00,0.00,0.00,0.00,2021-02-23,2021-03-01,2
20210216,34007,Camden County,NJ,100.00,0.00,0.00,0.00,0.00,0.00,2021-02-16,2021-02-22,2
20210209,34007,Camden County,NJ,100.00,0.00,0.00,0.00,0.00,0.00,2021-02-09,2021-02-15,2
20210202,34007,Camden County,NJ,100.00,0.00,0.00,0.00,0.00,0.00,2021-02-02,2021-02-08,2
20210126,34007,Camden County,NJ,100.00,0.00,0.00,0.00,0.00,0.00,2021-01-26,2021-02-01,2
20210119,34007,Camden County,NJ,100.00,0.00,0.00,0.00,0.00,0.00,2021-01-19,2021-01-25,2
20210112,34007,Camden County,NJ,100.00,0.00,0.00,0.00,0.00,0.00,2021-01-12,2021-01-18,2
20210105,34007,Camden County,NJ,100.00,0.00,0.00,0.00,0.00,0.00,2021-01-05,2021-01-11,2
20201229,34007,Camden County,NJ,100.00,0.00,0.00,0.00,0.00,0.00,2020-12-29,2021-01-04,2
20201222,34007,Camden County,NJ,100.00,0.00,0.00,0.00,0.00,0.00,2020-12-22,2020-12-28,2
20201215,34007,Camden County,NJ,100.00,0.00,0.00,0.00,0.00,0.00,2020-12-15,2020-12-21,2
20201208,34007,Camden County,NJ,100.00,0.00,0.00,0.00,0.00,0.00,2020-12-08,2020-12-14,2
20201201,34007,Camden County,NJ,100.00,0.00,0.00,0.00,0.00,0.00,2020-12-01,2020-12-07,2
20201124,34007,Camden County,NJ,100.00,0.00,0.00,0.00,0.00,0.00,2020-11-24,2020-11-30,2
20251118,34009,Cape May County,NJ,23.16,76.84,0.00,0.00,0.00,0.00,2025-11-18,2025-11-24,2
20251111,34009,Cape May County,NJ,23.16,76.84,0.00,0.00,0.00,0.00,2025-11-11,2025-11-17,2
20251104,34009,Cape May County,NJ,23.45,76.55,0.00,0.00,0.00,0.00,2025-11-04,2025-11-10,2
20251028,34009,Cape May County,NJ,23.99,76.01,0.00,0.00,0.00,0.00,2025-10-28,2025-11-03,2
20251021,34009,Cape May County,NJ,100.00,0.00,0.00,0.00,0.00,0.00,2025-10-21,2025-10-27,2
20251014,34009,Cape May County,NJ,100.00,0.00,0.00,0.00,0.00,0.00,2025-10-14,2025-10-20,2
20251007,34009,Cape May County,NJ,100.00,0.00,0.00,0.00,0.00,0.00,2025-10-07,2025-10-13,2
20250930,34009,Cape May County,NJ,100.00,0.00,0.00,0.00,0.00,0.00,2025-09-30,2025-10-06,2
20250923,34009,Cape May County,NJ,100.00,0.00,0.00,0.00,0.00,0.00,2025-09-23,2025-09-29,2
20250916,34009,Cape May County,NJ,4.82,95.18,0.00,0.00,0.00,0.00,2025-09-16,2025-09-22,2
20250909,34009,Cape May County,NJ,4.82,95.18,0.00,0.00,0.00,0.00,2025-09-09,2025-09-15,2
20250902,34009,Cape May County,NJ,4.82,95.18,0.00,0.00,0.00,0.00,2025-09-02,2025-09-08,2
20250826,34009,Cape May County,NJ,53.13,46.87,0.00,0.00,0.00,0.00,2025-08-26,2025-09-01,2
20250819,34009,Cape May County,NJ,100.00,0.00,0.00,0.00,0.00,0.00,2025-08-19,2025-08-25,2
20250812,34009,Cape May County,NJ,100.00,0.00,0.00,0.00,0.00,0.00,2025-08-12,2025-08-18,2
20250805,34009,Cape May County,NJ,100.00,0.00,0.00,0.00,0.00,0.00,2025-08-05,2025-08-11,2
20250729,34009,Cape May County,NJ,100.00,0.00,0.00,0.00,0.00,0.00,2025-07-29,2025-08-04,2
20250722,34009,Cape May County,NJ,100.00,0.00,0.00,0.00,0.00,0.00,2025-07-22,2025-07-28,2
20250715,34009,Cape May County,NJ,100.00,0.00,0.00,0.00,0.00,0.00,2025-07-15,2025-07-21,2
20250708,34009,Cape May County,NJ,90.61,9.39,0.00,0.00,0.00,0.00,2025-07-08,2025-07-14,2
20250701,34009,Cape May County,NJ,90.61,9.39,0.00,0.00,0.00,0.00,2025-07-01,2025-07-07,2
20250624,34009,Cape May County,NJ,90.61,9.39,0.00,0.00,0.00,0.00,2025-06-24,2025-06-30,2
20250617,34009,Cape May County,NJ,90.61,9.39,0.00,0.00,0.00,0.00,2025-06-17,2025-06-23,2
20250610,34009,Cape May County,NJ,90.66,9.34,0.00,0.00,0.00,0.00,2025-06-10,2025-06-16,2
20250603,34009,Cape May County,NJ,90.63,9.37,0.00,0.00,0.00,0.00,2025-06-03,2025-06-09,2
20250527,34009,Cape May County,NJ,4.47,95.53,0.00,0.00,0.00,0.00,2025-05-27,2025-06-02,2
20250520,34009,Cape May County,NJ,4.47,95.53,0.00,0.00,0.00,0.00,2025-05-20,2025-05-26,2
20250513,34009,Cape May County,NJ,4.47,15.88,79.65,0.00,0.00,0.00,2025-05-13,2025-05-19,2
20250506,34009,Cape May County,NJ,4.47,15.88,79.65,0.00,0.00,0.00,2025-05-06,2025-05-12,2
20250429,34009,Cape May County,NJ,4.47,15.88,79.65,0.00,0.00,0.00,2025-04-29,2025-05-05,2
20250422,34009,Cape May County,NJ,4.47,15.88,79.65,0.00,0.00,0.00,2025-04-22,2025-04-28,2
20250415,34009,Cape May County,NJ,4.47,15.88,79.65,0.00,0.00,0.00,2025-04-15,2025-04-21,2
20250408,34009,Cape May County,NJ,0.00,0.00,37.04,62.96,0.00,0.00,2025-04-08,2025-04-14,2
20250401,34009,Cape May County,NJ,0.00,0.00,23.66,65.89,10.44,0.00,2025-04-01,2025-04-07,2
20250325,34009,Cape May County,NJ,0.00,0.00,20.89,64.11,15.00,0.00,2025-03-25,2025-03-31,2
20250318,34009,Cape May County,NJ,0.00,0.00,0.00,71.00,29.00,0.00,2025-03-18,2025-03-24,2
20250311,34009,Cape May County,NJ,0.00,0.00,0.00,0.00,100.00,0.00,2025-03-11,2025-03-17,2
20250304,34009,Cape May County,NJ,0.00,0.00,0.00,0.00,100.00,0.00,2025-03-04,2025-03-10,2
20250225,34009,Cape May County,NJ,0.00,0.00,0.00,0.00,100.00,0.00,2025-02-25,2025-03-03,2
20250218,34009,Cape May County,NJ,0.00,0.00,0.00,0.00,100.00,0.00,2025-02-18,2025-02-24,2
20250211,34009,Cape May County,NJ,0.00,0.00,0.00,0.00,100.00,0.00,2025-02-11,2025-02-17,2
20250204,34009,Cape May County,NJ,0.00,0.00,0.00,0.00,100.00,0.00,2025-02-04,2025-02-10,2
20250128,34009,Cape May County,NJ,0.00,0.00,0.00,0.00,100.00,0.00,2025-01-28,2025-02-03,2
20250121,34009,Cape May County,NJ,0.00,0.00,0.00,0.00,100.00,0.00,2025-01-21,2025-01-27,2
20250114,34009,Cape May County,NJ,0.00,0.00,0.00,0.00,100.00,0.00,2025-01-14,2025-01-20,2
20250107,34009,Cape May County,NJ,0.00,0.00,0.00,0.00,100.00,0.00,2025-01-07,2025-01-13,2
20241231,34009,Cape May County,NJ,0.00,0.00,0.00,0.00,100.00,0.00,2024-12-31,2025-01-06,2
20241224,34009,Cape May County,NJ,0.00,0.00,0.00,0.00,100.00,0.00,2024-12-24,2024-12-30,2
20241217,34009,Cape May County,NJ,0.00,0.00,0.00,0.00,100.00,0.00,2024-12-17,2024-12-23,2
20241210,34009,Cape May County,NJ,0.00,0.00,0.00,0.00,100.00,0.00,2024-12-10,2024-12-16,2
20241203,34009,Cape May County,NJ,0.00,0.00,0.00,0.00,100.00,0.00,2024-12-03,2024-12-09,2
20241126,34009,Cape May County,NJ,0.00,0.00,0.00,0.00,100.00,0.00,2024-11-26,2024-12-02,2
20241119,34009,Cape May County,NJ,0.00,0.00,0.00,0.02,99.98,0.00,2024-11-19,2024-11-25,2
20241112,34009,Cape May County,NJ,0.00,0.00,0.00,50.33,49.67,0.00,2024-11-12,2024-11-18,2
20241105,34009,Cape May County,NJ,0.00,0.00,0.00,100.00,0.00,0.00,2024-11-05,2024-11-11,2
20241029,34009,Cape May County,NJ,0.00,0.00,0.75,99.25,0.00,0.00,2024-10-29,2024-11-04,2
20241022,34009,Cape May County,NJ,0.00,0.00,100.00,0.00,0.00,0.00,2024-10-22,2024-10-28,2
20241015,34009,Cape May County,NJ,0.00,0.00,100.00,0.00,0.00,0.00,2024-10-15,2024-10-21,2
20241008,34009,Cape May County,NJ,0.00,100.00,0.00,0.00,0.00,0.00,2024-10-08,2024-10-14,2
20241001,34009,Cape May County,NJ,0.00,100.00,0.00,0.00,0.00,0.00,2024-10-01,2024-10-07,2
20240924,34009,Cape May County,NJ,0.00,100.00,0.00,0.00,0.00,0.00,2024-09-24,2024-09-30,2
20240917,34009,Cape May County,NJ,0.00,100.00,0.00,0.00,0.00,0.00,2024-09-17,2024-09-23,2
20240910,34009,Cape May County,NJ,0.00,100.00,0.00,0.00,0.00,0.00,2024-09-10,2024-09-16,2
20240903,34009,Cape May County,NJ,49.12,50.88,0.00,0.00,0.00,0.00,2024-09-03,2024-09-09,2
20240827,34009,Cape May County,NJ,99.99,0.01,0.00,0.00,0.00,0.00,2024-08-27,2024-09-02,2
20240820,34009,Cape May County,NJ,100.00,0.00,0.00,0.00,0.00,0.00,2024-08-20,2024-08-26,2
20240813,34009,Cape May County,NJ,100.00,0.00,0.00,0.00,0.00,0.00,2024-08-13,2024-08-19,2
20240806,34009,Cape May County,NJ,100.00,0.00,0.00,0.00,0.00,0.00,2024-08-06,2024-08-12,2
20240730,34009,Cape May County,NJ,100.00,0.00,0.00,0.00,0.00,0.00,2024-07-30,2024-08-05,2
20240723,34009,Cape May County,NJ,100.00,0.00,0.00,0.00,0.00,0.00,2024-07-23,2024-07-29,2
20240716,34009,Cape May County,NJ,100.00,0.00,0.00,0.00,0.00,0.00,2024-07-16,2024-07-22,2
20240709,34009,Cape May County,NJ,57.44,42.56,0.00,0.00,0.00,0.00,2024-07-09,2024-07-15,2
20240702,34009,Cape May County,NJ,57.42,42.58,0.00,0.00,0.00,0.00,2024-07-02,2024-07-08,2
20240625,34009,Cape May County,NJ,0.00,95.50,4.50,0.00,0.00,0.00,2024-06-25,2024-07-01,2
20240618,34009,Cape May County,NJ,0.00,100.00,0.00,0.00,0.00,0.00,2024-06-18,2024-06-24,2
20240611,34009,Cape May County,NJ,0.00,100.00,0.00,0.00,0.00,0.00,2024-06-11,2024-06-17,2
20240604,34009,Cape May County,NJ,0.00,100.00,0.00,0.00,0.00,0.00,2024-06-04,2024-06-10,2
20240528,34009,Cape May County,NJ,100.00,0.00,0.00,0.00,0.00,0.00,2024-05-28,2024-06-03,2
20240521,34009,Cape May County,NJ,100.00,0.00,0.00,0.00,0.00,0.00,2024-05-21,2024-05-27,2
20240514,34009,Cape May County,NJ,100.00,0.00,0.00,0.00,0.00,0.00,2024-05-14,2024-05-20,2
20240507,34009,Cape May County,NJ,100.00,0.00,0.00,0.00,0.00,0.00,2024-05-07,2024-05-13,2
20240430,34009,Cape May County,NJ,100.00,0.00,0.00,0.00,0.00,0.00,2024-04-30,2024-05-06,2
20240423,34009,Cape May County,NJ,100.00,0.00,0.00,0.00,0.00,0.00,2024-04-23,2024-04-29,2
20240416,34009,Cape May County,NJ,100.00,0.00,0.00,0.00,0.00,0.00,2024-04-16,2024-04-22,2
20240409,34009,Cape May County,NJ,100.00,0.00,0.00,0.00,0.00,0.00,2024-04-09,2024-04-15,2
20240402,34009,Cape May County,NJ,100.00,0.00,0.00,0.00,0.00,0.00,2024-04-02,2024-04-08,2
20240326,34009,Cape May County,NJ,100.00,0.00,0.00,0.00,0.00,0.00,2024-03-26,2024-04-01,2
20240319,34009,Cape May County,NJ,100.00,0.00,0.00,0.00,0.00,0.00,2024-03-19,2024-03-25,2
20240312,34009,Cape May County,NJ,100.00,0.00,0.00,0.00,0.00,0.00,2024-03-12,2024-03-18,2
20240305,34009,Cape May County,NJ,100.00,0.00,0.00,0.00,0.00,0.00,2024-03-05,2024-03-11,2
20240227,34009,Cape May County,NJ,100.00,0.00,0.00,0.00,0.00,0.00,2024-02-27,2024-03-04,2
20240220,34009,Cape May County,NJ,100.00,0.00,0.00,0.00,0.00,0.00,2024-02-20,2024-02-26,2
20240213,34009,Cape May County,NJ,100.00,0.00,0.00,0.00,0.00,0.00,2024-02-13,2024-02-19,2
20240206,34009,Cape May County,NJ,100.00,0.00,0.00,0.00,0.00,0.00,2024-02-06,2024-02-12,2
20240130,34009,Cape May County,NJ,100.00,0.00,0.00,0.00,0.00,0.00,2024-01-30,2024-02-05,2
20240123,34009,Cape May County,NJ,100.00,0.00,0.00,0.00,0.00,0.00,2024-01-23,2024-01-29,2
20240116,34009,Cape May County,NJ,100.00,0.00,0.00,0.00,0.00,0.00,2024-01-16,2024-01-22,2
20240109,34009,Cape May County,NJ,100.00,0.00,0.00,0.00,0.00,0.00,2024-01-09,2024-01-15,2
20240102,34009,Cape May County,NJ,100.00,0.00,0.00,0.00,0.00,0.00,2024-01-02,2024-01-08,2
20231226,34009,Cape May County,NJ,100.00,0.00,0.00,0.00,0.00,0.00,2023-12-26,2024-01-01,2
20231219,34009,Cape May County,NJ,100.00,0.00,0.00,0.00,0.00,0.00,2023-12-19,2023-12-25,2
20231212,34009,Cape May County,NJ,33.08,66.92,0.00,0.00,0.00,0.00,2023-12-12,2023-12-18,2
20231205,34009,Cape May County,NJ,33.08,66.92,0.00,0.00,0.00,0.00,2023-12-05,2023-12-11,2
20231128,34009,Cape May County,NJ,86.50,13.50,0.00,0.00,0.00,0.00,2023-11-28,2023-12-04,2
20231121,34009,Cape May County,NJ,86.50,13.50,0.00,0.00,0.00,0.00,2023-11-21,2023-11-27,2
20231114,34009,Cape May County,NJ,90.94,9.06,0.00,0.00,0.00,0.00,2023-11-14,2023-11-20,2
20231107,34009,Cape May County,NJ,91.54,8.46,0.00,0.00,0.00,0.00,2023-11-07,2023-11-13,2
20231031,34009,Cape May County,NJ,100.00,0.00,0.00,0.00,0.00,0.00,2023-10-31,2023-11-06,2
20231024,34009,Cape May County,NJ,100.00,0.00,0.00,0.00,0.00,0.00,2023-10-24,2023-10-30,2
20231017,34009,Cape May County,NJ,100.00,0.00,0.00,0.00,0.00,0.00,2023-10-17,2023-10-23,2
20231010,34009,Cape May County,NJ,100.00,0.00,0.00,0.00,0.00,0.00,2023-10-10,2023-10-16,2
20231003,34009,Cape May County,NJ,100.00,0.00,0.00,0.00,0.00,0.00,2023-10-03,2023-10-09,2
20230926,34009,Cape May County,NJ,100.00,0.00,0.00,0.00,0.00,0.00,2023-09-26,2023-10-02,2
20230919,34009,Cape May County,NJ,52.29,47.71,0.00,0.00,0.00,0.00,2023-09-19,2023-09-25,2
20230912,34009,Cape May County,NJ,52.29,47.71,0.00,0.00,0.00,0.00,2023-09-12,2023-09-18,2
20230905,34009,Cape May County,NJ,52.29,47.71,0.00,0.00,0.00,0.00,2023-09-05,2023-09-11,2
20230829,34009,Cape May County,NJ,52.29,47.71,0.00,0.00,0.00,0.00,2023-08-29,2023-09-04,2
20230822,34009,Cape May County,NJ,52.29,47.71,0.00,0.00,0.00,0.00,2023-08-22,2023-08-28,2
20230815,34009,Cape May County,NJ,52.29,47.71,0.00,0.00,0.00,0.00,2023-08-15,2023-08-21,2
20230808,34009,Cape May County,NJ,49.22,50.78,0.00,0.00,0.00,0.00,2023-08-08,2023-08-14,2
20230801,34009,Cape May County,NJ,0.00,100.00,0.00,0.00,0.00,0.00,2023-08-01,2023-08-07,2
20230725,34009,Cape May County,NJ,0.00,23.65,76.35,0.00,0.00,0.00,2023-07-25,2023-07-31,2
20230718,34009,Cape May County,NJ,0.00,23.65,76.35,0.00,0.00,0.00,2023-07-18,2023-07-24,2
20230711,34009,Cape May County,NJ,0.00,24.24,75.76,0.00,0.00,0.00,2023-07-11,2023-07-17,2
20230704,34009,Cape May County,NJ,0.00,24.24,75.76,0.00,0.00,0.00,2023-07-04,2023-07-10,2
20230627,34009,Cape May County,NJ,0.00,89.16,10.84,0.00,0.00,0.00,2023-06-27,2023-07-03,2
20230620,34009,Cape May County,NJ,21.55,78.45,0.00,0.00,0.00,0.00,2023-06-20,2023-06-26,2
20230613,34009,Cape May County,NJ,75.96,24.04,0.00,0.00,0.00,0.00,2023-06-13,2023-06-19,2
20230606,34009,Cape May County,NJ,100.00,0.00,0.00,0.00,0.00,0.00,2023-06-06,2023-06-12,2
20230530,34009,Cape May County,NJ,100.00,0.00,0.00,0.00,0.00,0.00,2023-05-30,2023-06-05,2
20230523,34009,Cape May County,NJ,100.00,0.00,0.00,0.00,0.00,0.00,2023-05-23,2023-05-29,2
20230516,34009,Cape May County,NJ,100.00,0.00,0.00,0.00,0.00,0.00,2023-05-16,2023-05-22,2
20230509,34009,Cape May County,NJ,100.00,0.00,0.00,0.00,0.00,0.00,2023-05-09,2023-05-15,2
20230502,34009,Cape May County,NJ,100.00,0.00,0.00,0.00,0.00,0.00,2023-05-02,2023-05-08,2
20230425,34009,Cape May County,NJ,0.00,100.00,0.00,0.00,0.00,0.00,2023-04-25,2023-05-01,2
20230418,34009,Cape May County,NJ,0.00,100.00,0.00,0.00,0.00,0.00,2023-04-18,2023-04-24,2
20230411,34009,Cape May County,NJ,0.00,100.00,0.00,0.00,0.00,0.00,2023-04-11,2023-04-17,2
20230404,34009,Cape May County,NJ,0.00,100.00,0.00,0.00,0.00,0.00,2023-04-04,2023-04-10,2
20230328,34009,Cape May County,NJ,0.00,100.00,0.00,0.00,0.00,0.00,2023-03-28,2023-04-03,2
20230321,34009,Cape May County,NJ,0.00,100.00,0.00,0.00,0.00,0.00,2023-03-21,2023-03-27,2
20230314,34009,Cape May County,NJ,1.07,98.93,0.00,0.00,0.00,0.00,2023-03-14,2023-03-20,2
20230307,34009,Cape May County,NJ,1.07,98.93,0.00,0.00,0.00,0.00,2023-03-07,2023-03-13,2
20230228,34009,Cape May County,NJ,1.07,98.93,0.00,0.00,0.00,0.00,2023-02-28,2023-03-06,2
20230221,34009,Cape May County,NJ,1.07,98.93,0.00,0.00,0.00,0.00,2023-02-21,2023-02-27,2
20230214,34009,Cape May County,NJ,1.07,98.93,0.00,0.00,0.00,0.00,2023-02-14,2023-02-20,2
20230207,34009,Cape May County,NJ,1.07,98.93,0.00,0.00,0.00,0.00,2023-02-07,2023-02-13,2
20230131,34009,Cape May County,NJ,1.07,98.93,0.00,0.00,0.00,0.00,2023-01-31,2023-02-06,2
20230124,34009,Cape May County,NJ,1.07,98.93,0.00,0.00,0.00,0.00,2023-01-24,2023-01-30,2
20230117,34009,Cape May County,NJ,1.07,98.93,0.00,0.00,0.00,0.00,2023-01-17,2023-01-23,2
20230110,34009,Cape May County,NJ,4.94,95.06,0.00,0.00,0.00,0.00,2023-01-10,2023-01-16,2
20230103,34009,Cape May County,NJ,4.94,95.06,0.00,0.00,0.00,0.00,2023-01-03,2023-01-09,2
20221227,34009,Cape May County,NJ,4.94,95.06,0.00,0.00,0.00,0.00,2022-12-27,2023-01-02,2
20221220,34009,Cape May County,NJ,4.94,95.06,0.00,0.00,0.00,0.00,2022-12-20,2022-12-26,2
20221213,34009,Cape May County,NJ,4.42,95.58,0.00,0.00,0.00,0.00,2022-12-13,2022-12-19,2
20221206,34009,Cape May County,NJ,4.42,95.58,0.00,0.00,0.00,0.00,2022-12-06,2022-12-12,2
20221129,34009,Cape May County,NJ,4.42,72.58,23.01,0.00,0.00,0.00,2022-11-29,2022-12-05,2
20221122,34009,Cape May County,NJ,4.42,72.58,23.01,0.00,0.00,0.00,2022-11-22,2022-11-28,2
20221115,34009,Cape May County,NJ,4.27,56.00,39.73,0.00,0.00,0.00,2022-11-15,2022-11-21,2
20221108,34009,Cape May County,NJ,4.27,56.00,39.73,0.00,0.00,0.00,2022-11-08,2022-11-14,2
20221101,34009,Cape May County,NJ,10.30,49.97,39.73,0.00,0.00,0.00,2022-11-01,2022-11-07,2
20221025,34009,Cape May County,NJ,10.30,49.97,39.73,0.00,0.00,0.00,2022-10-25,2022-10-31,2
20221018,34009,Cape May County,NJ,0.93,59.34,39.73,0.00,0.00,0.00,2022-10-18,2022-10-24,2
20221011,34009,Cape May County,NJ,0.93,59.34,39.73,0.00,0.00,0.00,2022-10-11,2022-10-17,2
20221004,34009,Cape May County,NJ,0.86,46.00,53.15,0.00,0.00,0.00,2022-10-04,2022-10-10,2
20220927,34009,Cape May County,NJ,0.00,0.86,46.00,53.15,0.00,0.00,2022-09-27,2022-10-03,2
20220920,34009,Cape May County,NJ,0.00,0.86,46.00,53.15,0.00,0.00,2022-09-20,2022-09-26,2
20220913,34009,Cape May County,NJ,0.00,0.86,46.00,53.15,0.00,0.00,2022-09-13,2022-09-19,2
20220906,34009,Cape May County,NJ,0.00,0.00,1.71,98.29,0.00,0.00,2022-09-06,2022-09-12,2
20220830,34009,Cape May County,NJ,0.00,0.00,1.71,98.29,0.00,0.00,2022-08-30,2022-09-05,2
20220823,34009,Cape May County,NJ,0.00,0.00,100.00,0.00,0.00,0.00,2022-08-23,2022-08-29,2
20220816,34009,Cape May County,NJ,0.00,100.00,0.00,0.00,0.00,0.00,2022-08-16,2022-08-22,2
20220809,34009,Cape May County,NJ,0.00,100.00,0.00,0.00,0.00,0.00,2022-08-09,2022-08-15,2
20220802,34009,Cape May County,NJ,0.00,100.00,0.00,0.00,0.00,0.00,2022-08-02,2022-08-08,2
20220726,34009,Cape May County,NJ,0.00,100.00,0.00,0.00,0.00,0.00,2022-07-26,2022-08-01,2
20220719,34009,Cape May County,NJ,0.00,100.00,0.00,0.00,0.00,0.00,2022-07-19,2022-07-25,2
20220712,34009,Cape May County,NJ,0.00,100.00,0.00,0.00,0.00,0.00,2022-07-12,2022-07-18,2
20220705,34009,Cape May County,NJ,0.00,100.00,0.00,0.00,0.00,0.00,2022-07-05,2022-07-11,2
20220628,34009,Cape May County,NJ,0.00,100.00,0.00,0.00,0.00,0.00,2022-06-28,2022-07-04,2
20220621,34009,Cape May County,NJ,1.17,98.83,0.00,0.00,0.00,0.00,2022-06-21,2022-06-27,2
20220614,34009,Cape May County,NJ,1.17,98.83,0.00,0.00,0.00,0.00,2022-06-14,2022-06-20,2
20220607,34009,Cape May County,NJ,1.17,98.83,0.00,0.00,0.00,0.00,2022-06-07,2022-06-13,2
20220531,34009,Cape May County,NJ,1.17,98.83,0.00,0.00,0.00,0.00,2022-05-31,2022-06-06,2
20220524,34009,Cape May County,NJ,1.17,98.83,0.00,0.00,0.00,0.00,2022-05-24,2022-05-30,2
20220517,34009,Cape May County,NJ,1.17,98.83,0.00,0.00,0.00,0.00,2022-05-17,2022-05-23,2
20220510,34009,Cape May County,NJ,1.17,98.83,0.00,0.00,0.00,0.00,2022-05-10,2022-05-16,2
20220503,34009,Cape May County,NJ,0.00,100.00,0.00,0.00,0.00,0.00,2022-05-03,2022-05-09,2
20220426,34009,Cape May County,NJ,0.00,100.00,0.00,0.00,0.00,0.00,2022-04-26,2022-05-02,2
20220419,34009,Cape May County,NJ,0.00,100.00,0.00,0.00,0.00,0.00,2022-04-19,2022-04-25,2
20220412,34009,Cape May County,NJ,0.00,0.86,99.14,0.00,0.00,0.00,2022-04-12,2022-04-18,2
20220405,34009,Cape May County,NJ,0.00,0.00,100.00,0.00,0.00,0.00,2022-04-05,2022-04-11,2
20220329,34009,Cape May County,NJ,0.00,0.00,100.00,0.00,0.00,0.00,2022-03-29,2022-04-04,2
20220322,34009,Cape May County,NJ,0.00,0.00,100.00,0.00,0.00,0.00,2022-03-22,2022-03-28,2
20220315,34009,Cape May County,NJ,0.00,0.00,100.00,0.00,0.00,0.00,2022-03-15,2022-03-21,2
20220308,34009,Cape May County,NJ,0.00,0.00,100.00,0.00,0.00,0.00,2022-03-08,2022-03-14,2
20220301,34009,Cape May County,NJ,0.00,100.00,0.00,0.00,0.00,0.00,2022-03-01,2022-03-07,2
20220222,34009,Cape May County,NJ,0.00,100.00,0.00,0.00,0.00,0.00,2022-02-22,2022-02-28,2
20220215,34009,Cape May County,NJ,0.00,100.00,0.00,0.00,0.00,0.00,2022-02-15,2022-02-21,2
20220208,34009,Cape May County,NJ,0.00,100.00,0.00,0.00,0.00,0.00,2022-02-08,2022-02-14,2
20220201,34009,Cape May County,NJ,0.00,100.00,0.00,0.00,0.00,0.00,2022-02-01,2022-02-07,2
20220125,34009,Cape May County,NJ,0.00,100.00,0.00,0.00,0.00,0.00,2022-01-25,2022-01-31,2
20220118,34009,Cape May County,NJ,0.00,100.00,0.00,0.00,0.00,0.00,2022-01-18,2022-01-24,2
20220111,34009,Cape May County,NJ,0.00,100.00,0.00,0.00,0.00,0.00,2022-01-11,2022-01-17,2
20220104,34009,Cape May County,NJ,0.00,100.00,0.00,0.00,0.00,0.00,2022-01-04,2022-01-10,2
20211228,34009,Cape May County,NJ,0.00,100.00,0.00,0.00,0.00,0.00,2021-12-28,2022-01-03,2
20211221,34009,Cape May County,NJ,0.00,100.00,0.00,0.00,0.00,0.00,2021-12-21,2021-12-27,2
20211214,34009,Cape May County,NJ,0.00,100.00,0.00,0.00,0.00,0.00,2021-12-14,2021-12-20,2
20211207,34009,Cape May County,NJ,100.00,0.00,0.00,0.00,0.00,0.00,2021-12-07,2021-12-13,2
20211130,34009,Cape May County,NJ,100.00,0.00,0.00,0.00,0.00,0.00,2021-11-30,2021-12-06,2
20211123,34009,Cape May County,NJ,100.00,0.00,0.00,0.00,0.00,0.00,2021-11-23,2021-11-29,2
20211116,34009,Cape May County,NJ,100.00,0.00,0.00,0.00,0.00,0.00,2021-11-16,2021-11-22,2
20211109,34009,Cape May County,NJ,100.00,0.00,0.00,0.00,0.00,0.00,2021-11-09,2021-11-15,2
20211102,34009,Cape May County,NJ,100.00,0.00,0.00,0.00,0.00,0.00,2021-11-02,2021-11-08,2
20211026,34009,Cape May County,NJ,100.00,0.00,0.00,0.00,0.00,0.00,2021-10-26,2021-11-01,2
20211019,34009,Cape May County,NJ,100.00,0.00,0.00,0.00,0.00,0.00,2021-10-19,2021-10-25,2
20211012,34009,Cape May County,NJ,100.00,0.00,0.00,0.00,0.00,0.00,2021-10-12,2021-10-18,2
20211005,34009,Cape May County,NJ,100.00,0.00,0.00,0.00,0.00,0.00,2021-10-05,2021-10-11,2
20210928,34009,Cape May County,NJ,100.00,0.00,0.00,0.00,0.00,0.00,2021-09-28,2021-10-04,2
20210921,34009,Cape May County,NJ,100.00,0.00,0.00,0.00,0.00,0.00,2021-09-21,2021-09-27,2
20210914,34009,Cape May County,NJ,100.00,0.00,0.00,0.00,0.00,0.00,2021-09-14,2021-09-20,2
20210907,34009,Cape May County,NJ,100.00,0.00,0.00,0.00,0.00,0.00,2021-09-07,2021-09-13,2
20210831,34009,Cape May County,NJ,100.00,0.00,0.00,0.00,0.00,0.00,2021-08-31,2021-09-06,2
20210824,34009,Cape May County,NJ,100.00,0.00,0.00,0.00,0.00,0.00,2021-08-24,2021-08-30,2
20210817,34009,Cape May County,NJ,100.00,0.00,0.00,0.00,0.00,0.00,2021-08-17,2021-08-23,2
20210810,34009,Cape May County,NJ,100.00,0.00,0.00,0.00,0.00,0.00,2021-08-10,2021-08-16,2
20210803,34009,Cape May County,NJ,100.00,0.00,0.00,0.00,0.00,0.00,2021-08-03,2021-08-09,2
20210727,34009,Cape May County,NJ,100.00,0.00,0.00,0.00,0.00,0.00,2021-07-27,2021-08-02,2
20210720,34009,Cape May County,NJ,100.00,0.00,0.00,0.00,0.00,0.00,2021-07-20,2021-07-26,2
20210713,34009,Cape May County,NJ,100.00,0.00,0.00,0.00,0.00,0.00,2021-07-13,2021-07-19,2
20210706,34009,Cape May County,NJ,100.00,0.00,0.00,0.00,0.00,0.00,2021-07-06,2021-07-12,2
20210629,34009,Cape May County,NJ,100.00,0.00,0.00,0.00,0.00,0.00,2021-06-29,2021-07-05,2
20210622,34009,Cape May County,NJ,100.00,0.00,0.00,0.00,0.00,0.00,2021-06-22,2021-06-28,2
20210615,34009,Cape May County,NJ,100.00,0.00,0.00,0.00,0.00,0.00,2021-06-15,2021-06-21,2
20210608,34009,Cape May County,NJ,0.56,99.44,0.00,0.00,0.00,0.00,2021-06-08,2021-06-14,2
20210601,34009,Cape May County,NJ,0.56,99.44,0.00,0.00,0.00,0.00,2021-06-01,2021-06-07,2
20210525,34009,Cape May County,NJ,0.00,100.00,0.00,0.00,0.00,0.00,2021-05-25,2021-05-31,2
20210518,34009,Cape May County,NJ,100.00,0.00,0.00,0.00,0.00,0.00,2021-05-18,2021-05-24,2
20210511,34009,Cape May County,NJ,100.00,0.00,0.00,0.00,0.00,0.00,2021-05-11,2021-05-17,2
20210504,34009,Cape May County,NJ,100.00,0.00,0.00,0.00,0.00,0.00,2021-05-04,2021-05-10,2
20210427,34009,Cape May County,NJ,100.00,0.00,0.00,0.00,0.00,0.00,2021-04-27,2021-05-03,2
20210420,34009,Cape May County,NJ,100.00,0.00,0.00,0.00,0.00,0.00,2021-04-20,2021-04-26,2
20210413,34009,Cape May County,NJ,100.00,0.00,0.00,0.00,0.00,0.00,2021-04-13,2021-04-19,2
20210406,34009,Cape May County,NJ,100.00,0.00,0.00,0.00,0.00,0.00,2021-04-06,2021-04-12,2
20210330,34009,Cape May County,NJ,100.00,0.00,0.00,0.00,0.00,0.00,2021-03-30,2021-04-05,2
20210323,34009,Cape May County,NJ,100.00,0.00,0.00,0.00,0.00,0.00,2021-03-23,2021-03-29,2
20210316,34009,Cape May County,NJ,100.00,0.00,0.00,0.00,0.00,0.00,2021-03-16,2021-03-22,2
20210309,34009,Cape May County,NJ,100.00,0.00,0.00,0.00,0.00,0.00,2021-03-09,2021-03-15,2
20210302,34009,Cape May County,NJ,100.00,0.00,0.00,0.00,0.00,0.00,2021-03-02,2021-03-08,2
20210223,34009,Cape May County,NJ,100.00,0.00,0.00,0.00,0.00,0.00,2021-02-23,2021-03-01,2
20210216,34009,Cape May County,NJ,100.00,0.00,0.00,0.00,0.00,0.00,2021-02-16,2021-02-22,2
20210209,34009,Cape May County,NJ,100.00,0.00,0.00,0.00,0.00,0.00,2021-02-09,2021-02-15,2
20210202,34009,Cape May County,NJ,100.00,0.00,0.00,0.00,0.00,0.00,2021-02-02,2021-02-08,2
20210126,34009,Cape May County,NJ,100.00,0.00,0.00,0.00,0.00,0.00,2021-01-26,2021-02-01,2
20210119,34009,Cape May County,NJ,100.00,0.00,0.00,0.00,0.00,0.00,2021-01-19,2021-01-25,2
20210112,34009,Cape May County,NJ,100.00,0.00,0.00,0.00,0.00,0.00,2021-01-12,2021-01-18,2
20210105,34009,Cape May County,NJ,100.00,0.00,0.00,0.00,0.00,0.00,2021-01-05,2021-01-11,2
20201229,34009,Cape May County,NJ,100.00,0.00,0.00,0.00,0.00,0.00,2020-12-29,2021-01-04,2
20201222,34009,Cape May County,NJ,100.00,0.00,0.00,0.00,0.00,0.00,2020-12-22,2020-12-28,2
20201215,34009,Cape May County,NJ,100.00,0.00,0.00,0.00,0.00,0.00,2020-12-15,2020-12-21,2
20201208,34009,Cape May County,NJ,100.00,0.00,0.00,0.00,0.00,0.00,2020-12-08,2020-12-14,2
20201201,34009,Cape May County,NJ,100.00,0.00,0.00,0.00,0.00,0.00,2020-12-01,2020-12-07,2
20201124,34009,Cape May County,NJ,100.00,0.00,0.00,0.00,0.00,0.00,2020-11-24,2020-11-30,2
20251118,34011,Cumberland County,NJ,1.03,80.68,18.28,0.00,0.00,0.00,2025-11-18,2025-11-24,2
20251111,34011,Cumberland County,NJ,1.03,80.68,18.28,0.00,0.00,0.00,2025-11-11,2025-11-17,2
20251104,34011,Cumberland County,NJ,1.06,80.66,18.28,0.00,0.00,0.00,2025-11-04,2025-11-10,2
20251028,34011,Cumberland County,NJ,1.48,98.52,0.00,0.00,0.00,0.00,2025-10-28,2025-11-03,2
20251021,34011,Cumberland County,NJ,38.79,61.21,0.00,0.00,0.00,0.00,2025-10-21,2025-10-27,2
20251014,34011,Cumberland County,NJ,38.79,61.21,0.00,0.00,0.00,0.00,2025-10-14,2025-10-20,2
20251007,34011,Cumberland County,NJ,38.35,61.65,0.00,0.00,0.00,0.00,2025-10-07,2025-10-13,2
20250930,34011,Cumberland County,NJ,100.00,0.00,0.00,0.00,0.00,0.00,2025-09-30,2025-10-06,2
20250923,34011,Cumberland County,NJ,100.00,0.00,0.00,0.00,0.00,0.00,2025-09-23,2025-09-29,2
20250916,34011,Cumberland County,NJ,71.46,28.54,0.00,0.00,0.00,0.00,2025-09-16,2025-09-22,2
20250909,34011,Cumberland County,NJ,71.46,28.54,0.00,0.00,0.00,0.00,2025-09-09,2025-09-15,2
20250902,34011,Cumberland County,NJ,71.46,28.54,0.00,0.00,0.00,0.00,2025-09-02,2025-09-08,2
20250826,34011,Cumberland County,NJ,100.00,0.00,0.00,0.00,0.00,0.00,2025-08-26,2025-09-01,2
20250819,34011,Cumberland County,NJ,100.00,0.00,0.00,0.00,0.00,0.00,2025-08-19,2025-08-25,2
20250812,34011,Cumberland County,NJ,99.81,0.19,0.00,0.00,0.00,0.00,2025-08-12,2025-08-18,2
20250805,34011,Cumberland County,NJ,100.00,0.00,0.00,0.00,0.00,0.00,2025-08-05,2025-08-11,2
20250729,34011,Cumberland County,NJ,100.00,0.00,0.00,0.00,0.00,0.00,2025-07-29,2025-08-04,2
20250722,34011,Cumberland County,NJ,100.00,0.00,0.00,0.00,0.00,0.00,2025-07-22,2025-07-28,2
20250715,34011,Cumberland County,NJ,100.00,0.00,0.00,0.00,0.00,0.00,2025-07-15,2025-07-21,2
20250708,34011,Cumberland County,NJ,86.51,13.49,0.00,0.00,0.00,0.00,2025-07-08,2025-07-14,2
20250701,34011,Cumberland County,NJ,86.51,13.49,0.00,0.00,0.00,0.00,2025-07-01,2025-07-07,2
20250624,34011,Cumberland County,NJ,86.59,13.41,0.00,0.00,0.00,0.00,2025-06-24,2025-06-30,2
20250617,34011,Cumberland County,NJ,86.59,13.41,0.00,0.00,0.00,0.00,2025-06-17,2025-06-23,2
20250610,34011,Cumberland County,NJ,86.59,13.41,0.00,0.00,0.00,0.00,2025-06-10,2025-06-16,2
20250603,34011,Cumberland County,NJ,86.59,13.41,0.00,0.00,0.00,0.00,2025-06-03,2025-06-09,2
20250527,34011,Cumberland County,NJ,0.00,100.00,0.00,0.00,0.00,0.00,2025-05-27,2025-06-02,2
20250520,34011,Cumberland County,NJ,0.00,100.00,0.00,0.00,0.00,0.00,2025-05-20,2025-05-26,2
20250513,34011,Cumberland County,NJ,0.00,14.28,85.72,0.00,0.00,0.00,2025-05-13,2025-05-19,2
20250506,34011,Cumberland County,NJ,0.00,14.28,85.72,0.00,0.00,0.00,2025-05-06,2025-05-12,2
20250429,34011,Cumberland County,NJ,0.00,14.28,67.11,18.61,0.00,0.00,2025-04-29,2025-05-05,2
20250422,34011,Cumberland County,NJ,0.00,14.28,67.11,18.61,0.00,0.00,2025-04-22,2025-04-28,2
20250415,34011,Cumberland County,NJ,0.00,14.28,67.11,18.61,0.00,0.00,2025-04-15,2025-04-21,2
20250408,34011,Cumberland County,NJ,0.00,0.00,14.28,85.72,0.00,0.00,2025-04-08,2025-04-14,2
20250401,34011,Cumberland County,NJ,0.00,0.00,0.00,72.33,27.67,0.00,2025-04-01,2025-04-07,2
20250325,34011,Cumberland County,NJ,0.00,0.00,0.00,56.19,43.81,0.00,2025-03-25,2025-03-31,2
20250318,34011,Cumberland County,NJ,0.00,0.00,0.00,11.56,88.44,0.00,2025-03-18,2025-03-24,2
20250311,34011,Cumberland County,NJ,0.00,0.00,0.00,11.56,88.44,0.00,2025-03-11,2025-03-17,2
20250304,34011,Cumberland County,NJ,0.00,0.00,0.00,11.56,88.44,0.00,2025-03-04,2025-03-10,2
20250225,34011,Cumberland County,NJ,0.00,0.00,0.00,11.56,88.44,0.00,2025-02-25,2025-03-03,2
20250218,34011,Cumberland County,NJ,0.00,0.00,0.00,11.56,88.44,0.00,2025-02-18,2025-02-24,2
20250211,34011,Cumberland County,NJ,0.00,0.00,0.00,11.47,88.53,0.00,2025-02-11,2025-02-17,2
20250204,34011,Cumberland County,NJ,0.00,0.00,0.00,11.47,88.53,0.00,2025-02-04,2025-02-10,2
20250128,34011,Cumberland County,NJ,0.00,0.00,0.00,11.47,88.53,0.00,2025-01-28,2025-02-03,2
20250121,34011,Cumberland County,NJ,0.00,0.00,0.00,11.47,88.53,0.00,2025-01-21,2025-01-27,2
20250114,34011,Cumberland County,NJ,0.00,0.00,0.00,11.47,88.53,0.00,2025-01-14,2025-01-20,2
20250107,34011,Cumberland County,NJ,0.00,0.00,0.00,11.47,88.53,0.00,2025-01-07,2025-01-13,2
20241231,34011,Cumberland County,NJ,0.00,0.00,0.00,11.47,88.53,0.00,2024-12-31,2025-01-06,2
20241224,34011,Cumberland County,NJ,0.00,0.00,0.00,0.00,100.00,0.00,2024-12-24,2024-12-30,2
20241217,34011,Cumberland County,NJ,0.00,0.00,0.00,0.00,100.00,0.00,2024-12-17,2024-12-23,2
20241210,34011,Cumberland County,NJ,0.00,0.00,0.00,0.00,100.00,0.00,2024-12-10,2024-12-16,2
20241203,34011,Cumberland County,NJ,0.00,0.00,0.00,0.00,100.00,0.00,2024-12-03,2024-12-09,2
20241126,34011,Cumberland County,NJ,0.00,0.00,0.00,0.00,100.00,0.00,2024-11-26,2024-12-02,2
20241119,34011,Cumberland County,NJ,0.00,0.00,0.00,0.00,100.00,0.00,2024-11-19,2024-11-25,2
20241112,34011,Cumberland County,NJ,0.00,0.00,0.00,50.15,49.85,0.00,2024-11-12,2024-11-18,2
20241105,34011,Cumberland County,NJ,0.00,0.00,0.00,97.41,2.59,0.00,2024-11-05,2024-11-11,2
20241029,34011,Cumberland County,NJ,0.00,0.00,0.00,100.00,0.00,0.00,2024-10-29,2024-11-04,2
20241022,34011,Cumberland County,NJ,0.00,0.00,21.74,78.26,0.00,0.00,2024-10-22,2024-10-28,2
20241015,34011,Cumberland County,NJ,0.00,0.00,98.62,1.38,0.00,0.00,2024-10-15,2024-10-21,2
20241008,34011,Cumberland County,NJ,0.00,87.66,12.34,0.00,0.00,0.00,2024-10-08,2024-10-14,2
20241001,34011,Cumberland County,NJ,0.00,100.00,0.00,0.00,0.00,0.00,2024-10-01,2024-10-07,2
20240924,34011,Cumberland County,NJ,0.00,100.00,0.00,0.00,0.00,0.00,2024-09-24,2024-09-30,2
20240917,34011,Cumberland County,NJ,0.00,100.00,0.00,0.00,0.00,0.00,2024-09-17,2024-09-23,2
20240910,34011,Cumberland County,NJ,0.00,100.00,0.00,0.00,0.00,0.00,2024-09-10,2024-09-16,2
20240903,34011,Cumberland County,NJ,33.65,66.35,0.00,0.00,0.00,0.00,2024-09-03,2024-09-09,2
20240827,34011,Cumberland County,NJ,61.29,38.71,0.00,0.00,0.00,0.00,2024-08-27,2024-09-02,2
20240820,34011,Cumberland County,NJ,62.54,37.46,0.00,0.00,0.00,0.00,2024-08-20,2024-08-26,2
20240813,34011,Cumberland County,NJ,74.27,25.73,0.00,0.00,0.00,0.00,2024-08-13,2024-08-19,2
20240806,34011,Cumberland County,NJ,74.27,25.73,0.00,0.00,0.00,0.00,2024-08-06,2024-08-12,2
20240730,34011,Cumberland County,NJ,74.27,25.73,0.00,0.00,0.00,0.00,2024-07-30,2024-08-05,2
20240723,34011,Cumberland County,NJ,35.41,64.59,0.00,0.00,0.00,0.00,2024-07-23,2024-07-29,2
20240716,34011,Cumberland County,NJ,30.91,69.09,0.00,0.00,0.00,0.00,2024-07-16,2024-07-22,2
20240709,34011,Cumberland County,NJ,7.96,51.37,40.67,0.00,0.00,0.00,2024-07-09,2024-07-15,2
20240702,34011,Cumberland County,NJ,2.82,42.74,54.44,0.00,0.00,0.00,2024-07-02,2024-07-08,2
20240625,34011,Cumberland County,NJ,0.00,7.70,92.30,0.00,0.00,0.00,2024-06-25,2024-07-01,2
20240618,34011,Cumberland County,NJ,0.00,100.00,0.00,0.00,0.00,0.00,2024-06-18,2024-06-24,2
20240611,34011,Cumberland County,NJ,0.01,99.99,0.00,0.00,0.00,0.00,2024-06-11,2024-06-17,2
20240604,34011,Cumberland County,NJ,0.00,100.00,0.00,0.00,0.00,0.00,2024-06-04,2024-06-10,2
20240528,34011,Cumberland County,NJ,100.00,0.00,0.00,0.00,0.00,0.00,2024-05-28,2024-06-03,2
20240521,34011,Cumberland County,NJ,100.00,0.00,0.00,0.00,0.00,0.00,2024-05-21,2024-05-27,2
20240514,34011,Cumberland County,NJ,100.00,0.00,0.00,0.00,0.00,0.00,2024-05-14,2024-05-20,2
20240507,34011,Cumberland County,NJ,100.00,0.00,0.00,0.00,0.00,0.00,2024-05-07,2024-05-13,2
20240430,34011,Cumberland County,NJ,100.00,0.00,0.00,0.00,0.00,0.00,2024-04-30,2024-05-06,2
20240423,34011,Cumberland County,NJ,100.00,0.00,0.00,0.00,0.00,0.00,2024-04-23,2024-04-29,2
20240416,34011,Cumberland County,NJ,100.00,0.00,0.00,0.00,0.00,0.00,2024-04-16,2024-04-22,2
20240409,34011,Cumberland County,NJ,100.00,0.00,0.00,0.00,0.00,0.00,2024-04-09,2024-04-15,2
20240402,34011,Cumberland County,NJ,100.00,0.00,0.00,0.00,0.00,0.00,2024-04-02,2024-04-08,2
20240326,34011,Cumberland County,NJ,100.00,0.00,0.00,0.00,0.00,0.00,2024-03-26,2024-04-01,2
20240319,34011,Cumberland County,NJ,100.00,0.00,0.00,0.00,0.00,0.00,2024-03-19,2024-03-25,2
20240312,34011,Cumberland County,NJ,100.00,0.00,0.00,0.00,0.00,0.00,2024-03-12,2024-03-18,2
20240305,34011,Cumberland County,NJ,100.00,0.00,0.00,0.00,0.00,0.00,2024-03-05,2024-03-11,2
20240227,34011,Cumberland County,NJ,100.00,0.00,0.00,0.00,0.00,0.00,2024-02-27,2024-03-04,2
20240220,34011,Cumberland County,NJ,100.00,0.00,0.00,0.00,0.00,0.00,2024-02-20,2024-02-26,2
20240213,34011,Cumberland County,NJ,100.00,0.00,0.00,0.00,0.00,0.00,2024-02-13,2024-02-19,2
20240206,34011,Cumberland County,NJ,100.00,0.00,0.00,0.00,0.00,0.00,2024-02-06,2024-02-12,2
20240130,34011,Cumberland County,NJ,100.00,0.00,0.00,0.00,0.00,0.00,2024-01-30,2024-02-05,2
20240123,34011,Cumberland County,NJ,100.00,0.00,0.00,0.00,0.00,0.00,2024-01-23,2024-01-29,2
20240116,34011,Cumberland County,NJ,100.00,0.00,0.00,0.00,0.00,0.00,2024-01-16,2024-01-22,2
20240109,34011,Cumberland County,NJ,100.00,0.00,0.00,0.00,0.00,0.00,2024-01-09,2024-01-15,2
20240102,34011,Cumberland County,NJ,100.00,0.00,0.00,0.00,0.00,0.00,2024-01-02,2024-01-08,2
20231226,34011,Cumberland County,NJ,100.00,0.00,0.00,0.00,0.00,0.00,2023-12-26,2024-01-01,2
20231219,34011,Cumberland County,NJ,100.00,0.00,0.00,0.00,0.00,0.00,2023-12-19,2023-12-25,2
20231212,34011,Cumberland County,NJ,58.54,41.46,0.00,0.00,0.00,0.00,2023-12-12,2023-12-18,2
20231205,34011,Cumberland County,NJ,0.00,100.00,0.00,0.00,0.00,0.00,2023-12-05,2023-12-11,2
20231128,34011,Cumberland County,NJ,0.08,99.92,0.00,0.00,0.00,0.00,2023-11-28,2023-12-04,2
20231121,34011,Cumberland County,NJ,0.08,60.95,38.97,0.00,0.00,0.00,2023-11-21,2023-11-27,2
20231114,34011,Cumberland County,NJ,12.19,87.81,0.00,0.00,0.00,0.00,2023-11-14,2023-11-20,2
20231107,34011,Cumberland County,NJ,20.65,79.35,0.00,0.00,0.00,0.00,2023-11-07,2023-11-13,2
20231031,34011,Cumberland County,NJ,38.36,61.64,0.00,0.00,0.00,0.00,2023-10-31,2023-11-06,2
20231024,34011,Cumberland County,NJ,100.00,0.00,0.00,0.00,0.00,0.00,2023-10-24,2023-10-30,2
20231017,34011,Cumberland County,NJ,100.00,0.00,0.00,0.00,0.00,0.00,2023-10-17,2023-10-23,2
20231010,34011,Cumberland County,NJ,100.00,0.00,0.00,0.00,0.00,0.00,2023-10-10,2023-10-16,2
20231003,34011,Cumberland County,NJ,100.00,0.00,0.00,0.00,0.00,0.00,2023-10-03,2023-10-09,2
20230926,34011,Cumberland County,NJ,100.00,0.00,0.00,0.00,0.00,0.00,2023-09-26,2023-10-02,2
20230919,34011,Cumberland County,NJ,74.47,25.53,0.00,0.00,0.00,0.00,2023-09-19,2023-09-25,2
20230912,34011,Cumberland County,NJ,74.47,25.53,0.00,0.00,0.00,0.00,2023-09-12,2023-09-18,2
20230905,34011,Cumberland County,NJ,74.47,25.53,0.00,0.00,0.00,0.00,2023-09-05,2023-09-11,2
20230829,34011,Cumberland County,NJ,74.47,25.53,0.00,0.00,0.00,0.00,2023-08-29,2023-09-04,2
20230822,34011,Cumberland County,NJ,74.47,25.53,0.00,0.00,0.00,0.00,2023-08-22,2023-08-28,2
20230815,34011,Cumberland County,NJ,74.47,25.53,0.00,0.00,0.00,0.00,2023-08-15,2023-08-21,2
20230808,34011,Cumberland County,NJ,60.14,39.86,0.00,0.00,0.00,0.00,2023-08-08,2023-08-14,2
20230801,34011,Cumberland County,NJ,60.14,39.86,0.00,0.00,0.00,0.00,2023-08-01,2023-08-07,2
20230725,34011,Cumberland County,NJ,22.20,60.66,17.14,0.00,0.00,0.00,2023-07-25,2023-07-31,2
20230718,34011,Cumberland County,NJ,16.42,66.44,17.14,0.00,0.00,0.00,2023-07-18,2023-07-24,2
20230711,34011,Cumberland County,NJ,0.00,22.95,77.05,0.00,0.00,0.00,2023-07-11,2023-07-17,2
20230704,34011,Cumberland County,NJ,0.00,0.00,100.00,0.00,0.00,0.00,2023-07-04,2023-07-10,2
20230627,34011,Cumberland County,NJ,0.00,27.77,72.23,0.00,0.00,0.00,2023-06-27,2023-07-03,2
20230620,34011,Cumberland County,NJ,0.00,47.26,52.74,0.00,0.00,0.00,2023-06-20,2023-06-26,2
20230613,34011,Cumberland County,NJ,0.00,100.00,0.00,0.00,0.00,0.00,2023-06-13,2023-06-19,2
20230606,34011,Cumberland County,NJ,16.79,83.21,0.00,0.00,0.00,0.00,2023-06-06,2023-06-12,2
20230530,34011,Cumberland County,NJ,100.00,0.00,0.00,0.00,0.00,0.00,2023-05-30,2023-06-05,2
20230523,34011,Cumberland County,NJ,100.00,0.00,0.00,0.00,0.00,0.00,2023-05-23,2023-05-29,2
20230516,34011,Cumberland County,NJ,100.00,0.00,0.00,0.00,0.00,0.00,2023-05-16,2023-05-22,2
20230509,34011,Cumberland County,NJ,100.00,0.00,0.00,0.00,0.00,0.00,2023-05-09,2023-05-15,2
20230502,34011,Cumberland County,NJ,100.00,0.00,0.00,0.00,0.00,0.00,2023-05-02,2023-05-08,2
20230425,34011,Cumberland County,NJ,0.00,100.00,0.00,0.00,0.00,0.00,2023-04-25,2023-05-01,2
20230418,34011,Cumberland County,NJ,0.00,100.00,0.00,0.00,0.00,0.00,2023-04-18,2023-04-24,2
20230411,34011,Cumberland County,NJ,0.00,100.00,0.00,0.00,0.00,0.00,2023-04-11,2023-04-17,2
20230404,34011,Cumberland County,NJ,0.00,100.00,0.00,0.00,0.00,0.00,2023-04-04,2023-04-10,2
20230328,34011,Cumberland County,NJ,0.00,100.00,0.00,0.00,0.00,0.00,2023-03-28,2023-04-03,2
20230321,34011,Cumberland County,NJ,0.00,100.00,0.00,0.00,0.00,0.00,2023-03-21,2023-03-27,2
20230314,34011,Cumberland County,NJ,18.14,81.86,0.00,0.00,0.00,0.00,2023-03-14,2023-03-20,2
20230307,34011,Cumberland County,NJ,18.14,81.86,0.00,0.00,0.00,0.00,2023-03-07,2023-03-13,2
20230228,34011,Cumberland County,NJ,18.14,81.86,0.00,0.00,0.00,0.00,2023-02-28,2023-03-06,2
20230221,34011,Cumberland County,NJ,18.14,81.86,0.00,0.00,0.00,0.00,2023-02-21,2023-02-27,2
20230214,34011,Cumberland County,NJ,18.14,81.86,0.00,0.00,0.00,0.00,2023-02-14,2023-02-20,2
20230207,34011,Cumberland County,NJ,18.14,81.86,0.00,0.00,0.00,0.00,2023-02-07,2023-02-13,2
20230131,34011,Cumberland County,NJ,18.14,81.86,0.00,0.00,0.00,0.00,2023-01-31,2023-02-06,2
20230124,34011,Cumberland County,NJ,18.14,81.86,0.00,0.00,0.00,0.00,2023-01-24,2023-01-30,2
20230117,34011,Cumberland County,NJ,18.14,81.86,0.00,0.00,0.00,0.00,2023-01-17,2023-01-23,2
20230110,34011,Cumberland County,NJ,95.29,4.71,0.00,0.00,0.00,0.00,2023-01-10,2023-01-16,2
20230103,34011,Cumberland County,NJ,95.29,4.71,0.00,0.00,0.00,0.00,2023-01-03,2023-01-09,2
20221227,34011,Cumberland County,NJ,95.29,4.71,0.00,0.00,0.00,0.00,2022-12-27,2023-01-02,2
20221220,34011,Cumberland County,NJ,95.29,4.71,0.00,0.00,0.00,0.00,2022-12-20,2022-12-26,2
20221213,34011,Cumberland County,NJ,33.31,66.69,0.00,0.00,0.00,0.00,2022-12-13,2022-12-19,2
20221206,34011,Cumberland County,NJ,33.31,66.69,0.00,0.00,0.00,0.00,2022-12-06,2022-12-12,2
20221129,34011,Cumberland County,NJ,33.31,66.69,0.00,0.00,0.00,0.00,2022-11-29,2022-12-05,2
20221122,34011,Cumberland County,NJ,33.31,66.69,0.00,0.00,0.00,0.00,2022-11-22,2022-11-28,2
20221115,34011,Cumberland County,NJ,2.91,97.09,0.00,0.00,0.00,0.00,2022-11-15,2022-11-21,2
20221108,34011,Cumberland County,NJ,2.91,97.09,0.00,0.00,0.00,0.00,2022-11-08,2022-11-14,2
20221101,34011,Cumberland County,NJ,87.91,12.09,0.00,0.00,0.00,0.00,2022-11-01,2022-11-07,2
20221025,34011,Cumberland County,NJ,87.91,12.09,0.00,0.00,0.00,0.00,2022-10-25,2022-10-31,2
20221018,34011,Cumberland County,NJ,71.42,28.58,0.00,0.00,0.00,0.00,2022-10-18,2022-10-24,2
20221011,34011,Cumberland County,NJ,71.42,28.58,0.00,0.00,0.00,0.00,2022-10-11,2022-10-17,2
20221004,34011,Cumberland County,NJ,5.01,79.79,15.20,0.00,0.00,0.00,2022-10-04,2022-10-10,2
20220927,34011,Cumberland County,NJ,0.00,5.00,79.80,15.20,0.00,0.00,2022-09-27,2022-10-03,2
20220920,34011,Cumberland County,NJ,0.00,5.66,79.14,15.20,0.00,0.00,2022-09-20,2022-09-26,2
20220913,34011,Cumberland County,NJ,0.00,5.66,79.14,15.20,0.00,0.00,2022-09-13,2022-09-19,2
20220906,34011,Cumberland County,NJ,0.00,1.92,37.55,60.53,0.00,0.00,2022-09-06,2022-09-12,2
20220830,34011,Cumberland County,NJ,0.00,1.92,37.55,60.53,0.00,0.00,2022-08-30,2022-09-05,2
20220823,34011,Cumberland County,NJ,0.00,20.75,79.25,0.00,0.00,0.00,2022-08-23,2022-08-29,2
20220816,34011,Cumberland County,NJ,0.00,71.34,28.66,0.00,0.00,0.00,2022-08-16,2022-08-22,2
20220809,34011,Cumberland County,NJ,1.28,98.72,0.00,0.00,0.00,0.00,2022-08-09,2022-08-15,2
20220802,34011,Cumberland County,NJ,0.00,100.00,0.00,0.00,0.00,0.00,2022-08-02,2022-08-08,2
20220726,34011,Cumberland County,NJ,0.00,100.00,0.00,0.00,0.00,0.00,2022-07-26,2022-08-01,2
20220719,34011,Cumberland County,NJ,0.00,100.00,0.00,0.00,0.00,0.00,2022-07-19,2022-07-25,2
20220712,34011,Cumberland County,NJ,0.00,100.00,0.00,0.00,0.00,0.00,2022-07-12,2022-07-18,2
20220705,34011,Cumberland County,NJ,0.00,100.00,0.00,0.00,0.00,0.00,2022-07-05,2022-07-11,2
20220628,34011,Cumberland County,NJ,0.00,100.00,0.00,0.00,0.00,0.00,2022-06-28,2022-07-04,2
20220621,34011,Cumberland County,NJ,66.91,33.09,0.00,0.00,0.00,0.00,2022-06-21,2022-06-27,2
20220614,34011,Cumberland County,NJ,66.91,33.09,0.00,0.00,0.00,0.00,2022-06-14,2022-06-20,2
20220607,34011,Cumberland County,NJ,66.91,33.09,0.00,0.00,0.00,0.00,2022-06-07,2022-06-13,2
20220531,34011,Cumberland County,NJ,66.91,33.09,0.00,0.00,0.00,0.00,2022-05-31,2022-06-06,2
20220524,34011,Cumberland County,NJ,66.91,33.09,0.00,0.00,0.00,0.00,2022-05-24,2022-05-30,2
20220517,34011,Cumberland County,NJ,66.91,33.09,0.00,0.00,0.00,0.00,2022-05-17,2022-05-23,2
20220510,34011,Cumberland County,NJ,66.91,33.09,0.00,0.00,0.00,0.00,2022-05-10,2022-05-16,2
20220503,34011,Cumberland County,NJ,11.79,88.21,0.00,0.00,0.00,0.00,2022-05-03,2022-05-09,2
20220426,34011,Cumberland County,NJ,11.79,88.21,0.00,0.00,0.00,0.00,2022-04-26,2022-05-02,2
20220419,34011,Cumberland County,NJ,11.79,88.21,0.00,0.00,0.00,0.00,2022-04-19,2022-04-25,2
20220412,34011,Cumberland County,NJ,0.00,30.80,69.20,0.00,0.00,0.00,2022-04-12,2022-04-18,2
20220405,34011,Cumberland County,NJ,0.00,0.00,100.00,0.00,0.00,0.00,2022-04-05,2022-04-11,2
20220329,34011,Cumberland County,NJ,0.00,0.00,100.00,0.00,0.00,0.00,2022-03-29,2022-04-04,2
20220322,34011,Cumberland County,NJ,0.00,0.00,100.00,0.00,0.00,0.00,2022-03-22,2022-03-28,2
20220315,34011,Cumberland County,NJ,0.00,0.00,100.00,0.00,0.00,0.00,2022-03-15,2022-03-21,2
20220308,34011,Cumberland County,NJ,0.00,0.00,100.00,0.00,0.00,0.00,2022-03-08,2022-03-14,2
20220301,34011,Cumberland County,NJ,0.00,100.00,0.00,0.00,0.00,0.00,2022-03-01,2022-03-07,2
20220222,34011,Cumberland County,NJ,0.00,100.00,0.00,0.00,0.00,0.00,2022-02-22,2022-02-28,2
20220215,34011,Cumberland County,NJ,0.00,100.00,0.00,0.00,0.00,0.00,2022-02-15,2022-02-21,2
20220208,34011,Cumberland County,NJ,0.00,100.00,0.00,0.00,0.00,0.00,2022-02-08,2022-02-14,2
20220201,34011,Cumberland County,NJ,0.00,100.00,0.00,0.00,0.00,0.00,2022-02-01,2022-02-07,2
20220125,34011,Cumberland County,NJ,0.00,100.00,0.00,0.00,0.00,0.00,2022-01-25,2022-01-31,2
20220118,34011,Cumberland County,NJ,0.00,100.00,0.00,0.00,0.00,0.00,2022-01-18,2022-01-24,2
20220111,34011,Cumberland County,NJ,0.00,100.00,0.00,0.00,0.00,0.00,2022-01-11,2022-01-17,2
20220104,34011,Cumberland County,NJ,0.00,100.00,0.00,0.00,0.00,0.00,2022-01-04,2022-01-10,2
20211228,34011,Cumberland County,NJ,0.00,100.00,0.00,0.00,0.00,0.00,2021-12-28,2022-01-03,2
20211221,34011,Cumberland County,NJ,0.00,100.00,0.00,0.00,0.00,0.00,2021-12-21,2021-12-27,2
20211214,34011,Cumberland County,NJ,45.52,54.48,0.00,0.00,0.00,0.00,2021-12-14,2021-12-20,2
20211207,34011,Cumberland County,NJ,100.00,0.00,0.00,0.00,0.00,0.00,2021-12-07,2021-12-13,2
20211130,34011,Cumberland County,NJ,100.00,0.00,0.00,0.00,0.00,0.00,2021-11-30,2021-12-06,2
20211123,34011,Cumberland County,NJ,100.00,0.00,0.00,0.00,0.00,0.00,2021-11-23,2021-11-29,2
20211116,34011,Cumberland County,NJ,100.00,0.00,0.00,0.00,0.00,0.00,2021-11-16,2021-11-22,2
20211109,34011,Cumberland County,NJ,100.00,0.00,0.00,0.00,0.00,0.00,2021-11-09,2021-11-15,2
20211102,34011,Cumberland County,NJ,100.00,0.00,0.00,0.00,0.00,0.00,2021-11-02,2021-11-08,2
20211026,34011,Cumberland County,NJ,100.00,0.00,0.00,0.00,0.00,0.00,2021-10-26,2021-11-01,2
20211019,34011,Cumberland County,NJ,100.00,0.00,0.00,0.00,0.00,0.00,2021-10-19,2021-10-25,2
20211012,34011,Cumberland County,NJ,100.00,0.00,0.00,0.00,0.00,0.00,2021-10-12,2021-10-18,2
20211005,34011,Cumberland County,NJ,100.00,0.00,0.00,0.00,0.00,0.00,2021-10-05,2021-10-11,2
20210928,34011,Cumberland County,NJ,100.00,0.00,0.00,0.00,0.00,0.00,2021-09-28,2021-10-04,2
20210921,34011,Cumberland County,NJ,100.00,0.00,0.00,0.00,0.00,0.00,2021-09-21,2021-09-27,2
20210914,34011,Cumberland County,NJ,100.00,0.00,0.00,0.00,0.00,0.00,2021-09-14,2021-09-20,2
20210907,34011,Cumberland County,NJ,100.00,0.00,0.00,0.00,0.00,0.00,2021-09-07,2021-09-13,2
20210831,34011,Cumberland County,NJ,100.00,0.00,0.00,0.00,0.00,0.00,2021-08-31,2021-09-06,2
20210824,34011,Cumberland County,NJ,100.00,0.00,0.00,0.00,0.00,0.00,2021-08-24,2021-08-30,2
20210817,34011,Cumberland County,NJ,100.00,0.00,0.00,0.00,0.00,0.00,2021-08-17,2021-08-23,2
20210810,34011,Cumberland County,NJ,100.00,0.00,0.00,0.00,0.00,0.00,2021-08-10,2021-08-16,2
20210803,34011,Cumberland County,NJ,100.00,0.00,0.00,0.00,0.00,0.00,2021-08-03,2021-08-09,2
20210727,34011,Cumberland County,NJ,100.00,0.00,0.00,0.00,0.00,0.00,2021-07-27,2021-08-02,2
20210720,34011,Cumberland County,NJ,100.00,0.00,0.00,0.00,0.00,0.00,2021-07-20,2021-07-26,2
20210713,34011,Cumberland County,NJ,100.00,0.00,0.00,0.00,0.00,0.00,2021-07-13,2021-07-19,2
20210706,34011,Cumberland County,NJ,100.00,0.00,0.00,0.00,0.00,0.00,2021-07-06,2021-07-12,2
20210629,34011,Cumberland County,NJ,100.00,0.00,0.00,0.00,0.00,0.00,2021-06-29,2021-07-05,2
20210622,34011,Cumberland County,NJ,100.00,0.00,0.00,0.00,0.00,0.00,2021-06-22,2021-06-28,2
20210615,34011,Cumberland County,NJ,100.00,0.00,0.00,0.00,0.00,0.00,2021-06-15,2021-06-21,2
20210608,34011,Cumberland County,NJ,0.00,100.00,0.00,0.00,0.00,0.00,2021-06-08,2021-06-14,2
20210601,34011,Cumberland County,NJ,0.00,100.00,0.00,0.00,0.00,0.00,2021-06-01,2021-06-07,2
20210525,34011,Cumberland County,NJ,0.00,100.00,0.00,0.00,0.00,0.00,2021-05-25,2021-05-31,2
20210518,34011,Cumberland County,NJ,100.00,0.00,0.00,0.00,0.00,0.00,2021-05-18,2021-05-24,2
20210511,34011,Cumberland County,NJ,100.00,0.00,0.00,0.00,0.00,0.00,2021-05-11,2021-05-17,2
20210504,34011,Cumberland County,NJ,100.00,0.00,0.00,0.00,0.00,0.00,2021-05-04,2021-05-10,2
20210427,34011,Cumberland County,NJ,100.00,0.00,0.00,0.00,0.00,0.00,2021-04-27,2021-05-03,2
20210420,34011,Cumberland County,NJ,100.00,0.00,0.00,0.00,0.00,0.00,2021-04-20,2021-04-26,2
20210413,34011,Cumberland County,NJ,100.00,0.00,0.00,0.00,0.00,0.00,2021-04-13,2021-04-19,2
20210406,34011,Cumberland County,NJ,100.00,0.00,0.00,0.00,0.00,0.00,2021-04-06,2021-04-12,2
20210330,34011,Cumberland County,NJ,100.00,0.00,0.00,0.00,0.00,0.00,2021-03-30,2021-04-05,2
20210323,34011,Cumberland County,NJ,100.00,0.00,0.00,0.00,0.00,0.00,2021-03-23,2021-03-29,2
20210316,34011,Cumberland County,NJ,100.00,0.00,0.00,0.00,0.00,0.00,2021-03-16,2021-03-22,2
20210309,34011,Cumberland County,NJ,100.00,0.00,0.00,0.00,0.00,0.00,2021-03-09,2021-03-15,2
20210302,34011,Cumberland County,NJ,100.00,0.00,0.00,0.00,0.00,0.00,2021-03-02,2021-03-08,2
20210223,34011,Cumberland County,NJ,100.00,0.00,0.00,0.00,0.00,0.00,2021-02-23,2021-03-01,2
20210216,34011,Cumberland County,NJ,100.00,0.00,0.00,0.00,0.00,0.00,2021-02-16,2021-02-22,2
20210209,34011,Cumberland County,NJ,100.00,0.00,0.00,0.00,0.00,0.00,2021-02-09,2021-02-15,2
20210202,34011,Cumberland County,NJ,100.00,0.00,0.00,0.00,0.00,0.00,2021-02-02,2021-02-08,2
20210126,34011,Cumberland County,NJ,100.00,0.00,0.00,0.00,0.00,0.00,2021-01-26,2021-02-01,2
20210119,34011,Cumberland County,NJ,100.00,0.00,0.00,0.00,0.00,0.00,2021-01-19,2021-01-25,2
20210112,34011,Cumberland County,NJ,100.00,0.00,0.00,0.00,0.00,0.00,2021-01-12,2021-01-18,2
20210105,34011,Cumberland County,NJ,100.00,0.00,0.00,0.00,0.00,0.00,2021-01-05,2021-01-11,2
20201229,34011,Cumberland County,NJ,100.00,0.00,0.00,0.00,0.00,0.00,2020-12-29,2021-01-04,2
20201222,34011,Cumberland County,NJ,100.00,0.00,0.00,0.00,0.00,0.00,2020-12-22,2020-12-28,2
20201215,34011,Cumberland County,NJ,100.00,0.00,0.00,0.00,0.00,0.00,2020-12-15,2020-12-21,2
20201208,34011,Cumberland County,NJ,100.00,0.00,0.00,0.00,0.00,0.00,2020-12-08,2020-12-14,2
20201201,34011,Cumberland County,NJ,100.00,0.00,0.00,0.00,0.00,0.00,2020-12-01,2020-12-07,2
20201124,34011,Cumberland County,NJ,100.00,0.00,0.00,0.00,0.00,0.00,2020-11-24,2020-11-30,2
20251118,34013,Essex County,NJ,0.00,95.62,4.38,0.00,0.00,0.00,2025-11-18,2025-11-24,2
20251111,34013,Essex County,NJ,0.00,95.62,4.38,0.00,0.00,0.00,2025-11-11,2025-11-17,2
20251104,34013,Essex County,NJ,0.00,95.62,4.38,0.00,0.00,0.00,2025-11-04,2025-11-10,2
20251028,34013,Essex County,NJ,0.00,0.00,100.00,0.00,0.00,0.00,2025-10-28,2025-11-03,2
20251021,34013,Essex County,NJ,0.00,0.00,100.00,0.00,0.00,0.00,2025-10-21,2025-10-27,2
20251014,34013,Essex County,NJ,0.00,1.36,98.64,0.00,0.00,0.00,2025-10-14,2025-10-20,2
20251007,34013,Essex County,NJ,0.00,5.61,88.80,5.58,0.00,0.00,2025-10-07,2025-10-13,2
20250930,34013,Essex County,NJ,4.72,67.80,27.48,0.00,0.00,0.00,2025-09-30,2025-10-06,2
20250923,34013,Essex County,NJ,4.72,67.80,27.48,0.00,0.00,0.00,2025-09-23,2025-09-29,2
20250916,34013,Essex County,NJ,4.72,67.80,27.48,0.00,0.00,0.00,2025-09-16,2025-09-22,2
20250909,34013,Essex County,NJ,0.09,72.43,27.48,0.00,0.00,0.00,2025-09-09,2025-09-15,2
20250902,34013,Essex County,NJ,0.09,72.43,27.48,0.00,0.00,0.00,2025-09-02,2025-09-08,2
20250826,34013,Essex County,NJ,21.54,50.98,27.48,0.00,0.00,0.00,2025-08-26,2025-09-01,2
20250819,34013,Essex County,NJ,21.54,50.98,27.48,0.00,0.00,0.00,2025-08-19,2025-08-25,2
20250812,34013,Essex County,NJ,21.54,78.46,0.00,0.00,0.00,0.00,2025-08-12,2025-08-18,2
20250805,34013,Essex County,NJ,100.00,0.00,0.00,0.00,0.00,0.00,2025-08-05,2025-08-11,2
20250729,34013,Essex County,NJ,100.00,0.00,0.00,0.00,0.00,0.00,2025-07-29,2025-08-04,2
20250722,34013,Essex County,NJ,100.00,0.00,0.00,0.00,0.00,0.00,2025-07-22,2025-07-28,2
20250715,34013,Essex County,NJ,100.00,0.00,0.00,0.00,0.00,0.00,2025-07-15,2025-07-21,2
20250708,34013,Essex County,NJ,100.00,0.00,0.00,0.00,0.00,0.00,2025-07-08,2025-07-14,2
20250701,34013,Essex County,NJ,100.00,0.00,0.00,0.00,0.00,0.00,2025-07-01,2025-07-07,2
20250624,34013,Essex County,NJ,100.00,0.00,0.00,0.00,0.00,0.00,2025-06-24,2025-06-30,2
20250617,34013,Essex County,NJ,100.00,0.00,0.00,0.00,0.00,0.00,2025-06-17,2025-06-23,2
20250610,34013,Essex County,NJ,100.00,0.00,0.00,0.00,0.00,0.00,2025-06-10,2025-06-16,2
20250603,34013,Essex County,NJ,100.00,0.00,0.00,0.00,0.00,0.00,2025-06-03,2025-06-09,2
20250527,34013,Essex County,NJ,100.00,0.00,0.00,0.00,0.00,0.00,2025-05-27,2025-06-02,2
20250520,34013,Essex County,NJ,100.00,0.00,0.00,0.00,0.00,0.00,2025-05-20,2025-05-26,2
20250513,34013,Essex County,NJ,0.00,100.00,0.00,0.00,0.00,0.00,2025-05-13,2025-05-19,2
20250506,34013,Essex County,NJ,0.00,87.24,12.76,0.00,0.00,0.00,2025-05-06,2025-05-12,2
20250429,34013,Essex County,NJ,0.00,87.24,12.76,0.00,0.00,0.00,2025-04-29,2025-05-05,2
20250422,34013,Essex County,NJ,0.00,87.24,12.76,0.00,0.00,0.00,2025-04-22,2025-04-28,2
20250415,34013,Essex County,NJ,0.00,87.24,12.76,0.00,0.00,0.00,2025-04-15,2025-04-21,2
20250408,34013,Essex County,NJ,0.00,87.24,12.76,0.00,0.00,0.00,2025-04-08,2025-04-14,2
20250401,34013,Essex County,NJ,0.00,0.00,100.00,0.00,0.00,0.00,2025-04-01,2025-04-07,2
20250325,34013,Essex County,NJ,0.00,0.00,100.00,0.00,0.00,0.00,2025-03-25,2025-03-31,2
20250318,34013,Essex County,NJ,0.00,0.00,100.00,0.00,0.00,0.00,2025-03-18,2025-03-24,2
20250311,34013,Essex County,NJ,0.00,0.00,100.00,0.00,0.00,0.00,2025-03-11,2025-03-17,2
20250304,34013,Essex County,NJ,0.00,0.00,100.00,0.00,0.00,0.00,2025-03-04,2025-03-10,2
20250225,34013,Essex County,NJ,0.00,0.00,100.00,0.00,0.00,0.00,2025-02-25,2025-03-03,2
20250218,34013,Essex County,NJ,0.00,0.00,100.00,0.00,0.00,0.00,2025-02-18,2025-02-24,2
20250211,34013,Essex County,NJ,0.00,0.00,99.84,0.16,0.00,0.00,2025-02-11,2025-02-17,2
20250204,34013,Essex County,NJ,0.00,0.00,91.56,8.44,0.00,0.00,2025-02-04,2025-02-10,2
20250128,34013,Essex County,NJ,0.00,0.00,100.00,0.00,0.00,0.00,2025-01-28,2025-02-03,2
20250121,34013,Essex County,NJ,0.00,0.00,100.00,0.00,0.00,0.00,2025-01-21,2025-01-27,2
20250114,34013,Essex County,NJ,0.00,0.00,100.00,0.00,0.00,0.00,2025-01-14,2025-01-20,2
20250107,34013,Essex County,NJ,0.00,0.00,100.00,0.00,0.00,0.00,2025-01-07,2025-01-13,2
20241231,34013,Essex County,NJ,0.00,0.00,100.00,0.00,0.00,0.00,2024-12-31,2025-01-06,2
20241224,34013,Essex County,NJ,0.00,0.00,100.00,0.00,0.00,0.00,2024-12-24,2024-12-30,2
20241217,34013,Essex County,NJ,0.00,0.00,18.98,81.02,0.00,0.00,2024-12-17,2024-12-23,2
20241210,34013,Essex County,NJ,0.00,0.00,0.00,100.00,0.00,0.00,2024-12-10,2024-12-16,2
20241203,34013,Essex County,NJ,0.00,0.00,0.00,100.00,0.00,0.00,2024-12-03,2024-12-09,2
20241126,34013,Essex County,NJ,0.00,0.00,0.00,100.00,0.00,0.00,2024-11-26,2024-12-02,2
20241119,34013,Essex County,NJ,0.00,0.00,0.00,100.00,0.00,0.00,2024-11-19,2024-11-25,2
20241112,34013,Essex County,NJ,0.00,0.00,0.00,100.00,0.00,0.00,2024-11-12,2024-11-18,2
20241105,34013,Essex County,NJ,0.00,0.00,100.00,0.00,0.00,0.00,2024-11-05,2024-11-11,2
20241029,34013,Essex County,NJ,0.00,0.00,100.00,0.00,0.00,0.00,2024-10-29,2024-11-04,2
20241022,34013,Essex County,NJ,0.00,100.00,0.00,0.00,0.00,0.00,2024-10-22,2024-10-28,2
20241015,34013,Essex County,NJ,0.00,100.00,0.00,0.00,0.00,0.00,2024-10-15,2024-10-21,2
20241008,34013,Essex County,NJ,94.98,5.02,0.00,0.00,0.00,0.00,2024-10-08,2024-10-14,2
20241001,34013,Essex County,NJ,82.97,17.03,0.00,0.00,0.00,0.00,2024-10-01,2024-10-07,2
20240924,34013,Essex County,NJ,90.61,9.39,0.00,0.00,0.00,0.00,2024-09-24,2024-09-30,2
20240917,34013,Essex County,NJ,100.00,0.00,0.00,0.00,0.00,0.00,2024-09-17,2024-09-23,2
20240910,34013,Essex County,NJ,100.00,0.00,0.00,0.00,0.00,0.00,2024-09-10,2024-09-16,2
20240903,34013,Essex County,NJ,100.00,0.00,0.00,0.00,0.00,0.00,2024-09-03,2024-09-09,2
20240827,34013,Essex County,NJ,100.00,0.00,0.00,0.00,0.00,0.00,2024-08-27,2024-09-02,2
20240820,34013,Essex County,NJ,100.00,0.00,0.00,0.00,0.00,0.00,2024-08-20,2024-08-26,2
20240813,34013,Essex County,NJ,68.23,31.77,0.00,0.00,0.00,0.00,2024-08-13,2024-08-19,2
20240806,34013,Essex County,NJ,0.15,68.08,31.77,0.00,0.00,0.00,2024-08-06,2024-08-12,2
20240730,34013,Essex County,NJ,0.00,68.23,31.77,0.00,0.00,0.00,2024-07-30,2024-08-05,2
20240723,34013,Essex County,NJ,0.00,68.23,31.77,0.00,0.00,0.00,2024-07-23,2024-07-29,2
20240716,34013,Essex County,NJ,0.00,68.23,31.77,0.00,0.00,0.00,2024-07-16,2024-07-22,2
20240709,34013,Essex County,NJ,0.00,100.00,0.00,0.00,0.00,0.00,2024-07-09,2024-07-15,2
20240702,34013,Essex County,NJ,0.00,100.00,0.00,0.00,0.00,0.00,2024-07-02,2024-07-08,2
20240625,34013,Essex County,NJ,0.00,100.00,0.00,0.00,0.00,0.00,2024-06-25,2024-07-01,2
20240618,34013,Essex County,NJ,90.48,9.52,0.00,0.00,0.00,0.00,2024-06-18,2024-06-24,2
20240611,34013,Essex County,NJ,100.00,0.00,0.00,0.00,0.00,0.00,2024-06-11,2024-06-17,2
20240604,34013,Essex County,NJ,100.00,0.00,0.00,0.00,0.00,0.00,2024-06-04,2024-06-10,2
20240528,34013,Essex County,NJ,100.00,0.00,0.00,0.00,0.00,0.00,2024-05-28,2024-06-03,2
20240521,34013,Essex County,NJ,100.00,0.00,0.00,0.00,0.00,0.00,2024-05-21,2024-05-27,2
20240514,34013,Essex County,NJ,100.00,0.00,0.00,0.00,0.00,0.00,2024-05-14,2024-05-20,2
20240507,34013,Essex County,NJ,100.00,0.00,0.00,0.00,0.00,0.00,2024-05-07,2024-05-13,2
20240430,34013,Essex County,NJ,100.00,0.00,0.00,0.00,0.00,0.00,2024-04-30,2024-05-06,2
20240423,34013,Essex County,NJ,100.00,0.00,0.00,0.00,0.00,0.00,2024-04-23,2024-04-29,2
20240416,34013,Essex County,NJ,100.00,0.00,0.00,0.00,0.00,0.00,2024-04-16,2024-04-22,2
20240409,34013,Essex County,NJ,100.00,0.00,0.00,0.00,0.00,0.00,2024-04-09,2024-04-15,2
20240402,34013,Essex County,NJ,100.00,0.00,0.00,0.00,0.00,0.00,2024-04-02,2024-04-08,2
20240326,34013,Essex County,NJ,100.00,0.00,0.00,0.00,0.00,0.00,2024-03-26,2024-04-01,2
20240319,34013,Essex County,NJ,100.00,0.00,0.00,0.00,0.00,0.00,2024-03-19,2024-03-25,2
20240312,34013,Essex County,NJ,100.00,0.00,0.00,0.00,0.00,0.00,2024-03-12,2024-03-18,2
20240305,34013,Essex County,NJ,100.00,0.00,0.00,0.00,0.00,0.00,2024-03-05,2024-03-11,2
20240227,34013,Essex County,NJ,100.00,0.00,0.00,0.00,0.00,0.00,2024-02-27,2024-03-04,2
20240220,34013,Essex County,NJ,100.00,0.00,0.00,0.00,0.00,0.00,2024-02-20,2024-02-26,2
20240213,34013,Essex County,NJ,100.00,0.00,0.00,0.00,0.00,0.00,2024-02-13,2024-02-19,2
20240206,34013,Essex County,NJ,100.00,0.00,0.00,0.00,0.00,0.00,2024-02-06,2024-02-12,2
20240130,34013,Essex County,NJ,100.00,0.00,0.00,0.00,0.00,0.00,2024-01-30,2024-02-05,2
20240123,34013,Essex County,NJ,100.00,0.00,0.00,0.00,0.00,0.00,2024-01-23,2024-01-29,2
20240116,34013,Essex County,NJ,100.00,0.00,0.00,0.00,0.00,0.00,2024-01-16,2024-01-22,2
20240109,34013,Essex County,NJ,100.00,0.00,0.00,0.00,0.00,0.00,2024-01-09,2024-01-15,2
20240102,34013,Essex County,NJ,100.00,0.00,0.00,0.00,0.00,0.00,2024-01-02,2024-01-08,2
20231226,34013,Essex County,NJ,100.00,0.00,0.00,0.00,0.00,0.00,2023-12-26,2024-01-01,2
20231219,34013,Essex County,NJ,100.00,0.00,0.00,0.00,0.00,0.00,2023-12-19,2023-12-25,2
20231212,34013,Essex County,NJ,100.00,0.00,0.00,0.00,0.00,0.00,2023-12-12,2023-12-18,2
20231205,34013,Essex County,NJ,100.00,0.00,0.00,0.00,0.00,0.00,2023-12-05,2023-12-11,2
20231128,34013,Essex County,NJ,100.00,0.00,0.00,0.00,0.00,0.00,2023-11-28,2023-12-04,2
20231121,34013,Essex County,NJ,92.32,7.68,0.00,0.00,0.00,0.00,2023-11-21,2023-11-27,2
20231114,34013,Essex County,NJ,100.00,0.00,0.00,0.00,0.00,0.00,2023-11-14,2023-11-20,2
20231107,34013,Essex County,NJ,100.00,0.00,0.00,0.00,0.00,0.00,2023-11-07,2023-11-13,2
20231031,34013,Essex County,NJ,100.00,0.00,0.00,0.00,0.00,0.00,2023-10-31,2023-11-06,2
20231024,34013,Essex County,NJ,100.00,0.00,0.00,0.00,0.00,0.00,2023-10-24,2023-10-30,2
20231017,34013,Essex County,NJ,100.00,0.00,0.00,0.00,0.00,0.00,2023-10-17,2023-10-23,2
20231010,34013,Essex County,NJ,100.00,0.00,0.00,0.00,0.00,0.00,2023-10-10,2023-10-16,2
20231003,34013,Essex County,NJ,100.00,0.00,0.00,0.00,0.00,0.00,2023-10-03,2023-10-09,2
20230926,34013,Essex County,NJ,100.00,0.00,0.00,0.00,0.00,0.00,2023-09-26,2023-10-02,2
20230919,34013,Essex County,NJ,100.00,0.00,0.00,0.00,0.00,0.00,2023-09-19,2023-09-25,2
20230912,34013,Essex County,NJ,100.00,0.00,0.00,0.00,0.00,0.00,2023-09-12,2023-09-18,2
20230905,34013,Essex County,NJ,100.00,0.00,0.00,0.00,0.00,0.00,2023-09-05,2023-09-11,2
20230829,34013,Essex County,NJ,100.00,0.00,0.00,0.00,0.00,0.00,2023-08-29,2023-09-04,2
20230822,34013,Essex County,NJ,100.00,0.00,0.00,0.00,0.00,0.00,2023-08-22,2023-08-28,2
20230815,34013,Essex County,NJ,100.00,0.00,0.00,0.00,0.00,0.00,2023-08-15,2023-08-21,2
20230808,34013,Essex County,NJ,100.00,0.00,0.00,0.00,0.00,0.00,2023-08-08,2023-08-14,2
20230801,34013,Essex County,NJ,100.00,0.00,0.00,0.00,0.00,0.00,2023-08-01,2023-08-07,2
20230725,34013,Essex County,NJ,100.00,0.00,0.00,0.00,0.00,0.00,2023-07-25,2023-07-31,2
20230718,34013,Essex County,NJ,88.02,11.98,0.00,0.00,0.00,0.00,2023-07-18,2023-07-24,2
20230711,34013,Essex County,NJ,87.33,12.67,0.00,0.00,0.00,0.00,2023-07-11,2023-07-17,2
20230704,34013,Essex County,NJ,0.00,95.49,4.51,0.00,0.00,0.00,2023-07-04,2023-07-10,2
20230627,34013,Essex County,NJ,0.00,72.20,27.80,0.00,0.00,0.00,2023-06-27,2023-07-03,2
20230620,34013,Essex County,NJ,0.00,72.20,27.80,0.00,0.00,0.00,2023-06-20,2023-06-26,2
20230613,34013,Essex County,NJ,0.00,100.00,0.00,0.00,0.00,0.00,2023-06-13,2023-06-19,2
20230606,34013,Essex County,NJ,15.24,84.76,0.00,0.00,0.00,0.00,2023-06-06,2023-06-12,2
20230530,34013,Essex County,NJ,100.00,0.00,0.00,0.00,0.00,0.00,2023-05-30,2023-06-05,2
20230523,34013,Essex County,NJ,100.00,0.00,0.00,0.00,0.00,0.00,2023-05-23,2023-05-29,2
20230516,34013,Essex County,NJ,100.00,0.00,0.00,0.00,0.00,0.00,2023-05-16,2023-05-22,2
20230509,34013,Essex County,NJ,100.00,0.00,0.00,0.00,0.00,0.00,2023-05-09,2023-05-15,2
20230502,34013,Essex County,NJ,100.00,0.00,0.00,0.00,0.00,0.00,2023-05-02,2023-05-08,2
20230425,34013,Essex County,NJ,0.00,59.17,40.83,0.00,0.00,0.00,2023-04-25,2023-05-01,2
20230418,34013,Essex County,NJ,0.00,59.17,40.83,0.00,0.00,0.00,2023-04-18,2023-04-24,2
20230411,34013,Essex County,NJ,0.50,99.50,0.00,0.00,0.00,0.00,2023-04-11,2023-04-17,2
20230404,34013,Essex County,NJ,100.00,0.00,0.00,0.00,0.00,0.00,2023-04-04,2023-04-10,2
20230328,34013,Essex County,NJ,100.00,0.00,0.00,0.00,0.00,0.00,2023-03-28,2023-04-03,2
20230321,34013,Essex County,NJ,100.00,0.00,0.00,0.00,0.00,0.00,2023-03-21,2023-03-27,2
20230314,34013,Essex County,NJ,100.00,0.00,0.00,0.00,0.00,0.00,2023-03-14,2023-03-20,2
20230307,34013,Essex County,NJ,100.00,0.00,0.00,0.00,0.00,0.00,2023-03-07,2023-03-13,2
20230228,34013,Essex County,NJ,100.00,0.00,0.00,0.00,0.00,0.00,2023-02-28,2023-03-06,2
20230221,34013,Essex County,NJ,100.00,0.00,0.00,0.00,0.00,0.00,2023-02-21,2023-02-27,2
20230214,34013,Essex County,NJ,100.00,0.00,0.00,0.00,0.00,0.00,2023-02-14,2023-02-20,2
20230207,34013,Essex County,NJ,100.00,0.00,0.00,0.00,0.00,0.00,2023-02-07,2023-02-13,2
20230131,34013,Essex County,NJ,100.00,0.00,0.00,0.00,0.00,0.00,2023-01-31,2023-02-06,2
20230124,34013,Essex County,NJ,100.00,0.00,0.00,0.00,0.00,0.00,2023-01-24,2023-01-30,2
20230117,34013,Essex County,NJ,100.00,0.00,0.00,0.00,0.00,0.00,2023-01-17,2023-01-23,2
20230110,34013,Essex County,NJ,100.00,0.00,0.00,0.00,0.00,0.00,2023-01-10,2023-01-16,2
20230103,34013,Essex County,NJ,100.00,0.00,0.00,0.00,0.00,0.00,2023-01-03,2023-01-09,2
20221227,34013,Essex County,NJ,100.00,0.00,0.00,0.00,0.00,0.00,2022-12-27,2023-01-02,2
20221220,34013,Essex County,NJ,98.47,1.53,0.00,0.00,0.00,0.00,2022-12-20,2022-12-26,2
20221213,34013,Essex County,NJ,0.00,99.60,0.40,0.00,0.00,0.00,2022-12-13,2022-12-19,2
20221206,34013,Essex County,NJ,0.00,99.60,0.40,0.00,0.00,0.00,2022-12-06,2022-12-12,2
20221129,34013,Essex County,NJ,0.00,99.60,0.40,0.00,0.00,0.00,2022-11-29,2022-12-05,2
20221122,34013,Essex County,NJ,0.00,99.60,0.40,0.00,0.00,0.00,2022-11-22,2022-11-28,2
20221115,34013,Essex County,NJ,0.00,99.60,0.40,0.00,0.00,0.00,2022-11-15,2022-11-21,2
20221108,34013,Essex County,NJ,0.00,91.04,8.96,0.00,0.00,0.00,2022-11-08,2022-11-14,2
20221101,34013,Essex County,NJ,15.06,80.07,4.87,0.00,0.00,0.00,2022-11-01,2022-11-07,2
20221025,34013,Essex County,NJ,15.06,80.07,4.87,0.00,0.00,0.00,2022-10-25,2022-10-31,2
20221018,34013,Essex County,NJ,0.28,59.27,40.45,0.00,0.00,0.00,2022-10-18,2022-10-24,2
20221011,34013,Essex County,NJ,0.00,48.16,51.84,0.00,0.00,0.00,2022-10-11,2022-10-17,2
20221004,34013,Essex County,NJ,0.00,39.50,60.50,0.00,0.00,0.00,2022-10-04,2022-10-10,2
20220927,34013,Essex County,NJ,0.00,39.50,60.50,0.00,0.00,0.00,2022-09-27,2022-10-03,2
20220920,34013,Essex County,NJ,0.00,0.00,100.00,0.00,0.00,0.00,2022-09-20,2022-09-26,2
20220913,34013,Essex County,NJ,0.00,0.00,100.00,0.00,0.00,0.00,2022-09-13,2022-09-19,2
20220906,34013,Essex County,NJ,0.00,0.00,64.52,35.48,0.00,0.00,2022-09-06,2022-09-12,2
20220830,34013,Essex County,NJ,0.00,0.00,66.27,33.73,0.00,0.00,2022-08-30,2022-09-05,2
20220823,34013,Essex County,NJ,0.00,0.00,72.64,27.36,0.00,0.00,2022-08-23,2022-08-29,2
20220816,34013,Essex County,NJ,0.00,1.37,71.27,27.36,0.00,0.00,2022-08-16,2022-08-22,2
20220809,34013,Essex County,NJ,0.00,49.74,40.14,10.11,0.00,0.00,2022-08-09,2022-08-15,2
20220802,34013,Essex County,NJ,0.00,69.12,30.88,0.00,0.00,0.00,2022-08-02,2022-08-08,2
20220726,34013,Essex County,NJ,0.00,69.12,30.88,0.00,0.00,0.00,2022-07-26,2022-08-01,2
20220719,34013,Essex County,NJ,0.00,100.00,0.00,0.00,0.00,0.00,2022-07-19,2022-07-25,2
20220712,34013,Essex County,NJ,1.48,98.52,0.00,0.00,0.00,0.00,2022-07-12,2022-07-18,2
20220705,34013,Essex County,NJ,49.62,50.38,0.00,0.00,0.00,0.00,2022-07-05,2022-07-11,2
20220628,34013,Essex County,NJ,100.00,0.00,0.00,0.00,0.00,0.00,2022-06-28,2022-07-04,2
20220621,34013,Essex County,NJ,100.00,0.00,0.00,0.00,0.00,0.00,2022-06-21,2022-06-27,2
20220614,34013,Essex County,NJ,100.00,0.00,0.00,0.00,0.00,0.00,2022-06-14,2022-06-20,2
20220607,34013,Essex County,NJ,100.00,0.00,0.00,0.00,0.00,0.00,2022-06-07,2022-06-13,2
20220531,34013,Essex County,NJ,100.00,0.00,0.00,0.00,0.00,0.00,2022-05-31,2022-06-06,2
20220524,34013,Essex County,NJ,100.00,0.00,0.00,0.00,0.00,0.00,2022-05-24,2022-05-30,2
20220517,34013,Essex County,NJ,100.00,0.00,0.00,0.00,0.00,0.00,2022-05-17,2022-05-23,2
20220510,34013,Essex County,NJ,100.00,0.00,0.00,0.00,0.00,0.00,2022-05-10,2022-05-16,2
20220503,34013,Essex County,NJ,100.00,0.00,0.00,0.00,0.00,0.00,2022-05-03,2022-05-09,2
20220426,34013,Essex County,NJ,100.00,0.00,0.00,0.00,0.00,0.00,2022-04-26,2022-05-02,2
20220419,34013,Essex County,NJ,100.00,0.00,0.00,0.00,0.00,0.00,2022-04-19,2022-04-25,2
20220412,34013,Essex County,NJ,100.00,0.00,0.00,0.00,0.00,0.00,2022-04-12,2022-04-18,2
20220405,34013,Essex County,NJ,0.00,100.00,0.00,0.00,0.00,0.00,2022-04-05,2022-04-11,2
20220329,34013,Essex County,NJ,0.00,100.00,0.00,0.00,0.00,0.00,2022-03-29,2022-04-04,2
20220322,34013,Essex County,NJ,0.00,100.00,0.00,0.00,0.00,0.00,2022-03-22,2022-03-28,2
20220315,34013,Essex County,NJ,100.00,0.00,0.00,0.00,0.00,0.00,2022-03-15,2022-03-21,2
20220308,34013,Essex County,NJ,100.00,0.00,0.00,0.00,0.00,0.00,2022-03-08,2022-03-14,2
20220301,34013,Essex County,NJ,100.00,0.00,0.00,0.00,0.00,0.00,2022-03-01,2022-03-07,2
20220222,34013,Essex County,NJ,100.00,0.00,0.00,0.00,0.00,0.00,2022-02-22,2022-02-28,2
20220215,34013,Essex County,NJ,100.00,0.00,0.00,0.00,0.00,0.00,2022-02-15,2022-02-21,2
20220208,34013,Essex County,NJ,100.00,0.00,0.00,0.00,0.00,0.00,2022-02-08,2022-02-14,2
20220201,34013,Essex County,NJ,100.00,0.00,0.00,0.00,0.00,0.00,2022-02-01,2022-02-07,2
20220125,34013,Essex County,NJ,100.00,0.00,0.00,0.00,0.00,0.00,2022-01-25,2022-01-31,2
20220118,34013,Essex County,NJ,100.00,0.00,0.00,0.00,0.00,0.00,2022-01-18,2022-01-24,2
20220111,34013,Essex County,NJ,100.00,0.00,0.00,0.00,0.00,0.00,2022-01-11,2022-01-17,2
20220104,34013,Essex County,NJ,100.00,0.00,0.00,0.00,0.00,0.00,2022-01-04,2022-01-10,2
20211228,34013,Essex County,NJ,100.00,0.00,0.00,0.00,0.00,0.00,2021-12-28,2022-01-03,2
20211221,34013,Essex County,NJ,100.00,0.00,0.00,0.00,0.00,0.00,2021-12-21,2021-12-27,2
20211214,34013,Essex County,NJ,100.00,0.00,0.00,0.00,0.00,0.00,2021-12-14,2021-12-20,2
20211207,34013,Essex County,NJ,100.00,0.00,0.00,0.00,0.00,0.00,2021-12-07,2021-12-13,2
20211130,34013,Essex County,NJ,100.00,0.00,0.00,0.00,0.00,0.00,2021-11-30,2021-12-06,2
20211123,34013,Essex County,NJ,100.00,0.00,0.00,0.00,0.00,0.00,2021-11-23,2021-11-29,2
20211116,34013,Essex County,NJ,100.00,0.00,0.00,0.00,0.00,0.00,2021-11-16,2021-11-22,2
20211109,34013,Essex County,NJ,100.00,0.00,0.00,0.00,0.00,0.00,2021-11-09,2021-11-15,2
20211102,34013,Essex County,NJ,100.00,0.00,0.00,0.00,0.00,0.00,2021-11-02,2021-11-08,2
20211026,34013,Essex County,NJ,100.00,0.00,0.00,0.00,0.00,0.00,2021-10-26,2021-11-01,2
20211019,34013,Essex County,NJ,100.00,0.00,0.00,0.00,0.00,0.00,2021-10-19,2021-10-25,2
20211012,34013,Essex County,NJ,100.00,0.00,0.00,0.00,0.00,0.00,2021-10-12,2021-10-18,2
20211005,34013,Essex County,NJ,100.00,0.00,0.00,0.00,0.00,0.00,2021-10-05,2021-10-11,2
20210928,34013,Essex County,NJ,100.00,0.00,0.00,0.00,0.00,0.00,2021-09-28,2021-10-04,2
20210921,34013,Essex County,NJ,100.00,0.00,0.00,0.00,0.00,0.00,2021-09-21,2021-09-27,2
20210914,34013,Essex County,NJ,100.00,0.00,0.00,0.00,0.00,0.00,2021-09-14,2021-09-20,2
20210907,34013,Essex County,NJ,100.00,0.00,0.00,0.00,0.00,0.00,2021-09-07,2021-09-13,2
20210831,34013,Essex County,NJ,100.00,0.00,0.00,0.00,0.00,0.00,2021-08-31,2021-09-06,2
20210824,34013,Essex County,NJ,100.00,0.00,0.00,0.00,0.00,0.00,2021-08-24,2021-08-30,2
20210817,34013,Essex County,NJ,100.00,0.00,0.00,0.00,0.00,0.00,2021-08-17,2021-08-23,2
20210810,34013,Essex County,NJ,100.00,0.00,0.00,0.00,0.00,0.00,2021-08-10,2021-08-16,2
20210803,34013,Essex County,NJ,100.00,0.00,0.00,0.00,0.00,0.00,2021-08-03,2021-08-09,2
20210727,34013,Essex County,NJ,100.00,0.00,0.00,0.00,0.00,0.00,2021-07-27,2021-08-02,2
20210720,34013,Essex County,NJ,100.00,0.00,0.00,0.00,0.00,0.00,2021-07-20,2021-07-26,2
20210713,34013,Essex County,NJ,100.00,0.00,0.00,0.00,0.00,0.00,2021-07-13,2021-07-19,2
20210706,34013,Essex County,NJ,100.00,0.00,0.00,0.00,0.00,0.00,2021-07-06,2021-07-12,2
20210629,34013,Essex County,NJ,100.00,0.00,0.00,0.00,0.00,0.00,2021-06-29,2021-07-05,2
20210622,34013,Essex County,NJ,100.00,0.00,0.00,0.00,0.00,0.00,2021-06-22,2021-06-28,2
20210615,34013,Essex County,NJ,100.00,0.00,0.00,0.00,0.00,0.00,2021-06-15,2021-06-21,2
20210608,34013,Essex County,NJ,100.00,0.00,0.00,0.00,0.00,0.00,2021-06-08,2021-06-14,2
20210601,34013,Essex County,NJ,100.00,0.00,0.00,0.00,0.00,0.00,2021-06-01,2021-06-07,2
20210525,34013,Essex County,NJ,0.00,100.00,0.00,0.00,0.00,0.00,2021-05-25,2021-05-31,2
20210518,34013,Essex County,NJ,100.00,0.00,0.00,0.00,0.00,0.00,2021-05-18,2021-05-24,2
20210511,34013,Essex County,NJ,100.00,0.00,0.00,0.00,0.00,0.00,2021-05-11,2021-05-17,2
20210504,34013,Essex County,NJ,100.00,0.00,0.00,0.00,0.00,0.00,2021-05-04,2021-05-10,2
20210427,34013,Essex County,NJ,100.00,0.00,0.00,0.00,0.00,0.00,2021-04-27,2021-05-03,2
20210420,34013,Essex County,NJ,100.00,0.00,0.00,0.00,0.00,0.00,2021-04-20,2021-04-26,2
20210413,34013,Essex County,NJ,100.00,0.00,0.00,0.00,0.00,0.00,2021-04-13,2021-04-19,2
20210406,34013,Essex County,NJ,100.00,0.00,0.00,0.00,0.00,0.00,2021-04-06,2021-04-12,2
20210330,34013,Essex County,NJ,100.00,0.00,0.00,0.00,0.00,0.00,2021-03-30,2021-04-05,2
20210323,34013,Essex County,NJ,100.00,0.00,0.00,0.00,0.00,0.00,2021-03-23,2021-03-29,2
20210316,34013,Essex County,NJ,100.00,0.00,0.00,0.00,0.00,0.00,2021-03-16,2021-03-22,2
20210309,34013,Essex County,NJ,100.00,0.00,0.00,0.00,0.00,0.00,2021-03-09,2021-03-15,2
20210302,34013,Essex County,NJ,100.00,0.00,0.00,0.00,0.00,0.00,2021-03-02,2021-03-08,2
20210223,34013,Essex County,NJ,100.00,0.00,0.00,0.00,0.00,0.00,2021-02-23,2021-03-01,2
20210216,34013,Essex County,NJ,100.00,0.00,0.00,0.00,0.00,0.00,2021-02-16,2021-02-22,2
20210209,34013,Essex County,NJ,100.00,0.00,0.00,0.00,0.00,0.00,2021-02-09,2021-02-15,2
20210202,34013,Essex County,NJ,100.00,0.00,0.00,0.00,0.00,0.00,2021-02-02,2021-02-08,2
20210126,34013,Essex County,NJ,100.00,0.00,0.00,0.00,0.00,0.00,2021-01-26,2021-02-01,2
20210119,34013,Essex County,NJ,100.00,0.00,0.00,0.00,0.00,0.00,2021-01-19,2021-01-25,2
20210112,34013,Essex County,NJ,100.00,0.00,0.00,0.00,0.00,0.00,2021-01-12,2021-01-18,2
20210105,34013,Essex County,NJ,100.00,0.00,0.00,0.00,0.00,0.00,2021-01-05,2021-01-11,2
20201229,34013,Essex County,NJ,100.00,0.00,0.00,0.00,0.00,0.00,2020-12-29,2021-01-04,2
20201222,34013,Essex County,NJ,100.00,0.00,0.00,0.00,0.00,0.00,2020-12-22,2020-12-28,2
20201215,34013,Essex County,NJ,100.00,0.00,0.00,0.00,0.00,0.00,2020-12-15,2020-12-21,2
20201208,34013,Essex County,NJ,100.00,0.00,0.00,0.00,0.00,0.00,2020-12-08,2020-12-14,2
20201201,34013,Essex County,NJ,100.00,0.00,0.00,0.00,0.00,0.00,2020-12-01,2020-12-07,2
20201124,34013,Essex County,NJ,100.00,0.00,0.00,0.00,0.00,0.00,2020-11-24,2020-11-30,2
20251118,34015,Gloucester County,NJ,0.00,28.18,71.82,0.00,0.00,0.00,2025-11-18,2025-11-24,2
20251111,34015,Gloucester County,NJ,0.00,28.18,71.82,0.00,0.00,0.00,2025-11-11,2025-11-17,2
20251104,34015,Gloucester County,NJ,0.00,28.18,71.82,0.00,0.00,0.00,2025-11-04,2025-11-10,2
20251028,34015,Gloucester County,NJ,0.00,28.04,71.96,0.00,0.00,0.00,2025-10-28,2025-11-03,2
20251021,34015,Gloucester County,NJ,0.00,51.47,48.53,0.00,0.00,0.00,2025-10-21,2025-10-27,2
20251014,34015,Gloucester County,NJ,0.00,100.00,0.00,0.00,0.00,0.00,2025-10-14,2025-10-20,2
20251007,34015,Gloucester County,NJ,0.00,100.00,0.00,0.00,0.00,0.00,2025-10-07,2025-10-13,2
20250930,34015,Gloucester County,NJ,67.20,32.80,0.00,0.00,0.00,0.00,2025-09-30,2025-10-06,2
20250923,34015,Gloucester County,NJ,67.20,32.80,0.00,0.00,0.00,0.00,2025-09-23,2025-09-29,2
20250916,34015,Gloucester County,NJ,67.20,32.80,0.00,0.00,0.00,0.00,2025-09-16,2025-09-22,2
20250909,34015,Gloucester County,NJ,95.78,4.22,0.00,0.00,0.00,0.00,2025-09-09,2025-09-15,2
20250902,34015,Gloucester County,NJ,84.74,15.26,0.00,0.00,0.00,0.00,2025-09-02,2025-09-08,2
20250826,34015,Gloucester County,NJ,86.70,13.30,0.00,0.00,0.00,0.00,2025-08-26,2025-09-01,2
20250819,34015,Gloucester County,NJ,86.70,13.30,0.00,0.00,0.00,0.00,2025-08-19,2025-08-25,2
20250812,34015,Gloucester County,NJ,46.59,53.41,0.00,0.00,0.00,0.00,2025-08-12,2025-08-18,2
20250805,34015,Gloucester County,NJ,100.00,0.00,0.00,0.00,0.00,0.00,2025-08-05,2025-08-11,2
20250729,34015,Gloucester County,NJ,100.00,0.00,0.00,0.00,0.00,0.00,2025-07-29,2025-08-04,2
20250722,34015,Gloucester County,NJ,100.00,0.00,0.00,0.00,0.00,0.00,2025-07-22,2025-07-28,2
20250715,34015,Gloucester County,NJ,100.00,0.00,0.00,0.00,0.00,0.00,2025-07-15,2025-07-21,2
20250708,34015,Gloucester County,NJ,79.35,20.65,0.00,0.00,0.00,0.00,2025-07-08,2025-07-14,2
20250701,34015,Gloucester County,NJ,79.35,20.65,0.00,0.00,0.00,0.00,2025-07-01,2025-07-07,2
20250624,34015,Gloucester County,NJ,97.29,2.71,0.00,0.00,0.00,0.00,2025-06-24,2025-06-30,2
20250617,34015,Gloucester County,NJ,97.29,2.71,0.00,0.00,0.00,0.00,2025-06-17,2025-06-23,2
20250610,34015,Gloucester County,NJ,97.29,2.71,0.00,0.00,0.00,0.00,2025-06-10,2025-06-16,2
20250603,34015,Gloucester County,NJ,97.29,2.71,0.00,0.00,0.00,0.00,2025-06-03,2025-06-09,2
20250527,34015,Gloucester County,NJ,78.76,21.24,0.00,0.00,0.00,0.00,2025-05-27,2025-06-02,2
20250520,34015,Gloucester County,NJ,40.81,59.19,0.00,0.00,0.00,0.00,2025-05-20,2025-05-26,2
20250513,34015,Gloucester County,NJ,0.00,50.19,49.81,0.00,0.00,0.00,2025-05-13,2025-05-19,2
20250506,34015,Gloucester County,NJ,0.00,50.19,49.81,0.00,0.00,0.00,2025-05-06,2025-05-12,2
20250429,34015,Gloucester County,NJ,0.00,50.19,47.78,2.04,0.00,0.00,2025-04-29,2025-05-05,2
20250422,34015,Gloucester County,NJ,0.00,50.19,47.78,2.04,0.00,0.00,2025-04-22,2025-04-28,2
20250415,34015,Gloucester County,NJ,0.00,50.19,47.78,2.04,0.00,0.00,2025-04-15,2025-04-21,2
20250408,34015,Gloucester County,NJ,0.00,12.65,70.18,17.17,0.00,0.00,2025-04-08,2025-04-14,2
20250401,34015,Gloucester County,NJ,0.00,0.00,18.88,78.33,2.78,0.00,2025-04-01,2025-04-07,2
20250325,34015,Gloucester County,NJ,0.00,0.00,18.88,71.74,9.37,0.00,2025-03-25,2025-03-31,2
20250318,34015,Gloucester County,NJ,0.00,0.00,13.01,71.54,15.45,0.00,2025-03-18,2025-03-24,2
20250311,34015,Gloucester County,NJ,0.00,0.00,1.04,83.50,15.45,0.00,2025-03-11,2025-03-17,2
20250304,34015,Gloucester County,NJ,0.00,0.00,1.05,83.50,15.45,0.00,2025-03-04,2025-03-10,2
20250225,34015,Gloucester County,NJ,0.00,0.00,1.05,83.50,15.45,0.00,2025-02-25,2025-03-03,2
20250218,34015,Gloucester County,NJ,0.00,0.00,1.05,83.50,15.45,0.00,2025-02-18,2025-02-24,2
20250211,34015,Gloucester County,NJ,0.00,0.00,0.00,76.06,23.94,0.00,2025-02-11,2025-02-17,2
20250204,34015,Gloucester County,NJ,0.00,0.00,0.00,76.06,23.94,0.00,2025-02-04,2025-02-10,2
20250128,34015,Gloucester County,NJ,0.00,0.00,0.00,76.06,23.94,0.00,2025-01-28,2025-02-03,2
20250121,34015,Gloucester County,NJ,0.00,0.00,0.00,76.06,23.94,0.00,2025-01-21,2025-01-27,2
20250114,34015,Gloucester County,NJ,0.00,0.00,0.00,76.06,23.94,0.00,2025-01-14,2025-01-20,2
20250107,34015,Gloucester County,NJ,0.00,0.00,0.00,76.06,23.94,0.00,2025-01-07,2025-01-13,2
20241231,34015,Gloucester County,NJ,0.00,0.00,0.00,76.06,23.94,0.00,2024-12-31,2025-01-06,2
20241224,34015,Gloucester County,NJ,0.00,0.00,0.00,13.32,86.68,0.00,2024-12-24,2024-12-30,2
20241217,34015,Gloucester County,NJ,0.00,0.00,0.00,3.38,96.62,0.00,2024-12-17,2024-12-23,2
20241210,34015,Gloucester County,NJ,0.00,0.00,0.00,3.38,96.62,0.00,2024-12-10,2024-12-16,2
20241203,34015,Gloucester County,NJ,0.00,0.00,0.00,3.38,96.62,0.00,2024-12-03,2024-12-09,2
20241126,34015,Gloucester County,NJ,0.00,0.00,0.00,3.38,96.62,0.00,2024-11-26,2024-12-02,2
20241119,34015,Gloucester County,NJ,0.00,0.00,0.00,3.38,96.62,0.00,2024-11-19,2024-11-25,2
20241112,34015,Gloucester County,NJ,0.00,0.00,0.00,71.90,28.10,0.00,2024-11-12,2024-11-18,2
20241105,34015,Gloucester County,NJ,0.00,0.00,0.00,100.00,0.00,0.00,2024-11-05,2024-11-11,2
20241029,34015,Gloucester County,NJ,0.00,0.00,0.00,100.00,0.00,0.00,2024-10-29,2024-11-04,2
20241022,34015,Gloucester County,NJ,0.00,0.00,61.91,38.09,0.00,0.00,2024-10-22,2024-10-28,2
20241015,34015,Gloucester County,NJ,0.00,0.00,96.52,3.48,0.00,0.00,2024-10-15,2024-10-21,2
20241008,34015,Gloucester County,NJ,0.00,72.92,27.08,0.00,0.00,0.00,2024-10-08,2024-10-14,2
20241001,34015,Gloucester County,NJ,0.00,100.00,0.00,0.00,0.00,0.00,2024-10-01,2024-10-07,2
20240924,34015,Gloucester County,NJ,0.00,100.00,0.00,0.00,0.00,0.00,2024-09-24,2024-09-30,2
20240917,34015,Gloucester County,NJ,14.37,85.63,0.00,0.00,0.00,0.00,2024-09-17,2024-09-23,2
20240910,34015,Gloucester County,NJ,59.28,40.72,0.00,0.00,0.00,0.00,2024-09-10,2024-09-16,2
20240903,34015,Gloucester County,NJ,59.25,40.75,0.00,0.00,0.00,0.00,2024-09-03,2024-09-09,2
20240827,34015,Gloucester County,NJ,91.44,8.56,0.00,0.00,0.00,0.00,2024-08-27,2024-09-02,2
20240820,34015,Gloucester County,NJ,91.21,8.79,0.00,0.00,0.00,0.00,2024-08-20,2024-08-26,2
20240813,34015,Gloucester County,NJ,99.84,0.16,0.00,0.00,0.00,0.00,2024-08-13,2024-08-19,2
20240806,34015,Gloucester County,NJ,94.97,5.03,0.00,0.00,0.00,0.00,2024-08-06,2024-08-12,2
20240730,34015,Gloucester County,NJ,94.58,5.42,0.00,0.00,0.00,0.00,2024-07-30,2024-08-05,2
20240723,34015,Gloucester County,NJ,94.45,5.55,0.00,0.00,0.00,0.00,2024-07-23,2024-07-29,2
20240716,34015,Gloucester County,NJ,94.43,5.57,0.00,0.00,0.00,0.00,2024-07-16,2024-07-22,2
20240709,34015,Gloucester County,NJ,94.43,5.57,0.00,0.00,0.00,0.00,2024-07-09,2024-07-15,2
20240702,34015,Gloucester County,NJ,96.02,3.82,0.17,0.00,0.00,0.00,2024-07-02,2024-07-08,2
20240625,34015,Gloucester County,NJ,0.00,99.70,0.30,0.00,0.00,0.00,2024-06-25,2024-07-01,2
20240618,34015,Gloucester County,NJ,36.79,63.21,0.00,0.00,0.00,0.00,2024-06-18,2024-06-24,2
20240611,34015,Gloucester County,NJ,93.31,6.69,0.00,0.00,0.00,0.00,2024-06-11,2024-06-17,2
20240604,34015,Gloucester County,NJ,0.00,100.00,0.00,0.00,0.00,0.00,2024-06-04,2024-06-10,2
20240528,34015,Gloucester County,NJ,100.00,0.00,0.00,0.00,0.00,0.00,2024-05-28,2024-06-03,2
20240521,34015,Gloucester County,NJ,100.00,0.00,0.00,0.00,0.00,0.00,2024-05-21,2024-05-27,2
20240514,34015,Gloucester County,NJ,100.00,0.00,0.00,0.00,0.00,0.00,2024-05-14,2024-05-20,2
20240507,34015,Gloucester County,NJ,100.00,0.00,0.00,0.00,0.00,0.00,2024-05-07,2024-05-13,2
20240430,34015,Gloucester County,NJ,100.00,0.00,0.00,0.00,0.00,0.00,2024-04-30,2024-05-06,2
20240423,34015,Gloucester County,NJ,100.00,0.00,0.00,0.00,0.00,0.00,2024-04-23,2024-04-29,2
20240416,34015,Gloucester County,NJ,100.00,0.00,0.00,0.00,0.00,0.00,2024-04-16,2024-04-22,2
20240409,34015,Gloucester County,NJ,100.00,0.00,0.00,0.00,0.00,0.00,2024-04-09,2024-04-15,2
20240402,34015,Gloucester County,NJ,100.00,0.00,0.00,0.00,0.00,0.00,2024-04-02,2024-04-08,2
20240326,34015,Gloucester County,NJ,100.00,0.00,0.00,0.00,0.00,0.00,2024-03-26,2024-04-01,2
20240319,34015,Gloucester County,NJ,100.00,0.00,0.00,0.00,0.00,0.00,2024-03-19,2024-03-25,2
20240312,34015,Gloucester County,NJ,100.00,0.00,0.00,0.00,0.00,0.00,2024-03-12,2024-03-18,2
20240305,34015,Gloucester County,NJ,100.00,0.00,0.00,0.00,0.00,0.00,2024-03-05,2024-03-11,2
20240227,34015,Gloucester County,NJ,100.00,0.00,0.00,0.00,0.00,0.00,2024-02-27,2024-03-04,2
20240220,34015,Gloucester County,NJ,100.00,0.00,0.00,0.00,0.00,0.00,2024-02-20,2024-02-26,2
20240213,34015,Gloucester County,NJ,100.00,0.00,0.00,0.00,0.00,0.00,2024-02-13,2024-02-19,2
20240206,34015,Gloucester County,NJ,100.00,0.00,0.00,0.00,0.00,0.00,2024-02-06,2024-02-12,2
20240130,34015,Gloucester County,NJ,100.00,0.00,0.00,0.00,0.00,0.00,2024-01-30,2024-02-05,2
20240123,34015,Gloucester County,NJ,100.00,0.00,0.00,0.00,0.00,0.00,2024-01-23,2024-01-29,2
20240116,34015,Gloucester County,NJ,100.00,0.00,0.00,0.00,0.00,0.00,2024-01-16,2024-01-22,2
20240109,34015,Gloucester County,NJ,100.00,0.00,0.00,0.00,0.00,0.00,2024-01-09,2024-01-15,2
20240102,34015,Gloucester County,NJ,100.00,0.00,0.00,0.00,0.00,0.00,2024-01-02,2024-01-08,2
20231226,34015,Gloucester County,NJ,100.00,0.00,0.00,0.00,0.00,0.00,2023-12-26,2024-01-01,2
20231219,34015,Gloucester County,NJ,100.00,0.00,0.00,0.00,0.00,0.00,2023-12-19,2023-12-25,2
20231212,34015,Gloucester County,NJ,18.04,81.96,0.00,0.00,0.00,0.00,2023-12-12,2023-12-18,2
20231205,34015,Gloucester County,NJ,0.00,100.00,0.00,0.00,0.00,0.00,2023-12-05,2023-12-11,2
20231128,34015,Gloucester County,NJ,0.00,100.00,0.00,0.00,0.00,0.00,2023-11-28,2023-12-04,2
20231121,34015,Gloucester County,NJ,0.00,99.70,0.30,0.00,0.00,0.00,2023-11-21,2023-11-27,2
20231114,34015,Gloucester County,NJ,0.00,100.00,0.00,0.00,0.00,0.00,2023-11-14,2023-11-20,2
20231107,34015,Gloucester County,NJ,0.00,100.00,0.00,0.00,0.00,0.00,2023-11-07,2023-11-13,2
20231031,34015,Gloucester County,NJ,0.00,100.00,0.00,0.00,0.00,0.00,2023-10-31,2023-11-06,2
20231024,34015,Gloucester County,NJ,100.00,0.00,0.00,0.00,0.00,0.00,2023-10-24,2023-10-30,2
20231017,34015,Gloucester County,NJ,100.00,0.00,0.00,0.00,0.00,0.00,2023-10-17,2023-10-23,2
20231010,34015,Gloucester County,NJ,100.00,0.00,0.00,0.00,0.00,0.00,2023-10-10,2023-10-16,2
20231003,34015,Gloucester County,NJ,100.00,0.00,0.00,0.00,0.00,0.00,2023-10-03,2023-10-09,2
20230926,34015,Gloucester County,NJ,100.00,0.00,0.00,0.00,0.00,0.00,2023-09-26,2023-10-02,2
20230919,34015,Gloucester County,NJ,100.00,0.00,0.00,0.00,0.00,0.00,2023-09-19,2023-09-25,2
20230912,34015,Gloucester County,NJ,100.00,0.00,0.00,0.00,0.00,0.00,2023-09-12,2023-09-18,2
20230905,34015,Gloucester County,NJ,100.00,0.00,0.00,0.00,0.00,0.00,2023-09-05,2023-09-11,2
20230829,34015,Gloucester County,NJ,100.00,0.00,0.00,0.00,0.00,0.00,2023-08-29,2023-09-04,2
20230822,34015,Gloucester County,NJ,100.00,0.00,0.00,0.00,0.00,0.00,2023-08-22,2023-08-28,2
20230815,34015,Gloucester County,NJ,100.00,0.00,0.00,0.00,0.00,0.00,2023-08-15,2023-08-21,2
20230808,34015,Gloucester County,NJ,95.03,4.97,0.00,0.00,0.00,0.00,2023-08-08,2023-08-14,2
20230801,34015,Gloucester County,NJ,95.03,4.97,0.00,0.00,0.00,0.00,2023-08-01,2023-08-07,2
20230725,34015,Gloucester County,NJ,95.04,4.96,0.00,0.00,0.00,0.00,2023-07-25,2023-07-31,2
20230718,34015,Gloucester County,NJ,35.29,64.71,0.00,0.00,0.00,0.00,2023-07-18,2023-07-24,2
20230711,34015,Gloucester County,NJ,2.67,88.70,8.63,0.00,0.00,0.00,2023-07-11,2023-07-17,2
20230704,34015,Gloucester County,NJ,2.57,54.86,42.57,0.00,0.00,0.00,2023-07-04,2023-07-10,2
20230627,34015,Gloucester County,NJ,4.80,52.63,42.57,0.00,0.00,0.00,2023-06-27,2023-07-03,2
20230620,34015,Gloucester County,NJ,0.00,61.26,38.74,0.00,0.00,0.00,2023-06-20,2023-06-26,2
20230613,34015,Gloucester County,NJ,0.00,100.00,0.00,0.00,0.00,0.00,2023-06-13,2023-06-19,2
20230606,34015,Gloucester County,NJ,0.00,91.88,8.12,0.00,0.00,0.00,2023-06-06,2023-06-12,2
20230530,34015,Gloucester County,NJ,64.12,35.88,0.00,0.00,0.00,0.00,2023-05-30,2023-06-05,2
20230523,34015,Gloucester County,NJ,100.00,0.00,0.00,0.00,0.00,0.00,2023-05-23,2023-05-29,2
20230516,34015,Gloucester County,NJ,100.00,0.00,0.00,0.00,0.00,0.00,2023-05-16,2023-05-22,2
20230509,34015,Gloucester County,NJ,100.00,0.00,0.00,0.00,0.00,0.00,2023-05-09,2023-05-15,2
20230502,34015,Gloucester County,NJ,100.00,0.00,0.00,0.00,0.00,0.00,2023-05-02,2023-05-08,2
20230425,34015,Gloucester County,NJ,0.00,100.00,0.00,0.00,0.00,0.00,2023-04-25,2023-05-01,2
20230418,34015,Gloucester County,NJ,0.89,99.11,0.00,0.00,0.00,0.00,2023-04-18,2023-04-24,2
20230411,34015,Gloucester County,NJ,0.89,99.11,0.00,0.00,0.00,0.00,2023-04-11,2023-04-17,2
20230404,34015,Gloucester County,NJ,0.89,99.11,0.00,0.00,0.00,0.00,2023-04-04,2023-04-10,2
20230328,34015,Gloucester County,NJ,0.63,99.37,0.00,0.00,0.00,0.00,2023-03-28,2023-04-03,2
20230321,34015,Gloucester County,NJ,0.63,99.37,0.00,0.00,0.00,0.00,2023-03-21,2023-03-27,2
20230314,34015,Gloucester County,NJ,53.47,46.53,0.00,0.00,0.00,0.00,2023-03-14,2023-03-20,2
20230307,34015,Gloucester County,NJ,53.47,46.53,0.00,0.00,0.00,0.00,2023-03-07,2023-03-13,2
20230228,34015,Gloucester County,NJ,53.47,46.53,0.00,0.00,0.00,0.00,2023-02-28,2023-03-06,2
20230221,34015,Gloucester County,NJ,53.47,46.53,0.00,0.00,0.00,0.00,2023-02-21,2023-02-27,2
20230214,34015,Gloucester County,NJ,53.47,46.53,0.00,0.00,0.00,0.00,2023-02-14,2023-02-20,2
20230207,34015,Gloucester County,NJ,53.47,46.53,0.00,0.00,0.00,0.00,2023-02-07,2023-02-13,2
20230131,34015,Gloucester County,NJ,53.47,46.53,0.00,0.00,0.00,0.00,2023-01-31,2023-02-06,2
20230124,34015,Gloucester County,NJ,53.47,46.53,0.00,0.00,0.00,0.00,2023-01-24,2023-01-30,2
20230117,34015,Gloucester County,NJ,53.47,46.53,0.00,0.00,0.00,0.00,2023-01-17,2023-01-23,2
20230110,34015,Gloucester County,NJ,100.00,0.00,0.00,0.00,0.00,0.00,2023-01-10,2023-01-16,2
20230103,34015,Gloucester County,NJ,100.00,0.00,0.00,0.00,0.00,0.00,2023-01-03,2023-01-09,2
20221227,34015,Gloucester County,NJ,100.00,0.00,0.00,0.00,0.00,0.00,2022-12-27,2023-01-02,2
20221220,34015,Gloucester County,NJ,100.00,0.00,0.00,0.00,0.00,0.00,2022-12-20,2022-12-26,2
20221213,34015,Gloucester County,NJ,100.00,0.00,0.00,0.00,0.00,0.00,2022-12-13,2022-12-19,2
20221206,34015,Gloucester County,NJ,100.00,0.00,0.00,0.00,0.00,0.00,2022-12-06,2022-12-12,2
20221129,34015,Gloucester County,NJ,100.00,0.00,0.00,0.00,0.00,0.00,2022-11-29,2022-12-05,2
20221122,34015,Gloucester County,NJ,100.00,0.00,0.00,0.00,0.00,0.00,2022-11-22,2022-11-28,2
20221115,34015,Gloucester County,NJ,85.56,14.44,0.00,0.00,0.00,0.00,2022-11-15,2022-11-21,2
20221108,34015,Gloucester County,NJ,85.56,14.44,0.00,0.00,0.00,0.00,2022-11-08,2022-11-14,2
20221101,34015,Gloucester County,NJ,100.00,0.00,0.00,0.00,0.00,0.00,2022-11-01,2022-11-07,2
20221025,34015,Gloucester County,NJ,100.00,0.00,0.00,0.00,0.00,0.00,2022-10-25,2022-10-31,2
20221018,34015,Gloucester County,NJ,100.00,0.00,0.00,0.00,0.00,0.00,2022-10-18,2022-10-24,2
20221011,34015,Gloucester County,NJ,100.00,0.00,0.00,0.00,0.00,0.00,2022-10-11,2022-10-17,2
20221004,34015,Gloucester County,NJ,67.83,32.17,0.00,0.00,0.00,0.00,2022-10-04,2022-10-10,2
20220927,34015,Gloucester County,NJ,5.69,62.14,32.17,0.00,0.00,0.00,2022-09-27,2022-10-03,2
20220920,34015,Gloucester County,NJ,55.61,36.12,8.27,0.00,0.00,0.00,2022-09-20,2022-09-26,2
20220913,34015,Gloucester County,NJ,55.61,36.12,8.27,0.00,0.00,0.00,2022-09-13,2022-09-19,2
20220906,34015,Gloucester County,NJ,55.11,35.38,9.50,0.00,0.00,0.00,2022-09-06,2022-09-12,2
20220830,34015,Gloucester County,NJ,59.11,31.39,9.50,0.00,0.00,0.00,2022-08-30,2022-09-05,2
20220823,34015,Gloucester County,NJ,59.16,36.44,4.40,0.00,0.00,0.00,2022-08-23,2022-08-29,2
20220816,34015,Gloucester County,NJ,59.16,36.44,4.40,0.00,0.00,0.00,2022-08-16,2022-08-22,2
20220809,34015,Gloucester County,NJ,66.22,33.78,0.00,0.00,0.00,0.00,2022-08-09,2022-08-15,2
20220802,34015,Gloucester County,NJ,66.39,33.61,0.00,0.00,0.00,0.00,2022-08-02,2022-08-08,2
20220726,34015,Gloucester County,NJ,66.39,33.61,0.00,0.00,0.00,0.00,2022-07-26,2022-08-01,2
20220719,34015,Gloucester County,NJ,66.39,33.61,0.00,0.00,0.00,0.00,2022-07-19,2022-07-25,2
20220712,34015,Gloucester County,NJ,66.39,33.61,0.00,0.00,0.00,0.00,2022-07-12,2022-07-18,2
20220705,34015,Gloucester County,NJ,47.52,52.48,0.00,0.00,0.00,0.00,2022-07-05,2022-07-11,2
20220628,34015,Gloucester County,NJ,47.52,52.48,0.00,0.00,0.00,0.00,2022-06-28,2022-07-04,2
20220621,34015,Gloucester County,NJ,100.00,0.00,0.00,0.00,0.00,0.00,2022-06-21,2022-06-27,2
20220614,34015,Gloucester County,NJ,100.00,0.00,0.00,0.00,0.00,0.00,2022-06-14,2022-06-20,2
20220607,34015,Gloucester County,NJ,100.00,0.00,0.00,0.00,0.00,0.00,2022-06-07,2022-06-13,2
20220531,34015,Gloucester County,NJ,100.00,0.00,0.00,0.00,0.00,0.00,2022-05-31,2022-06-06,2
20220524,34015,Gloucester County,NJ,100.00,0.00,0.00,0.00,0.00,0.00,2022-05-24,2022-05-30,2
20220517,34015,Gloucester County,NJ,100.00,0.00,0.00,0.00,0.00,0.00,2022-05-17,2022-05-23,2
20220510,34015,Gloucester County,NJ,100.00,0.00,0.00,0.00,0.00,0.00,2022-05-10,2022-05-16,2
20220503,34015,Gloucester County,NJ,81.20,18.80,0.00,0.00,0.00,0.00,2022-05-03,2022-05-09,2
20220426,34015,Gloucester County,NJ,81.20,18.80,0.00,0.00,0.00,0.00,2022-04-26,2022-05-02,2
20220419,34015,Gloucester County,NJ,81.20,18.80,0.00,0.00,0.00,0.00,2022-04-19,2022-04-25,2
20220412,34015,Gloucester County,NJ,0.00,97.32,2.68,0.00,0.00,0.00,2022-04-12,2022-04-18,2
20220405,34015,Gloucester County,NJ,0.00,0.00,100.00,0.00,0.00,0.00,2022-04-05,2022-04-11,2
20220329,34015,Gloucester County,NJ,0.00,0.00,100.00,0.00,0.00,0.00,2022-03-29,2022-04-04,2
20220322,34015,Gloucester County,NJ,0.00,0.00,100.00,0.00,0.00,0.00,2022-03-22,2022-03-28,2
20220315,34015,Gloucester County,NJ,0.00,0.00,100.00,0.00,0.00,0.00,2022-03-15,2022-03-21,2
20220308,34015,Gloucester County,NJ,0.00,0.00,100.00,0.00,0.00,0.00,2022-03-08,2022-03-14,2
20220301,34015,Gloucester County,NJ,0.00,100.00,0.00,0.00,0.00,0.00,2022-03-01,2022-03-07,2
20220222,34015,Gloucester County,NJ,0.00,100.00,0.00,0.00,0.00,0.00,2022-02-22,2022-02-28,2
20220215,34015,Gloucester County,NJ,0.00,100.00,0.00,0.00,0.00,0.00,2022-02-15,2022-02-21,2
20220208,34015,Gloucester County,NJ,0.00,100.00,0.00,0.00,0.00,0.00,2022-02-08,2022-02-14,2
20220201,34015,Gloucester County,NJ,0.00,100.00,0.00,0.00,0.00,0.00,2022-02-01,2022-02-07,2
20220125,34015,Gloucester County,NJ,0.00,100.00,0.00,0.00,0.00,0.00,2022-01-25,2022-01-31,2
20220118,34015,Gloucester County,NJ,0.00,100.00,0.00,0.00,0.00,0.00,2022-01-18,2022-01-24,2
20220111,34015,Gloucester County,NJ,0.00,100.00,0.00,0.00,0.00,0.00,2022-01-11,2022-01-17,2
20220104,34015,Gloucester County,NJ,0.00,100.00,0.00,0.00,0.00,0.00,2022-01-04,2022-01-10,2
20211228,34015,Gloucester County,NJ,0.00,100.00,0.00,0.00,0.00,0.00,2021-12-28,2022-01-03,2
20211221,34015,Gloucester County,NJ,0.00,100.00,0.00,0.00,0.00,0.00,2021-12-21,2021-12-27,2
20211214,34015,Gloucester County,NJ,90.65,9.35,0.00,0.00,0.00,0.00,2021-12-14,2021-12-20,2
20211207,34015,Gloucester County,NJ,100.00,0.00,0.00,0.00,0.00,0.00,2021-12-07,2021-12-13,2
20211130,34015,Gloucester County,NJ,100.00,0.00,0.00,0.00,0.00,0.00,2021-11-30,2021-12-06,2
20211123,34015,Gloucester County,NJ,100.00,0.00,0.00,0.00,0.00,0.00,2021-11-23,2021-11-29,2
20211116,34015,Gloucester County,NJ,100.00,0.00,0.00,0.00,0.00,0.00,2021-11-16,2021-11-22,2
20211109,34015,Gloucester County,NJ,100.00,0.00,0.00,0.00,0.00,0.00,2021-11-09,2021-11-15,2
20211102,34015,Gloucester County,NJ,100.00,0.00,0.00,0.00,0.00,0.00,2021-11-02,2021-11-08,2
20211026,34015,Gloucester County,NJ,100.00,0.00,0.00,0.00,0.00,0.00,2021-10-26,2021-11-01,2
20211019,34015,Gloucester County,NJ,100.00,0.00,0.00,0.00,0.00,0.00,2021-10-19,2021-10-25,2
20211012,34015,Gloucester County,NJ,100.00,0.00,0.00,0.00,0.00,0.00,2021-10-12,2021-10-18,2
20211005,34015,Gloucester County,NJ,100.00,0.00,0.00,0.00,0.00,0.00,2021-10-05,2021-10-11,2
20210928,34015,Gloucester County,NJ,100.00,0.00,0.00,0.00,0.00,0.00,2021-09-28,2021-10-04,2
20210921,34015,Gloucester County,NJ,100.00,0.00,0.00,0.00,0.00,0.00,2021-09-21,2021-09-27,2
20210914,34015,Gloucester County,NJ,100.00,0.00,0.00,0.00,0.00,0.00,2021-09-14,2021-09-20,2
20210907,34015,Gloucester County,NJ,100.00,0.00,0.00,0.00,0.00,0.00,2021-09-07,2021-09-13,2
20210831,34015,Gloucester County,NJ,100.00,0.00,0.00,0.00,0.00,0.00,2021-08-31,2021-09-06,2
20210824,34015,Gloucester County,NJ,100.00,0.00,0.00,0.00,0.00,0.00,2021-08-24,2021-08-30,2
20210817,34015,Gloucester County,NJ,100.00,0.00,0.00,0.00,0.00,0.00,2021-08-17,2021-08-23,2
20210810,34015,Gloucester County,NJ,100.00,0.00,0.00,0.00,0.00,0.00,2021-08-10,2021-08-16,2
20210803,34015,Gloucester County,NJ,100.00,0.00,0.00,0.00,0.00,0.00,2021-08-03,2021-08-09,2
20210727,34015,Gloucester County,NJ,100.00,0.00,0.00,0.00,0.00,0.00,2021-07-27,2021-08-02,2
20210720,34015,Gloucester County,NJ,100.00,0.00,0.00,0.00,0.00,0.00,2021-07-20,2021-07-26,2
20210713,34015,Gloucester County,NJ,100.00,0.00,0.00,0.00,0.00,0.00,2021-07-13,2021-07-19,2
20210706,34015,Gloucester County,NJ,100.00,0.00,0.00,0.00,0.00,0.00,2021-07-06,2021-07-12,2
20210629,34015,Gloucester County,NJ,100.00,0.00,0.00,0.00,0.00,0.00,2021-06-29,2021-07-05,2
20210622,34015,Gloucester County,NJ,100.00,0.00,0.00,0.00,0.00,0.00,2021-06-22,2021-06-28,2
20210615,34015,Gloucester County,NJ,100.00,0.00,0.00,0.00,0.00,0.00,2021-06-15,2021-06-21,2
20210608,34015,Gloucester County,NJ,50.93,49.07,0.00,0.00,0.00,0.00,2021-06-08,2021-06-14,2
20210601,34015,Gloucester County,NJ,45.47,54.53,0.00,0.00,0.00,0.00,2021-06-01,2021-06-07,2
20210525,34015,Gloucester County,NJ,0.00,100.00,0.00,0.00,0.00,0.00,2021-05-25,2021-05-31,2
20210518,34015,Gloucester County,NJ,100.00,0.00,0.00,0.00,0.00,0.00,2021-05-18,2021-05-24,2
20210511,34015,Gloucester County,NJ,100.00,0.00,0.00,0.00,0.00,0.00,2021-05-11,2021-05-17,2
20210504,34015,Gloucester County,NJ,100.00,0.00,0.00,0.00,0.00,0.00,2021-05-04,2021-05-10,2
20210427,34015,Gloucester County,NJ,100.00,0.00,0.00,0.00,0.00,0.00,2021-04-27,2021-05-03,2
20210420,34015,Gloucester County,NJ,100.00,0.00,0.00,0.00,0.00,0.00,2021-04-20,2021-04-26,2
20210413,34015,Gloucester County,NJ,100.00,0.00,0.00,0.00,0.00,0.00,2021-04-13,2021-04-19,2
20210406,34015,Gloucester County,NJ,100.00,0.00,0.00,0.00,0.00,0.00,2021-04-06,2021-04-12,2
20210330,34015,Gloucester County,NJ,100.00,0.00,0.00,0.00,0.00,0.00,2021-03-30,2021-04-05,2
20210323,34015,Gloucester County,NJ,100.00,0.00,0.00,0.00,0.00,0.00,2021-03-23,2021-03-29,2
20210316,34015,Gloucester County,NJ,100.00,0.00,0.00,0.00,0.00,0.00,2021-03-16,2021-03-22,2
20210309,34015,Gloucester County,NJ,100.00,0.00,0.00,0.00,0.00,0.00,2021-03-09,2021-03-15,2
20210302,34015,Gloucester County,NJ,100.00,0.00,0.00,0.00,0.00,0.00,2021-03-02,2021-03-08,2
20210223,34015,Gloucester County,NJ,100.00,0.00,0.00,0.00,0.00,0.00,2021-02-23,2021-03-01,2
20210216,34015,Gloucester County,NJ,100.00,0.00,0.00,0.00,0.00,0.00,2021-02-16,2021-02-22,2
20210209,34015,Gloucester County,NJ,100.00,0.00,0.00,0.00,0.00,0.00,2021-02-09,2021-02-15,2
20210202,34015,Gloucester County,NJ,100.00,0.00,0.00,0.00,0.00,0.00,2021-02-02,2021-02-08,2
20210126,34015,Gloucester County,NJ,100.00,0.00,0.00,0.00,0.00,0.00,2021-01-26,2021-02-01,2
20210119,34015,Gloucester County,NJ,100.00,0.00,0.00,0.00,0.00,0.00,2021-01-19,2021-01-25,2
20210112,34015,Gloucester County,NJ,100.00,0.00,0.00,0.00,0.00,0.00,2021-01-12,2021-01-18,2
20210105,34015,Gloucester County,NJ,100.00,0.00,0.00,0.00,0.00,0.00,2021-01-05,2021-01-11,2
20201229,34015,Gloucester County,NJ,100.00,0.00,0.00,0.00,0.00,0.00,2020-12-29,2021-01-04,2
20201222,34015,Gloucester County,NJ,100.00,0.00,0.00,0.00,0.00,0.00,2020-12-22,2020-12-28,2
20201215,34015,Gloucester County,NJ,100.00,0.00,0.00,0.00,0.00,0.00,2020-12-15,2020-12-21,2
20201208,34015,Gloucester County,NJ,100.00,0.00,0.00,0.00,0.00,0.00,2020-12-08,2020-12-14,2
20201201,34015,Gloucester County,NJ,100.00,0.00,0.00,0.00,0.00,0.00,2020-12-01,2020-12-07,2
20201124,34015,Gloucester County,NJ,100.00,0.00,0.00,0.00,0.00,0.00,2020-11-24,2020-11-30,2
20251118,34017,Hudson County,NJ,0.00,100.00,0.00,0.00,0.00,0.00,2025-11-18,2025-11-24,2
20251111,34017,Hudson County,NJ,0.00,100.00,0.00,0.00,0.00,0.00,2025-11-11,2025-11-17,2
20251104,34017,Hudson County,NJ,0.00,100.00,0.00,0.00,0.00,0.00,2025-11-04,2025-11-10,2
20251028,34017,Hudson County,NJ,0.00,0.00,100.00,0.00,0.00,0.00,2025-10-28,2025-11-03,2
20251021,34017,Hudson County,NJ,0.00,0.00,100.00,0.00,0.00,0.00,2025-10-21,2025-10-27,2
20251014,34017,Hudson County,NJ,0.00,4.32,95.68,0.00,0.00,0.00,2025-10-14,2025-10-20,2
20251007,34017,Hudson County,NJ,0.00,7.50,92.50,0.00,0.00,0.00,2025-10-07,2025-10-13,2
20250930,34017,Hudson County,NJ,0.00,10.60,89.40,0.00,0.00,0.00,2025-09-30,2025-10-06,2
20250923,34017,Hudson County,NJ,0.00,10.60,89.40,0.00,0.00,0.00,2025-09-23,2025-09-29,2
20250916,34017,Hudson County,NJ,0.00,10.60,89.40,0.00,0.00,0.00,2025-09-16,2025-09-22,2
20250909,34017,Hudson County,NJ,0.00,10.60,89.40,0.00,0.00,0.00,2025-09-09,2025-09-15,2
20250902,34017,Hudson County,NJ,0.00,10.60,89.40,0.00,0.00,0.00,2025-09-02,2025-09-08,2
20250826,34017,Hudson County,NJ,0.00,10.60,89.40,0.00,0.00,0.00,2025-08-26,2025-09-01,2
20250819,34017,Hudson County,NJ,0.00,10.60,89.40,0.00,0.00,0.00,2025-08-19,2025-08-25,2
20250812,34017,Hudson County,NJ,0.00,100.00,0.00,0.00,0.00,0.00,2025-08-12,2025-08-18,2
20250805,34017,Hudson County,NJ,100.00,0.00,0.00,0.00,0.00,0.00,2025-08-05,2025-08-11,2
20250729,34017,Hudson County,NJ,100.00,0.00,0.00,0.00,0.00,0.00,2025-07-29,2025-08-04,2
20250722,34017,Hudson County,NJ,100.00,0.00,0.00,0.00,0.00,0.00,2025-07-22,2025-07-28,2
20250715,34017,Hudson County,NJ,100.00,0.00,0.00,0.00,0.00,0.00,2025-07-15,2025-07-21,2
20250708,34017,Hudson County,NJ,100.00,0.00,0.00,0.00,0.00,0.00,2025-07-08,2025-07-14,2
20250701,34017,Hudson County,NJ,100.00,0.00,0.00,0.00,0.00,0.00,2025-07-01,2025-07-07,2
20250624,34017,Hudson County,NJ,100.00,0.00,0.00,0.00,0.00,0.00,2025-06-24,2025-06-30,2
20250617,34017,Hudson County,NJ,100.00,0.00,0.00,0.00,0.00,0.00,2025-06-17,2025-06-23,2
20250610,34017,Hudson County,NJ,100.00,0.00,0.00,0.00,0.00,0.00,2025-06-10,2025-06-16,2
20250603,34017,Hudson County,NJ,100.00,0.00,0.00,0.00,0.00,0.00,2025-06-03,2025-06-09,2
20250527,34017,Hudson County,NJ,100.00,0.00,0.00,0.00,0.00,0.00,2025-05-27,2025-06-02,2
20250520,34017,Hudson County,NJ,100.00,0.00,0.00,0.00,0.00,0.00,2025-05-20,2025-05-26,2
20250513,34017,Hudson County,NJ,0.00,100.00,0.00,0.00,0.00,0.00,2025-05-13,2025-05-19,2
20250506,34017,Hudson County,NJ,0.00,100.00,0.00,0.00,0.00,0.00,2025-05-06,2025-05-12,2
20250429,34017,Hudson County,NJ,0.00,100.00,0.00,0.00,0.00,0.00,2025-04-29,2025-05-05,2
20250422,34017,Hudson County,NJ,0.00,100.00,0.00,0.00,0.00,0.00,2025-04-22,2025-04-28,2
20250415,34017,Hudson County,NJ,0.00,100.00,0.00,0.00,0.00,0.00,2025-04-15,2025-04-21,2
20250408,34017,Hudson County,NJ,0.00,100.00,0.00,0.00,0.00,0.00,2025-04-08,2025-04-14,2
20250401,34017,Hudson County,NJ,0.00,0.00,100.00,0.00,0.00,0.00,2025-04-01,2025-04-07,2
20250325,34017,Hudson County,NJ,0.00,0.00,100.00,0.00,0.00,0.00,2025-03-25,2025-03-31,2
20250318,34017,Hudson County,NJ,0.00,0.00,100.00,0.00,0.00,0.00,2025-03-18,2025-03-24,2
20250311,34017,Hudson County,NJ,0.00,0.00,100.00,0.00,0.00,0.00,2025-03-11,2025-03-17,2
20250304,34017,Hudson County,NJ,0.00,0.00,100.00,0.00,0.00,0.00,2025-03-04,2025-03-10,2
20250225,34017,Hudson County,NJ,0.00,0.00,100.00,0.00,0.00,0.00,2025-02-25,2025-03-03,2
20250218,34017,Hudson County,NJ,0.00,0.00,100.00,0.00,0.00,0.00,2025-02-18,2025-02-24,2
20250211,34017,Hudson County,NJ,0.00,0.00,93.64,6.36,0.00,0.00,2025-02-11,2025-02-17,2
20250204,34017,Hudson County,NJ,0.00,0.00,2.61,97.39,0.00,0.00,2025-02-04,2025-02-10,2
20250128,34017,Hudson County,NJ,0.00,0.00,100.00,0.00,0.00,0.00,2025-01-28,2025-02-03,2
20250121,34017,Hudson County,NJ,0.00,0.00,100.00,0.00,0.00,0.00,2025-01-21,2025-01-27,2
20250114,34017,Hudson County,NJ,0.00,0.00,100.00,0.00,0.00,0.00,2025-01-14,2025-01-20,2
20250107,34017,Hudson County,NJ,0.00,0.00,100.00,0.00,0.00,0.00,2025-01-07,2025-01-13,2
20241231,34017,Hudson County,NJ,0.00,0.00,100.00,0.00,0.00,0.00,2024-12-31,2025-01-06,2
20241224,34017,Hudson County,NJ,0.00,0.00,37.69,62.31,0.00,0.00,2024-12-24,2024-12-30,2
20241217,34017,Hudson County,NJ,0.00,0.00,0.00,100.00,0.00,0.00,2024-12-17,2024-12-23,2
20241210,34017,Hudson County,NJ,0.00,0.00,0.00,100.00,0.00,0.00,2024-12-10,2024-12-16,2
20241203,34017,Hudson County,NJ,0.00,0.00,0.00,100.00,0.00,0.00,2024-12-03,2024-12-09,2
20241126,34017,Hudson County,NJ,0.00,0.00,0.00,100.00,0.00,0.00,2024-11-26,2024-12-02,2
20241119,34017,Hudson County,NJ,0.00,0.00,0.00,100.00,0.00,0.00,2024-11-19,2024-11-25,2
20241112,34017,Hudson County,NJ,0.00,0.00,0.00,100.00,0.00,0.00,2024-11-12,2024-11-18,2
20241105,34017,Hudson County,NJ,0.00,0.00,100.00,0.00,0.00,0.00,2024-11-05,2024-11-11,2
20241029,34017,Hudson County,NJ,0.00,0.00,100.00,0.00,0.00,0.00,2024-10-29,2024-11-04,2
20241022,34017,Hudson County,NJ,0.00,100.00,0.00,0.00,0.00,0.00,2024-10-22,2024-10-28,2
20241015,34017,Hudson County,NJ,0.00,100.00,0.00,0.00,0.00,0.00,2024-10-15,2024-10-21,2
20241008,34017,Hudson County,NJ,74.94,25.06,0.00,0.00,0.00,0.00,2024-10-08,2024-10-14,2
20241001,34017,Hudson County,NJ,80.65,19.35,0.00,0.00,0.00,0.00,2024-10-01,2024-10-07,2
20240924,34017,Hudson County,NJ,62.68,37.32,0.00,0.00,0.00,0.00,2024-09-24,2024-09-30,2
20240917,34017,Hudson County,NJ,100.00,0.00,0.00,0.00,0.00,0.00,2024-09-17,2024-09-23,2
20240910,34017,Hudson County,NJ,100.00,0.00,0.00,0.00,0.00,0.00,2024-09-10,2024-09-16,2
20240903,34017,Hudson County,NJ,100.00,0.00,0.00,0.00,0.00,0.00,2024-09-03,2024-09-09,2
20240827,34017,Hudson County,NJ,100.00,0.00,0.00,0.00,0.00,0.00,2024-08-27,2024-09-02,2
20240820,34017,Hudson County,NJ,100.00,0.00,0.00,0.00,0.00,0.00,2024-08-20,2024-08-26,2
20240813,34017,Hudson County,NJ,100.00,0.00,0.00,0.00,0.00,0.00,2024-08-13,2024-08-19,2
20240806,34017,Hudson County,NJ,45.40,54.60,0.00,0.00,0.00,0.00,2024-08-06,2024-08-12,2
20240730,34017,Hudson County,NJ,0.00,100.00,0.00,0.00,0.00,0.00,2024-07-30,2024-08-05,2
20240723,34017,Hudson County,NJ,0.00,100.00,0.00,0.00,0.00,0.00,2024-07-23,2024-07-29,2
20240716,34017,Hudson County,NJ,0.00,100.00,0.00,0.00,0.00,0.00,2024-07-16,2024-07-22,2
20240709,34017,Hudson County,NJ,0.00,100.00,0.00,0.00,0.00,0.00,2024-07-09,2024-07-15,2
20240702,34017,Hudson County,NJ,0.00,100.00,0.00,0.00,0.00,0.00,2024-07-02,2024-07-08,2
20240625,34017,Hudson County,NJ,0.00,100.00,0.00,0.00,0.00,0.00,2024-06-25,2024-07-01,2
20240618,34017,Hudson County,NJ,69.21,30.79,0.00,0.00,0.00,0.00,2024-06-18,2024-06-24,2
20240611,34017,Hudson County,NJ,100.00,0.00,0.00,0.00,0.00,0.00,2024-06-11,2024-06-17,2
20240604,34017,Hudson County,NJ,100.00,0.00,0.00,0.00,0.00,0.00,2024-06-04,2024-06-10,2
20240528,34017,Hudson County,NJ,100.00,0.00,0.00,0.00,0.00,0.00,2024-05-28,2024-06-03,2
20240521,34017,Hudson County,NJ,100.00,0.00,0.00,0.00,0.00,0.00,2024-05-21,2024-05-27,2
20240514,34017,Hudson County,NJ,100.00,0.00,0.00,0.00,0.00,0.00,2024-05-14,2024-05-20,2
20240507,34017,Hudson County,NJ,100.00,0.00,0.00,0.00,0.00,0.00,2024-05-07,2024-05-13,2
20240430,34017,Hudson County,NJ,100.00,0.00,0.00,0.00,0.00,0.00,2024-04-30,2024-05-06,2
20240423,34017,Hudson County,NJ,100.00,0.00,0.00,0.00,0.00,0.00,2024-04-23,2024-04-29,2
20240416,34017,Hudson County,NJ,100.00,0.00,0.00,0.00,0.00,0.00,2024-04-16,2024-04-22,2
20240409,34017,Hudson County,NJ,100.00,0.00,0.00,0.00,0.00,0.00,2024-04-09,2024-04-15,2
20240402,34017,Hudson County,NJ,100.00,0.00,0.00,0.00,0.00,0.00,2024-04-02,2024-04-08,2
20240326,34017,Hudson County,NJ,100.00,0.00,0.00,0.00,0.00,0.00,2024-03-26,2024-04-01,2
20240319,34017,Hudson County,NJ,100.00,0.00,0.00,0.00,0.00,0.00,2024-03-19,2024-03-25,2
20240312,34017,Hudson County,NJ,100.00,0.00,0.00,0.00,0.00,0.00,2024-03-12,2024-03-18,2
20240305,34017,Hudson County,NJ,100.00,0.00,0.00,0.00,0.00,0.00,2024-03-05,2024-03-11,2
20240227,34017,Hudson County,NJ,100.00,0.00,0.00,0.00,0.00,0.00,2024-02-27,2024-03-04,2
20240220,34017,Hudson County,NJ,100.00,0.00,0.00,0.00,0.00,0.00,2024-02-20,2024-02-26,2
20240213,34017,Hudson County,NJ,100.00,0.00,0.00,0.00,0.00,0.00,2024-02-13,2024-02-19,2
20240206,34017,Hudson County,NJ,100.00,0.00,0.00,0.00,0.00,0.00,2024-02-06,2024-02-12,2
20240130,34017,Hudson County,NJ,100.00,0.00,0.00,0.00,0.00,0.00,2024-01-30,2024-02-05,2
20240123,34017,Hudson County,NJ,100.00,0.00,0.00,0.00,0.00,0.00,2024-01-23,2024-01-29,2
20240116,34017,Hudson County,NJ,100.00,0.00,0.00,0.00,0.00,0.00,2024-01-16,2024-01-22,2
20240109,34017,Hudson County,NJ,100.00,0.00,0.00,0.00,0.00,0.00,2024-01-09,2024-01-15,2
20240102,34017,Hudson County,NJ,100.00,0.00,0.00,0.00,0.00,0.00,2024-01-02,2024-01-08,2
20231226,34017,Hudson County,NJ,100.00,0.00,0.00,0.00,0.00,0.00,2023-12-26,2024-01-01,2
20231219,34017,Hudson County,NJ,100.00,0.00,0.00,0.00,0.00,0.00,2023-12-19,2023-12-25,2
20231212,34017,Hudson County,NJ,100.00,0.00,0.00,0.00,0.00,0.00,2023-12-12,2023-12-18,2
20231205,34017,Hudson County,NJ,100.00,0.00,0.00,0.00,0.00,0.00,2023-12-05,2023-12-11,2
20231128,34017,Hudson County,NJ,100.00,0.00,0.00,0.00,0.00,0.00,2023-11-28,2023-12-04,2
20231121,34017,Hudson County,NJ,100.00,0.00,0.00,0.00,0.00,0.00,2023-11-21,2023-11-27,2
20231114,34017,Hudson County,NJ,100.00,0.00,0.00,0.00,0.00,0.00,2023-11-14,2023-11-20,2
20231107,34017,Hudson County,NJ,100.00,0.00,0.00,0.00,0.00,0.00,2023-11-07,2023-11-13,2
20231031,34017,Hudson County,NJ,100.00,0.00,0.00,0.00,0.00,0.00,2023-10-31,2023-11-06,2
20231024,34017,Hudson County,NJ,100.00,0.00,0.00,0.00,0.00,0.00,2023-10-24,2023-10-30,2
20231017,34017,Hudson County,NJ,100.00,0.00,0.00,0.00,0.00,0.00,2023-10-17,2023-10-23,2
20231010,34017,Hudson County,NJ,100.00,0.00,0.00,0.00,0.00,0.00,2023-10-10,2023-10-16,2
20231003,34017,Hudson County,NJ,100.00,0.00,0.00,0.00,0.00,0.00,2023-10-03,2023-10-09,2
20230926,34017,Hudson County,NJ,100.00,0.00,0.00,0.00,0.00,0.00,2023-09-26,2023-10-02,2
20230919,34017,Hudson County,NJ,100.00,0.00,0.00,0.00,0.00,0.00,2023-09-19,2023-09-25,2
20230912,34017,Hudson County,NJ,100.00,0.00,0.00,0.00,0.00,0.00,2023-09-12,2023-09-18,2
20230905,34017,Hudson County,NJ,100.00,0.00,0.00,0.00,0.00,0.00,2023-09-05,2023-09-11,2
20230829,34017,Hudson County,NJ,100.00,0.00,0.00,0.00,0.00,0.00,2023-08-29,2023-09-04,2
20230822,34017,Hudson County,NJ,100.00,0.00,0.00,0.00,0.00,0.00,2023-08-22,2023-08-28,2
20230815,34017,Hudson County,NJ,100.00,0.00,0.00,0.00,0.00,0.00,2023-08-15,2023-08-21,2
20230808,34017,Hudson County,NJ,100.00,0.00,0.00,0.00,0.00,0.00,2023-08-08,2023-08-14,2
20230801,34017,Hudson County,NJ,100.00,0.00,0.00,0.00,0.00,0.00,2023-08-01,2023-08-07,2
20230725,34017,Hudson County,NJ,100.00,0.00,0.00,0.00,0.00,0.00,2023-07-25,2023-07-31,2
20230718,34017,Hudson County,NJ,0.24,99.76,0.00,0.00,0.00,0.00,2023-07-18,2023-07-24,2
20230711,34017,Hudson County,NJ,0.00,100.00,0.00,0.00,0.00,0.00,2023-07-11,2023-07-17,2
20230704,34017,Hudson County,NJ,0.00,11.10,88.90,0.00,0.00,0.00,2023-07-04,2023-07-10,2
20230627,34017,Hudson County,NJ,0.00,100.00,0.00,0.00,0.00,0.00,2023-06-27,2023-07-03,2
20230620,34017,Hudson County,NJ,0.00,100.00,0.00,0.00,0.00,0.00,2023-06-20,2023-06-26,2
20230613,34017,Hudson County,NJ,0.00,100.00,0.00,0.00,0.00,0.00,2023-06-13,2023-06-19,2
20230606,34017,Hudson County,NJ,96.58,3.42,0.00,0.00,0.00,0.00,2023-06-06,2023-06-12,2
20230530,34017,Hudson County,NJ,100.00,0.00,0.00,0.00,0.00,0.00,2023-05-30,2023-06-05,2
20230523,34017,Hudson County,NJ,100.00,0.00,0.00,0.00,0.00,0.00,2023-05-23,2023-05-29,2
20230516,34017,Hudson County,NJ,100.00,0.00,0.00,0.00,0.00,0.00,2023-05-16,2023-05-22,2
20230509,34017,Hudson County,NJ,100.00,0.00,0.00,0.00,0.00,0.00,2023-05-09,2023-05-15,2
20230502,34017,Hudson County,NJ,100.00,0.00,0.00,0.00,0.00,0.00,2023-05-02,2023-05-08,2
20230425,34017,Hudson County,NJ,0.00,99.73,0.27,0.00,0.00,0.00,2023-04-25,2023-05-01,2
20230418,34017,Hudson County,NJ,0.00,99.73,0.27,0.00,0.00,0.00,2023-04-18,2023-04-24,2
20230411,34017,Hudson County,NJ,0.98,99.02,0.00,0.00,0.00,0.00,2023-04-11,2023-04-17,2
20230404,34017,Hudson County,NJ,100.00,0.00,0.00,0.00,0.00,0.00,2023-04-04,2023-04-10,2
20230328,34017,Hudson County,NJ,100.00,0.00,0.00,0.00,0.00,0.00,2023-03-28,2023-04-03,2
20230321,34017,Hudson County,NJ,100.00,0.00,0.00,0.00,0.00,0.00,2023-03-21,2023-03-27,2
20230314,34017,Hudson County,NJ,100.00,0.00,0.00,0.00,0.00,0.00,2023-03-14,2023-03-20,2
20230307,34017,Hudson County,NJ,100.00,0.00,0.00,0.00,0.00,0.00,2023-03-07,2023-03-13,2
20230228,34017,Hudson County,NJ,100.00,0.00,0.00,0.00,0.00,0.00,2023-02-28,2023-03-06,2
20230221,34017,Hudson County,NJ,100.00,0.00,0.00,0.00,0.00,0.00,2023-02-21,2023-02-27,2
20230214,34017,Hudson County,NJ,100.00,0.00,0.00,0.00,0.00,0.00,2023-02-14,2023-02-20,2
20230207,34017,Hudson County,NJ,100.00,0.00,0.00,0.00,0.00,0.00,2023-02-07,2023-02-13,2
20230131,34017,Hudson County,NJ,100.00,0.00,0.00,0.00,0.00,0.00,2023-01-31,2023-02-06,2
20230124,34017,Hudson County,NJ,100.00,0.00,0.00,0.00,0.00,0.00,2023-01-24,2023-01-30,2
20230117,34017,Hudson County,NJ,100.00,0.00,0.00,0.00,0.00,0.00,2023-01-17,2023-01-23,2
20230110,34017,Hudson County,NJ,100.00,0.00,0.00,0.00,0.00,0.00,2023-01-10,2023-01-16,2
20230103,34017,Hudson County,NJ,100.00,0.00,0.00,0.00,0.00,0.00,2023-01-03,2023-01-09,2
20221227,34017,Hudson County,NJ,100.00,0.00,0.00,0.00,0.00,0.00,2022-12-27,2023-01-02,2
20221220,34017,Hudson County,NJ,100.00,0.00,0.00,0.00,0.00,0.00,2022-12-20,2022-12-26,2
20221213,34017,Hudson County,NJ,3.27,96.73,0.00,0.00,0.00,0.00,2022-12-13,2022-12-19,2
20221206,34017,Hudson County,NJ,3.27,96.73,0.00,0.00,0.00,0.00,2022-12-06,2022-12-12,2
20221129,34017,Hudson County,NJ,3.27,96.73,0.00,0.00,0.00,0.00,2022-11-29,2022-12-05,2
20221122,34017,Hudson County,NJ,3.27,96.73,0.00,0.00,0.00,0.00,2022-11-22,2022-11-28,2
20221115,34017,Hudson County,NJ,2.83,97.17,0.00,0.00,0.00,0.00,2022-11-15,2022-11-21,2
20221108,34017,Hudson County,NJ,2.83,97.17,0.00,0.00,0.00,0.00,2022-11-08,2022-11-14,2
20221101,34017,Hudson County,NJ,14.69,85.31,0.00,0.00,0.00,0.00,2022-11-01,2022-11-07,2
20221025,34017,Hudson County,NJ,14.69,85.31,0.00,0.00,0.00,0.00,2022-10-25,2022-10-31,2
20221018,34017,Hudson County,NJ,2.40,97.60,0.00,0.00,0.00,0.00,2022-10-18,2022-10-24,2
20221011,34017,Hudson County,NJ,0.00,65.05,34.95,0.00,0.00,0.00,2022-10-11,2022-10-17,2
20221004,34017,Hudson County,NJ,0.00,7.56,92.44,0.00,0.00,0.00,2022-10-04,2022-10-10,2
20220927,34017,Hudson County,NJ,0.00,7.56,87.32,5.12,0.00,0.00,2022-09-27,2022-10-03,2
20220920,34017,Hudson County,NJ,0.00,0.00,94.88,5.12,0.00,0.00,2022-09-20,2022-09-26,2
20220913,34017,Hudson County,NJ,0.00,0.00,94.88,5.12,0.00,0.00,2022-09-13,2022-09-19,2
20220906,34017,Hudson County,NJ,0.00,0.00,21.09,78.91,0.00,0.00,2022-09-06,2022-09-12,2
20220830,34017,Hudson County,NJ,0.00,0.00,22.86,77.14,0.00,0.00,2022-08-30,2022-09-05,2
20220823,34017,Hudson County,NJ,0.00,0.00,90.92,9.08,0.00,0.00,2022-08-23,2022-08-29,2
20220816,34017,Hudson County,NJ,0.00,28.60,62.33,9.08,0.00,0.00,2022-08-16,2022-08-22,2
20220809,34017,Hudson County,NJ,0.00,17.39,59.48,23.13,0.00,0.00,2022-08-09,2022-08-15,2
20220802,34017,Hudson County,NJ,0.00,17.02,82.98,0.00,0.00,0.00,2022-08-02,2022-08-08,2
20220726,34017,Hudson County,NJ,0.00,61.88,38.12,0.00,0.00,0.00,2022-07-26,2022-08-01,2
20220719,34017,Hudson County,NJ,8.04,91.96,0.00,0.00,0.00,0.00,2022-07-19,2022-07-25,2
20220712,34017,Hudson County,NJ,10.21,89.79,0.00,0.00,0.00,0.00,2022-07-12,2022-07-18,2
20220705,34017,Hudson County,NJ,100.00,0.00,0.00,0.00,0.00,0.00,2022-07-05,2022-07-11,2
20220628,34017,Hudson County,NJ,100.00,0.00,0.00,0.00,0.00,0.00,2022-06-28,2022-07-04,2
20220621,34017,Hudson County,NJ,100.00,0.00,0.00,0.00,0.00,0.00,2022-06-21,2022-06-27,2
20220614,34017,Hudson County,NJ,100.00,0.00,0.00,0.00,0.00,0.00,2022-06-14,2022-06-20,2
20220607,34017,Hudson County,NJ,100.00,0.00,0.00,0.00,0.00,0.00,2022-06-07,2022-06-13,2
20220531,34017,Hudson County,NJ,100.00,0.00,0.00,0.00,0.00,0.00,2022-05-31,2022-06-06,2
20220524,34017,Hudson County,NJ,100.00,0.00,0.00,0.00,0.00,0.00,2022-05-24,2022-05-30,2
20220517,34017,Hudson County,NJ,100.00,0.00,0.00,0.00,0.00,0.00,2022-05-17,2022-05-23,2
20220510,34017,Hudson County,NJ,100.00,0.00,0.00,0.00,0.00,0.00,2022-05-10,2022-05-16,2
20220503,34017,Hudson County,NJ,100.00,0.00,0.00,0.00,0.00,0.00,2022-05-03,2022-05-09,2
20220426,34017,Hudson County,NJ,100.00,0.00,0.00,0.00,0.00,0.00,2022-04-26,2022-05-02,2
20220419,34017,Hudson County,NJ,100.00,0.00,0.00,0.00,0.00,0.00,2022-04-19,2022-04-25,2
20220412,34017,Hudson County,NJ,100.00,0.00,0.00,0.00,0.00,0.00,2022-04-12,2022-04-18,2
20220405,34017,Hudson County,NJ,0.00,100.00,0.00,0.00,0.00,0.00,2022-04-05,2022-04-11,2
20220329,34017,Hudson County,NJ,0.00,100.00,0.00,0.00,0.00,0.00,2022-03-29,2022-04-04,2
20220322,34017,Hudson County,NJ,0.00,100.00,0.00,0.00,0.00,0.00,2022-03-22,2022-03-28,2
20220315,34017,Hudson County,NJ,100.00,0.00,0.00,0.00,0.00,0.00,2022-03-15,2022-03-21,2
20220308,34017,Hudson County,NJ,100.00,0.00,0.00,0.00,0.00,0.00,2022-03-08,2022-03-14,2
20220301,34017,Hudson County,NJ,100.00,0.00,0.00,0.00,0.00,0.00,2022-03-01,2022-03-07,2
20220222,34017,Hudson County,NJ,100.00,0.00,0.00,0.00,0.00,0.00,2022-02-22,2022-02-28,2
20220215,34017,Hudson County,NJ,100.00,0.00,0.00,0.00,0.00,0.00,2022-02-15,2022-02-21,2
20220208,34017,Hudson County,NJ,100.00,0.00,0.00,0.00,0.00,0.00,2022-02-08,2022-02-14,2
20220201,34017,Hudson County,NJ,100.00,0.00,0.00,0.00,0.00,0.00,2022-02-01,2022-02-07,2
20220125,34017,Hudson County,NJ,100.00,0.00,0.00,0.00,0.00,0.00,2022-01-25,2022-01-31,2
20220118,34017,Hudson County,NJ,100.00,0.00,0.00,0.00,0.00,0.00,2022-01-18,2022-01-24,2
20220111,34017,Hudson County,NJ,100.00,0.00,0.00,0.00,0.00,0.00,2022-01-11,2022-01-17,2
20220104,34017,Hudson County,NJ,100.00,0.00,0.00,0.00,0.00,0.00,2022-01-04,2022-01-10,2
20211228,34017,Hudson County,NJ,100.00,0.00,0.00,0.00,0.00,0.00,2021-12-28,2022-01-03,2
20211221,34017,Hudson County,NJ,100.00,0.00,0.00,0.00,0.00,0.00,2021-12-21,2021-12-27,2
20211214,34017,Hudson County,NJ,100.00,0.00,0.00,0.00,0.00,0.00,2021-12-14,2021-12-20,2
20211207,34017,Hudson County,NJ,100.00,0.00,0.00,0.00,0.00,0.00,2021-12-07,2021-12-13,2
20211130,34017,Hudson County,NJ,100.00,0.00,0.00,0.00,0.00,0.00,2021-11-30,2021-12-06,2
20211123,34017,Hudson County,NJ,100.00,0.00,0.00,0.00,0.00,0.00,2021-11-23,2021-11-29,2
20211116,34017,Hudson County,NJ,100.00,0.00,0.00,0.00,0.00,0.00,2021-11-16,2021-11-22,2
20211109,34017,Hudson County,NJ,100.00,0.00,0.00,0.00,0.00,0.00,2021-11-09,2021-11-15,2
20211102,34017,Hudson County,NJ,100.00,0.00,0.00,0.00,0.00,0.00,2021-11-02,2021-11-08,2
20211026,34017,Hudson County,NJ,100.00,0.00,0.00,0.00,0.00,0.00,2021-10-26,2021-11-01,2
20211019,34017,Hudson County,NJ,100.00,0.00,0.00,0.00,0.00,0.00,2021-10-19,2021-10-25,2
20211012,34017,Hudson County,NJ,100.00,0.00,0.00,0.00,0.00,0.00,2021-10-12,2021-10-18,2
20211005,34017,Hudson County,NJ,100.00,0.00,0.00,0.00,0.00,0.00,2021-10-05,2021-10-11,2
20210928,34017,Hudson County,NJ,100.00,0.00,0.00,0.00,0.00,0.00,2021-09-28,2021-10-04,2
20210921,34017,Hudson County,NJ,100.00,0.00,0.00,0.00,0.00,0.00,2021-09-21,2021-09-27,2
20210914,34017,Hudson County,NJ,100.00,0.00,0.00,0.00,0.00,0.00,2021-09-14,2021-09-20,2
20210907,34017,Hudson County,NJ,100.00,0.00,0.00,0.00,0.00,0.00,2021-09-07,2021-09-13,2
20210831,34017,Hudson County,NJ,100.00,0.00,0.00,0.00,0.00,0.00,2021-08-31,2021-09-06,2
20210824,34017,Hudson County,NJ,100.00,0.00,0.00,0.00,0.00,0.00,2021-08-24,2021-08-30,2
20210817,34017,Hudson County,NJ,100.00,0.00,0.00,0.00,0.00,0.00,2021-08-17,2021-08-23,2
20210810,34017,Hudson County,NJ,100.00,0.00,0.00,0.00,0.00,0.00,2021-08-10,2021-08-16,2
20210803,34017,Hudson County,NJ,100.00,0.00,0.00,0.00,0.00,0.00,2021-08-03,2021-08-09,2
20210727,34017,Hudson County,NJ,100.00,0.00,0.00,0.00,0.00,0.00,2021-07-27,2021-08-02,2
20210720,34017,Hudson County,NJ,100.00,0.00,0.00,0.00,0.00,0.00,2021-07-20,2021-07-26,2
20210713,34017,Hudson County,NJ,100.00,0.00,0.00,0.00,0.00,0.00,2021-07-13,2021-07-19,2
20210706,34017,Hudson County,NJ,100.00,0.00,0.00,0.00,0.00,0.00,2021-07-06,2021-07-12,2
20210629,34017,Hudson County,NJ,100.00,0.00,0.00,0.00,0.00,0.00,2021-06-29,2021-07-05,2
20210622,34017,Hudson County,NJ,100.00,0.00,0.00,0.00,0.00,0.00,2021-06-22,2021-06-28,2
20210615,34017,Hudson County,NJ,100.00,0.00,0.00,0.00,0.00,0.00,2021-06-15,2021-06-21,2
20210608,34017,Hudson County,NJ,100.00,0.00,0.00,0.00,0.00,0.00,2021-06-08,2021-06-14,2
20210601,34017,Hudson County,NJ,100.00,0.00,0.00,0.00,0.00,0.00,2021-06-01,2021-06-07,2
20210525,34017,Hudson County,NJ,0.00,100.00,0.00,0.00,0.00,0.00,2021-05-25,2021-05-31,2
20210518,34017,Hudson County,NJ,100.00,0.00,0.00,0.00,0.00,0.00,2021-05-18,2021-05-24,2
20210511,34017,Hudson County,NJ,100.00,0.00,0.00,0.00,0.00,0.00,2021-05-11,2021-05-17,2
20210504,34017,Hudson County,NJ,100.00,0.00,0.00,0.00,0.00,0.00,2021-05-04,2021-05-10,2
20210427,34017,Hudson County,NJ,100.00,0.00,0.00,0.00,0.00,0.00,2021-04-27,2021-05-03,2
20210420,34017,Hudson County,NJ,100.00,0.00,0.00,0.00,0.00,0.00,2021-04-20,2021-04-26,2
20210413,34017,Hudson County,NJ,100.00,0.00,0.00,0.00,0.00,0.00,2021-04-13,2021-04-19,2
20210406,34017,Hudson County,NJ,100.00,0.00,0.00,0.00,0.00,0.00,2021-04-06,2021-04-12,2
20210330,34017,Hudson County,NJ,100.00,0.00,0.00,0.00,0.00,0.00,2021-03-30,2021-04-05,2
20210323,34017,Hudson County,NJ,100.00,0.00,0.00,0.00,0.00,0.00,2021-03-23,2021-03-29,2
20210316,34017,Hudson County,NJ,100.00,0.00,0.00,0.00,0.00,0.00,2021-03-16,2021-03-22,2
20210309,34017,Hudson County,NJ,100.00,0.00,0.00,0.00,0.00,0.00,2021-03-09,2021-03-15,2
20210302,34017,Hudson County,NJ,100.00,0.00,0.00,0.00,0.00,0.00,2021-03-02,2021-03-08,2
20210223,34017,Hudson County,NJ,100.00,0.00,0.00,0.00,0.00,0.00,2021-02-23,2021-03-01,2
20210216,34017,Hudson County,NJ,100.00,0.00,0.00,0.00,0.00,0.00,2021-02-16,2021-02-22,2
20210209,34017,Hudson County,NJ,100.00,0.00,0.00,0.00,0.00,0.00,2021-02-09,2021-02-15,2
20210202,34017,Hudson County,NJ,100.00,0.00,0.00,0.00,0.00,0.00,2021-02-02,2021-02-08,2
20210126,34017,Hudson County,NJ,100.00,0.00,0.00,0.00,0.00,0.00,2021-01-26,2021-02-01,2
20210119,34017,Hudson County,NJ,100.00,0.00,0.00,0.00,0.00,0.00,2021-01-19,2021-01-25,2
20210112,34017,Hudson County,NJ,100.00,0.00,0.00,0.00,0.00,0.00,2021-01-12,2021-01-18,2
20210105,34017,Hudson County,NJ,100.00,0.00,0.00,0.00,0.00,0.00,2021-01-05,2021-01-11,2
20201229,34017,Hudson County,NJ,100.00,0.00,0.00,0.00,0.00,0.00,2020-12-29,2021-01-04,2
20201222,34017,Hudson County,NJ,100.00,0.00,0.00,0.00,0.00,0.00,2020-12-22,2020-12-28,2
20201215,34017,Hudson County,NJ,100.00,0.00,0.00,0.00,0.00,0.00,2020-12-15,2020-12-21,2
20201208,34017,Hudson County,NJ,100.00,0.00,0.00,0.00,0.00,0.00,2020-12-08,2020-12-14,2
20201201,34017,Hudson County,NJ,100.00,0.00,0.00,0.00,0.00,0.00,2020-12-01,2020-12-07,2
20201124,34017,Hudson County,NJ,100.00,0.00,0.00,0.00,0.00,0.00,2020-11-24,2020-11-30,2
20251118,34019,Hunterdon County,NJ,0.00,0.86,99.14,0.00,0.00,0.00,2025-11-18,2025-11-24,2
20251111,34019,Hunterdon County,NJ,0.00,0.86,99.14,0.00,0.00,0.00,2025-11-11,2025-11-17,2
20251104,34019,Hunterdon County,NJ,0.00,0.86,99.14,0.00,0.00,0.00,2025-11-04,2025-11-10,2
20251028,34019,Hunterdon County,NJ,0.00,0.86,99.14,0.00,0.00,0.00,2025-10-28,2025-11-03,2
20251021,34019,Hunterdon County,NJ,0.00,1.26,98.74,0.00,0.00,0.00,2025-10-21,2025-10-27,2
20251014,34019,Hunterdon County,NJ,0.00,18.71,81.29,0.00,0.00,0.00,2025-10-14,2025-10-20,2
20251007,34019,Hunterdon County,NJ,0.00,18.92,81.08,0.00,0.00,0.00,2025-10-07,2025-10-13,2
20250930,34019,Hunterdon County,NJ,1.19,92.10,6.71,0.00,0.00,0.00,2025-09-30,2025-10-06,2
20250923,34019,Hunterdon County,NJ,1.32,91.97,6.71,0.00,0.00,0.00,2025-09-23,2025-09-29,2
20250916,34019,Hunterdon County,NJ,5.05,88.25,6.71,0.00,0.00,0.00,2025-09-16,2025-09-22,2
20250909,34019,Hunterdon County,NJ,4.89,88.41,6.71,0.00,0.00,0.00,2025-09-09,2025-09-15,2
20250902,34019,Hunterdon County,NJ,0.80,92.49,6.71,0.00,0.00,0.00,2025-09-02,2025-09-08,2
20250826,34019,Hunterdon County,NJ,17.29,82.71,0.00,0.00,0.00,0.00,2025-08-26,2025-09-01,2
20250819,34019,Hunterdon County,NJ,49.15,50.85,0.00,0.00,0.00,0.00,2025-08-19,2025-08-25,2
20250812,34019,Hunterdon County,NJ,49.15,50.85,0.00,0.00,0.00,0.00,2025-08-12,2025-08-18,2
20250805,34019,Hunterdon County,NJ,100.00,0.00,0.00,0.00,0.00,0.00,2025-08-05,2025-08-11,2
20250729,34019,Hunterdon County,NJ,100.00,0.00,0.00,0.00,0.00,0.00,2025-07-29,2025-08-04,2
20250722,34019,Hunterdon County,NJ,100.00,0.00,0.00,0.00,0.00,0.00,2025-07-22,2025-07-28,2
20250715,34019,Hunterdon County,NJ,100.00,0.00,0.00,0.00,0.00,0.00,2025-07-15,2025-07-21,2
20250708,34019,Hunterdon County,NJ,100.00,0.00,0.00,0.00,0.00,0.00,2025-07-08,2025-07-14,2
20250701,34019,Hunterdon County,NJ,100.00,0.00,0.00,0.00,0.00,0.00,2025-07-01,2025-07-07,2
20250624,34019,Hunterdon County,NJ,100.00,0.00,0.00,0.00,0.00,0.00,2025-06-24,2025-06-30,2
20250617,34019,Hunterdon County,NJ,100.00,0.00,0.00,0.00,0.00,0.00,2025-06-17,2025-06-23,2
20250610,34019,Hunterdon County,NJ,100.00,0.00,0.00,0.00,0.00,0.00,2025-06-10,2025-06-16,2
20250603,34019,Hunterdon County,NJ,100.00,0.00,0.00,0.00,0.00,0.00,2025-06-03,2025-06-09,2
20250527,34019,Hunterdon County,NJ,100.00,0.00,0.00,0.00,0.00,0.00,2025-05-27,2025-06-02,2
20250520,34019,Hunterdon County,NJ,100.00,0.00,0.00,0.00,0.00,0.00,2025-05-20,2025-05-26,2
20250513,34019,Hunterdon County,NJ,45.72,54.28,0.00,0.00,0.00,0.00,2025-05-13,2025-05-19,2
20250506,34019,Hunterdon County,NJ,29.19,70.81,0.00,0.00,0.00,0.00,2025-05-06,2025-05-12,2
20250429,34019,Hunterdon County,NJ,29.19,70.81,0.00,0.00,0.00,0.00,2025-04-29,2025-05-05,2
20250422,34019,Hunterdon County,NJ,29.19,70.81,0.00,0.00,0.00,0.00,2025-04-22,2025-04-28,2
20250415,34019,Hunterdon County,NJ,29.19,70.81,0.00,0.00,0.00,0.00,2025-04-15,2025-04-21,2
20250408,34019,Hunterdon County,NJ,0.00,100.00,0.00,0.00,0.00,0.00,2025-04-08,2025-04-14,2
20250401,34019,Hunterdon County,NJ,0.00,17.23,82.77,0.00,0.00,0.00,2025-04-01,2025-04-07,2
20250325,34019,Hunterdon County,NJ,0.00,0.00,100.00,0.00,0.00,0.00,2025-03-25,2025-03-31,2
20250318,34019,Hunterdon County,NJ,0.00,0.00,100.00,0.00,0.00,0.00,2025-03-18,2025-03-24,2
20250311,34019,Hunterdon County,NJ,0.00,0.00,100.00,0.00,0.00,0.00,2025-03-11,2025-03-17,2
20250304,34019,Hunterdon County,NJ,0.00,0.00,100.00,0.00,0.00,0.00,2025-03-04,2025-03-10,2
20250225,34019,Hunterdon County,NJ,0.00,0.00,100.00,0.00,0.00,0.00,2025-02-25,2025-03-03,2
20250218,34019,Hunterdon County,NJ,0.00,0.00,100.00,0.00,0.00,0.00,2025-02-18,2025-02-24,2
20250211,34019,Hunterdon County,NJ,0.00,0.00,33.93,66.07,0.00,0.00,2025-02-11,2025-02-17,2
20250204,34019,Hunterdon County,NJ,0.00,0.00,33.93,66.07,0.00,0.00,2025-02-04,2025-02-10,2
20250128,34019,Hunterdon County,NJ,0.00,0.00,33.93,66.07,0.00,0.00,2025-01-28,2025-02-03,2
20250121,34019,Hunterdon County,NJ,0.00,0.00,100.00,0.00,0.00,0.00,2025-01-21,2025-01-27,2
20250114,34019,Hunterdon County,NJ,0.00,0.00,100.00,0.00,0.00,0.00,2025-01-14,2025-01-20,2
20250107,34019,Hunterdon County,NJ,0.00,0.00,100.00,0.00,0.00,0.00,2025-01-07,2025-01-13,2
20241231,34019,Hunterdon County,NJ,0.00,0.00,84.55,15.45,0.00,0.00,2024-12-31,2025-01-06,2
20241224,34019,Hunterdon County,NJ,0.00,0.00,24.31,75.69,0.00,0.00,2024-12-24,2024-12-30,2
20241217,34019,Hunterdon County,NJ,0.00,0.00,19.59,80.41,0.00,0.00,2024-12-17,2024-12-23,2
20241210,34019,Hunterdon County,NJ,0.00,0.00,0.00,100.00,0.00,0.00,2024-12-10,2024-12-16,2
20241203,34019,Hunterdon County,NJ,0.00,0.00,0.00,100.00,0.00,0.00,2024-12-03,2024-12-09,2
20241126,34019,Hunterdon County,NJ,0.00,0.00,0.00,100.00,0.00,0.00,2024-11-26,2024-12-02,2
20241119,34019,Hunterdon County,NJ,0.00,0.00,0.00,100.00,0.00,0.00,2024-11-19,2024-11-25,2
20241112,34019,Hunterdon County,NJ,0.00,0.00,0.00,100.00,0.00,0.00,2024-11-12,2024-11-18,2
20241105,34019,Hunterdon County,NJ,0.00,0.00,11.55,88.45,0.00,0.00,2024-11-05,2024-11-11,2
20241029,34019,Hunterdon County,NJ,0.00,0.00,80.09,19.91,0.00,0.00,2024-10-29,2024-11-04,2
20241022,34019,Hunterdon County,NJ,0.00,0.00,80.91,19.09,0.00,0.00,2024-10-22,2024-10-28,2
20241015,34019,Hunterdon County,NJ,0.00,55.11,44.89,0.00,0.00,0.00,2024-10-15,2024-10-21,2
20241008,34019,Hunterdon County,NJ,0.00,100.00,0.00,0.00,0.00,0.00,2024-10-08,2024-10-14,2
20241001,34019,Hunterdon County,NJ,32.46,67.54,0.00,0.00,0.00,0.00,2024-10-01,2024-10-07,2
20240924,34019,Hunterdon County,NJ,40.49,59.51,0.00,0.00,0.00,0.00,2024-09-24,2024-09-30,2
20240917,34019,Hunterdon County,NJ,72.19,27.81,0.00,0.00,0.00,0.00,2024-09-17,2024-09-23,2
20240910,34019,Hunterdon County,NJ,79.25,20.75,0.00,0.00,0.00,0.00,2024-09-10,2024-09-16,2
20240903,34019,Hunterdon County,NJ,100.00,0.00,0.00,0.00,0.00,0.00,2024-09-03,2024-09-09,2
20240827,34019,Hunterdon County,NJ,100.00,0.00,0.00,0.00,0.00,0.00,2024-08-27,2024-09-02,2
20240820,34019,Hunterdon County,NJ,100.00,0.00,0.00,0.00,0.00,0.00,2024-08-20,2024-08-26,2
20240813,34019,Hunterdon County,NJ,88.65,11.35,0.00,0.00,0.00,0.00,2024-08-13,2024-08-19,2
20240806,34019,Hunterdon County,NJ,45.86,42.80,11.35,0.00,0.00,0.00,2024-08-06,2024-08-12,2
20240730,34019,Hunterdon County,NJ,46.09,42.56,11.35,0.00,0.00,0.00,2024-07-30,2024-08-05,2
20240723,34019,Hunterdon County,NJ,46.46,42.19,11.35,0.00,0.00,0.00,2024-07-23,2024-07-29,2
20240716,34019,Hunterdon County,NJ,46.13,37.55,16.33,0.00,0.00,0.00,2024-07-16,2024-07-22,2
20240709,34019,Hunterdon County,NJ,46.13,47.72,6.15,0.00,0.00,0.00,2024-07-09,2024-07-15,2
20240702,34019,Hunterdon County,NJ,46.11,53.89,0.00,0.00,0.00,0.00,2024-07-02,2024-07-08,2
20240625,34019,Hunterdon County,NJ,0.00,100.00,0.00,0.00,0.00,0.00,2024-06-25,2024-07-01,2
20240618,34019,Hunterdon County,NJ,80.63,19.37,0.00,0.00,0.00,0.00,2024-06-18,2024-06-24,2
20240611,34019,Hunterdon County,NJ,100.00,0.00,0.00,0.00,0.00,0.00,2024-06-11,2024-06-17,2
20240604,34019,Hunterdon County,NJ,100.00,0.00,0.00,0.00,0.00,0.00,2024-06-04,2024-06-10,2
20240528,34019,Hunterdon County,NJ,100.00,0.00,0.00,0.00,0.00,0.00,2024-05-28,2024-06-03,2
20240521,34019,Hunterdon County,NJ,100.00,0.00,0.00,0.00,0.00,0.00,2024-05-21,2024-05-27,2
20240514,34019,Hunterdon County,NJ,100.00,0.00,0.00,0.00,0.00,0.00,2024-05-14,2024-05-20,2
20240507,34019,Hunterdon County,NJ,100.00,0.00,0.00,0.00,0.00,0.00,2024-05-07,2024-05-13,2
20240430,34019,Hunterdon County,NJ,100.00,0.00,0.00,0.00,0.00,0.00,2024-04-30,2024-05-06,2
20240423,34019,Hunterdon County,NJ,100.00,0.00,0.00,0.00,0.00,0.00,2024-04-23,2024-04-29,2
20240416,34019,Hunterdon County,NJ,100.00,0.00,0.00,0.00,0.00,0.00,2024-04-16,2024-04-22,2
20240409,34019,Hunterdon County,NJ,100.00,0.00,0.00,0.00,0.00,0.00,2024-04-09,2024-04-15,2
20240402,34019,Hunterdon County,NJ,100.00,0.00,0.00,0.00,0.00,0.00,2024-04-02,2024-04-08,2
20240326,34019,Hunterdon County,NJ,100.00,0.00,0.00,0.00,0.00,0.00,2024-03-26,2024-04-01,2
20240319,34019,Hunterdon County,NJ,100.00,0.00,0.00,0.00,0.00,0.00,2024-03-19,2024-03-25,2
20240312,34019,Hunterdon County,NJ,100.00,0.00,0.00,0.00,0.00,0.00,2024-03-12,2024-03-18,2
20240305,34019,Hunterdon County,NJ,100.00,0.00,0.00,0.00,0.00,0.00,2024-03-05,2024-03-11,2
20240227,34019,Hunterdon County,NJ,100.00,0.00,0.00,0.00,0.00,0.00,2024-02-27,2024-03-04,2
20240220,34019,Hunterdon County,NJ,100.00,0.00,0.00,0.00,0.00,0.00,2024-02-20,2024-02-26,2
20240213,34019,Hunterdon County,NJ,100.00,0.00,0.00,0.00,0.00,0.00,2024-02-13,2024-02-19,2
20240206,34019,Hunterdon County,NJ,100.00,0.00,0.00,0.00,0.00,0.00,2024-02-06,2024-02-12,2
20240130,34019,Hunterdon County,NJ,100.00,0.00,0.00,0.00,0.00,0.00,2024-01-30,2024-02-05,2
20240123,34019,Hunterdon County,NJ,100.00,0.00,0.00,0.00,0.00,0.00,2024-01-23,2024-01-29,2
20240116,34019,Hunterdon County,NJ,100.00,0.00,0.00,0.00,0.00,0.00,2024-01-16,2024-01-22,2
20240109,34019,Hunterdon County,NJ,100.00,0.00,0.00,0.00,0.00,0.00,2024-01-09,2024-01-15,2
20240102,34019,Hunterdon County,NJ,100.00,0.00,0.00,0.00,0.00,0.00,2024-01-02,2024-01-08,2
20231226,34019,Hunterdon County,NJ,100.00,0.00,0.00,0.00,0.00,0.00,2023-12-26,2024-01-01,2
20231219,34019,Hunterdon County,NJ,100.00,0.00,0.00,0.00,0.00,0.00,2023-12-19,2023-12-25,2
20231212,34019,Hunterdon County,NJ,100.00,0.00,0.00,0.00,0.00,0.00,2023-12-12,2023-12-18,2
20231205,34019,Hunterdon County,NJ,100.00,0.00,0.00,0.00,0.00,0.00,2023-12-05,2023-12-11,2
20231128,34019,Hunterdon County,NJ,100.00,0.00,0.00,0.00,0.00,0.00,2023-11-28,2023-12-04,2
20231121,34019,Hunterdon County,NJ,0.00,100.00,0.00,0.00,0.00,0.00,2023-11-21,2023-11-27,2
20231114,34019,Hunterdon County,NJ,0.01,99.99,0.00,0.00,0.00,0.00,2023-11-14,2023-11-20,2
20231107,34019,Hunterdon County,NJ,3.80,96.20,0.00,0.00,0.00,0.00,2023-11-07,2023-11-13,2
20231031,34019,Hunterdon County,NJ,82.62,17.38,0.00,0.00,0.00,0.00,2023-10-31,2023-11-06,2
20231024,34019,Hunterdon County,NJ,100.00,0.00,0.00,0.00,0.00,0.00,2023-10-24,2023-10-30,2
20231017,34019,Hunterdon County,NJ,100.00,0.00,0.00,0.00,0.00,0.00,2023-10-17,2023-10-23,2
20231010,34019,Hunterdon County,NJ,100.00,0.00,0.00,0.00,0.00,0.00,2023-10-10,2023-10-16,2
20231003,34019,Hunterdon County,NJ,100.00,0.00,0.00,0.00,0.00,0.00,2023-10-03,2023-10-09,2
20230926,34019,Hunterdon County,NJ,100.00,0.00,0.00,0.00,0.00,0.00,2023-09-26,2023-10-02,2
20230919,34019,Hunterdon County,NJ,100.00,0.00,0.00,0.00,0.00,0.00,2023-09-19,2023-09-25,2
20230912,34019,Hunterdon County,NJ,100.00,0.00,0.00,0.00,0.00,0.00,2023-09-12,2023-09-18,2
20230905,34019,Hunterdon County,NJ,100.00,0.00,0.00,0.00,0.00,0.00,2023-09-05,2023-09-11,2
20230829,34019,Hunterdon County,NJ,100.00,0.00,0.00,0.00,0.00,0.00,2023-08-29,2023-09-04,2
20230822,34019,Hunterdon County,NJ,100.00,0.00,0.00,0.00,0.00,0.00,2023-08-22,2023-08-28,2
20230815,34019,Hunterdon County,NJ,100.00,0.00,0.00,0.00,0.00,0.00,2023-08-15,2023-08-21,2
20230808,34019,Hunterdon County,NJ,100.00,0.00,0.00,0.00,0.00,0.00,2023-08-08,2023-08-14,2
20230801,34019,Hunterdon County,NJ,100.00,0.00,0.00,0.00,0.00,0.00,2023-08-01,2023-08-07,2
20230725,34019,Hunterdon County,NJ,100.00,0.00,0.00,0.00,0.00,0.00,2023-07-25,2023-07-31,2
20230718,34019,Hunterdon County,NJ,100.00,0.00,0.00,0.00,0.00,0.00,2023-07-18,2023-07-24,2
20230711,34019,Hunterdon County,NJ,100.00,0.00,0.00,0.00,0.00,0.00,2023-07-11,2023-07-17,2
20230704,34019,Hunterdon County,NJ,0.00,94.59,5.41,0.00,0.00,0.00,2023-07-04,2023-07-10,2
20230627,34019,Hunterdon County,NJ,0.00,94.30,5.70,0.00,0.00,0.00,2023-06-27,2023-07-03,2
20230620,34019,Hunterdon County,NJ,0.00,51.75,48.25,0.00,0.00,0.00,2023-06-20,2023-06-26,2
20230613,34019,Hunterdon County,NJ,0.00,99.98,0.02,0.00,0.00,0.00,2023-06-13,2023-06-19,2
20230606,34019,Hunterdon County,NJ,0.00,99.87,0.13,0.00,0.00,0.00,2023-06-06,2023-06-12,2
20230530,34019,Hunterdon County,NJ,78.65,21.35,0.00,0.00,0.00,0.00,2023-05-30,2023-06-05,2
20230523,34019,Hunterdon County,NJ,100.00,0.00,0.00,0.00,0.00,0.00,2023-05-23,2023-05-29,2
20230516,34019,Hunterdon County,NJ,100.00,0.00,0.00,0.00,0.00,0.00,2023-05-16,2023-05-22,2
20230509,34019,Hunterdon County,NJ,100.00,0.00,0.00,0.00,0.00,0.00,2023-05-09,2023-05-15,2
20230502,34019,Hunterdon County,NJ,100.00,0.00,0.00,0.00,0.00,0.00,2023-05-02,2023-05-08,2
20230425,34019,Hunterdon County,NJ,52.16,47.84,0.00,0.00,0.00,0.00,2023-04-25,2023-05-01,2
20230418,34019,Hunterdon County,NJ,52.16,47.84,0.00,0.00,0.00,0.00,2023-04-18,2023-04-24,2
20230411,34019,Hunterdon County,NJ,57.36,42.64,0.00,0.00,0.00,0.00,2023-04-11,2023-04-17,2
20230404,34019,Hunterdon County,NJ,100.00,0.00,0.00,0.00,0.00,0.00,2023-04-04,2023-04-10,2
20230328,34019,Hunterdon County,NJ,100.00,0.00,0.00,0.00,0.00,0.00,2023-03-28,2023-04-03,2
20230321,34019,Hunterdon County,NJ,100.00,0.00,0.00,0.00,0.00,0.00,2023-03-21,2023-03-27,2
20230314,34019,Hunterdon County,NJ,100.00,0.00,0.00,0.00,0.00,0.00,2023-03-14,2023-03-20,2
20230307,34019,Hunterdon County,NJ,100.00,0.00,0.00,0.00,0.00,0.00,2023-03-07,2023-03-13,2
20230228,34019,Hunterdon County,NJ,100.00,0.00,0.00,0.00,0.00,0.00,2023-02-28,2023-03-06,2
20230221,34019,Hunterdon County,NJ,100.00,0.00,0.00,0.00,0.00,0.00,2023-02-21,2023-02-27,2
20230214,34019,Hunterdon County,NJ,100.00,0.00,0.00,0.00,0.00,0.00,2023-02-14,2023-02-20,2
20230207,34019,Hunterdon County,NJ,100.00,0.00,0.00,0.00,0.00,0.00,2023-02-07,2023-02-13,2
20230131,34019,Hunterdon County,NJ,100.00,0.00,0.00,0.00,0.00,0.00,2023-01-31,2023-02-06,2
20230124,34019,Hunterdon County,NJ,100.00,0.00,0.00,0.00,0.00,0.00,2023-01-24,2023-01-30,2
20230117,34019,Hunterdon County,NJ,100.00,0.00,0.00,0.00,0.00,0.00,2023-01-17,2023-01-23,2
20230110,34019,Hunterdon County,NJ,100.00,0.00,0.00,0.00,0.00,0.00,2023-01-10,2023-01-16,2
20230103,34019,Hunterdon County,NJ,100.00,0.00,0.00,0.00,0.00,0.00,2023-01-03,2023-01-09,2
20221227,34019,Hunterdon County,NJ,100.00,0.00,0.00,0.00,0.00,0.00,2022-12-27,2023-01-02,2
20221220,34019,Hunterdon County,NJ,100.00,0.00,0.00,0.00,0.00,0.00,2022-12-20,2022-12-26,2
20221213,34019,Hunterdon County,NJ,100.00,0.00,0.00,0.00,0.00,0.00,2022-12-13,2022-12-19,2
20221206,34019,Hunterdon County,NJ,100.00,0.00,0.00,0.00,0.00,0.00,2022-12-06,2022-12-12,2
20221129,34019,Hunterdon County,NJ,100.00,0.00,0.00,0.00,0.00,0.00,2022-11-29,2022-12-05,2
20221122,34019,Hunterdon County,NJ,100.00,0.00,0.00,0.00,0.00,0.00,2022-11-22,2022-11-28,2
20221115,34019,Hunterdon County,NJ,100.00,0.00,0.00,0.00,0.00,0.00,2022-11-15,2022-11-21,2
20221108,34019,Hunterdon County,NJ,100.00,0.00,0.00,0.00,0.00,0.00,2022-11-08,2022-11-14,2
20221101,34019,Hunterdon County,NJ,100.00,0.00,0.00,0.00,0.00,0.00,2022-11-01,2022-11-07,2
20221025,34019,Hunterdon County,NJ,100.00,0.00,0.00,0.00,0.00,0.00,2022-10-25,2022-10-31,2
20221018,34019,Hunterdon County,NJ,100.00,0.00,0.00,0.00,0.00,0.00,2022-10-18,2022-10-24,2
20221011,34019,Hunterdon County,NJ,98.03,1.97,0.00,0.00,0.00,0.00,2022-10-11,2022-10-17,2
20221004,34019,Hunterdon County,NJ,78.07,21.71,0.21,0.00,0.00,0.00,2022-10-04,2022-10-10,2
20220927,34019,Hunterdon County,NJ,39.42,52.02,8.56,0.00,0.00,0.00,2022-09-27,2022-10-03,2
20220920,34019,Hunterdon County,NJ,0.00,56.77,43.23,0.00,0.00,0.00,2022-09-20,2022-09-26,2
20220913,34019,Hunterdon County,NJ,0.00,56.77,43.23,0.00,0.00,0.00,2022-09-13,2022-09-19,2
20220906,34019,Hunterdon County,NJ,0.00,56.77,33.48,9.75,0.00,0.00,2022-09-06,2022-09-12,2
20220830,34019,Hunterdon County,NJ,0.00,55.72,34.45,9.83,0.00,0.00,2022-08-30,2022-09-05,2
20220823,34019,Hunterdon County,NJ,0.00,28.87,61.30,9.83,0.00,0.00,2022-08-23,2022-08-29,2
20220816,34019,Hunterdon County,NJ,0.00,31.39,58.78,9.83,0.00,0.00,2022-08-16,2022-08-22,2
20220809,34019,Hunterdon County,NJ,0.00,41.86,58.14,0.00,0.00,0.00,2022-08-09,2022-08-15,2
20220802,34019,Hunterdon County,NJ,0.00,30.41,69.59,0.00,0.00,0.00,2022-08-02,2022-08-08,2
20220726,34019,Hunterdon County,NJ,0.00,33.93,66.07,0.00,0.00,0.00,2022-07-26,2022-08-01,2
20220719,34019,Hunterdon County,NJ,0.00,100.00,0.00,0.00,0.00,0.00,2022-07-19,2022-07-25,2
20220712,34019,Hunterdon County,NJ,13.93,86.07,0.00,0.00,0.00,0.00,2022-07-12,2022-07-18,2
20220705,34019,Hunterdon County,NJ,51.29,48.71,0.00,0.00,0.00,0.00,2022-07-05,2022-07-11,2
20220628,34019,Hunterdon County,NJ,100.00,0.00,0.00,0.00,0.00,0.00,2022-06-28,2022-07-04,2
20220621,34019,Hunterdon County,NJ,100.00,0.00,0.00,0.00,0.00,0.00,2022-06-21,2022-06-27,2
20220614,34019,Hunterdon County,NJ,100.00,0.00,0.00,0.00,0.00,0.00,2022-06-14,2022-06-20,2
20220607,34019,Hunterdon County,NJ,100.00,0.00,0.00,0.00,0.00,0.00,2022-06-07,2022-06-13,2
20220531,34019,Hunterdon County,NJ,100.00,0.00,0.00,0.00,0.00,0.00,2022-05-31,2022-06-06,2
20220524,34019,Hunterdon County,NJ,100.00,0.00,0.00,0.00,0.00,0.00,2022-05-24,2022-05-30,2
20220517,34019,Hunterdon County,NJ,100.00,0.00,0.00,0.00,0.00,0.00,2022-05-17,2022-05-23,2
20220510,34019,Hunterdon County,NJ,100.00,0.00,0.00,0.00,0.00,0.00,2022-05-10,2022-05-16,2
20220503,34019,Hunterdon County,NJ,100.00,0.00,0.00,0.00,0.00,0.00,2022-05-03,2022-05-09,2
20220426,34019,Hunterdon County,NJ,100.00,0.00,0.00,0.00,0.00,0.00,2022-04-26,2022-05-02,2
20220419,34019,Hunterdon County,NJ,100.00,0.00,0.00,0.00,0.00,0.00,2022-04-19,2022-04-25,2
20220412,34019,Hunterdon County,NJ,100.00,0.00,0.00,0.00,0.00,0.00,2022-04-12,2022-04-18,2
20220405,34019,Hunterdon County,NJ,0.00,100.00,0.00,0.00,0.00,0.00,2022-04-05,2022-04-11,2
20220329,34019,Hunterdon County,NJ,0.00,100.00,0.00,0.00,0.00,0.00,2022-03-29,2022-04-04,2
20220322,34019,Hunterdon County,NJ,0.00,100.00,0.00,0.00,0.00,0.00,2022-03-22,2022-03-28,2
20220315,34019,Hunterdon County,NJ,0.00,100.00,0.00,0.00,0.00,0.00,2022-03-15,2022-03-21,2
20220308,34019,Hunterdon County,NJ,0.00,100.00,0.00,0.00,0.00,0.00,2022-03-08,2022-03-14,2
20220301,34019,Hunterdon County,NJ,41.58,58.42,0.00,0.00,0.00,0.00,2022-03-01,2022-03-07,2
20220222,34019,Hunterdon County,NJ,41.58,58.42,0.00,0.00,0.00,0.00,2022-02-22,2022-02-28,2
20220215,34019,Hunterdon County,NJ,41.58,58.42,0.00,0.00,0.00,0.00,2022-02-15,2022-02-21,2
20220208,34019,Hunterdon County,NJ,41.58,58.42,0.00,0.00,0.00,0.00,2022-02-08,2022-02-14,2
20220201,34019,Hunterdon County,NJ,41.58,58.42,0.00,0.00,0.00,0.00,2022-02-01,2022-02-07,2
20220125,34019,Hunterdon County,NJ,100.00,0.00,0.00,0.00,0.00,0.00,2022-01-25,2022-01-31,2
20220118,34019,Hunterdon County,NJ,100.00,0.00,0.00,0.00,0.00,0.00,2022-01-18,2022-01-24,2
20220111,34019,Hunterdon County,NJ,100.00,0.00,0.00,0.00,0.00,0.00,2022-01-11,2022-01-17,2
20220104,34019,Hunterdon County,NJ,100.00,0.00,0.00,0.00,0.00,0.00,2022-01-04,2022-01-10,2
20211228,34019,Hunterdon County,NJ,100.00,0.00,0.00,0.00,0.00,0.00,2021-12-28,2022-01-03,2
20211221,34019,Hunterdon County,NJ,100.00,0.00,0.00,0.00,0.00,0.00,2021-12-21,2021-12-27,2
20211214,34019,Hunterdon County,NJ,100.00,0.00,0.00,0.00,0.00,0.00,2021-12-14,2021-12-20,2
20211207,34019,Hunterdon County,NJ,100.00,0.00,0.00,0.00,0.00,0.00,2021-12-07,2021-12-13,2
20211130,34019,Hunterdon County,NJ,100.00,0.00,0.00,0.00,0.00,0.00,2021-11-30,2021-12-06,2
20211123,34019,Hunterdon County,NJ,100.00,0.00,0.00,0.00,0.00,0.00,2021-11-23,2021-11-29,2
20211116,34019,Hunterdon County,NJ,100.00,0.00,0.00,0.00,0.00,0.00,2021-11-16,2021-11-22,2
20211109,34019,Hunterdon County,NJ,100.00,0.00,0.00,0.00,0.00,0.00,2021-11-09,2021-11-15,2
20211102,34019,Hunterdon County,NJ,100.00,0.00,0.00,0.00,0.00,0.00,2021-11-02,2021-11-08,2
20211026,34019,Hunterdon County,NJ,100.00,0.00,0.00,0.00,0.00,0.00,2021-10-26,2021-11-01,2
20211019,34019,Hunterdon County,NJ,100.00,0.00,0.00,0.00,0.00,0.00,2021-10-19,2021-10-25,2
20211012,34019,Hunterdon County,NJ,100.00,0.00,0.00,0.00,0.00,0.00,2021-10-12,2021-10-18,2
20211005,34019,Hunterdon County,NJ,100.00,0.00,0.00,0.00,0.00,0.00,2021-10-05,2021-10-11,2
20210928,34019,Hunterdon County,NJ,100.00,0.00,0.00,0.00,0.00,0.00,2021-09-28,2021-10-04,2
20210921,34019,Hunterdon County,NJ,100.00,0.00,0.00,0.00,0.00,0.00,2021-09-21,2021-09-27,2
20210914,34019,Hunterdon County,NJ,100.00,0.00,0.00,0.00,0.00,0.00,2021-09-14,2021-09-20,2
20210907,34019,Hunterdon County,NJ,100.00,0.00,0.00,0.00,0.00,0.00,2021-09-07,2021-09-13,2
20210831,34019,Hunterdon County,NJ,100.00,0.00,0.00,0.00,0.00,0.00,2021-08-31,2021-09-06,2
20210824,34019,Hunterdon County,NJ,100.00,0.00,0.00,0.00,0.00,0.00,2021-08-24,2021-08-30,2
20210817,34019,Hunterdon County,NJ,100.00,0.00,0.00,0.00,0.00,0.00,2021-08-17,2021-08-23,2
20210810,34019,Hunterdon County,NJ,100.00,0.00,0.00,0.00,0.00,0.00,2021-08-10,2021-08-16,2
20210803,34019,Hunterdon County,NJ,100.00,0.00,0.00,0.00,0.00,0.00,2021-08-03,2021-08-09,2
20210727,34019,Hunterdon County,NJ,100.00,0.00,0.00,0.00,0.00,0.00,2021-07-27,2021-08-02,2
20210720,34019,Hunterdon County,NJ,100.00,0.00,0.00,0.00,0.00,0.00,2021-07-20,2021-07-26,2
20210713,34019,Hunterdon County,NJ,100.00,0.00,0.00,0.00,0.00,0.00,2021-07-13,2021-07-19,2
20210706,34019,Hunterdon County,NJ,100.00,0.00,0.00,0.00,0.00,0.00,2021-07-06,2021-07-12,2
20210629,34019,Hunterdon County,NJ,100.00,0.00,0.00,0.00,0.00,0.00,2021-06-29,2021-07-05,2
20210622,34019,Hunterdon County,NJ,100.00,0.00,0.00,0.00,0.00,0.00,2021-06-22,2021-06-28,2
20210615,34019,Hunterdon County,NJ,100.00,0.00,0.00,0.00,0.00,0.00,2021-06-15,2021-06-21,2
20210608,34019,Hunterdon County,NJ,85.64,14.36,0.00,0.00,0.00,0.00,2021-06-08,2021-06-14,2
20210601,34019,Hunterdon County,NJ,100.00,0.00,0.00,0.00,0.00,0.00,2021-06-01,2021-06-07,2
20210525,34019,Hunterdon County,NJ,0.00,100.00,0.00,0.00,0.00,0.00,2021-05-25,2021-05-31,2
20210518,34019,Hunterdon County,NJ,99.44,0.56,0.00,0.00,0.00,0.00,2021-05-18,2021-05-24,2
20210511,34019,Hunterdon County,NJ,99.44,0.56,0.00,0.00,0.00,0.00,2021-05-11,2021-05-17,2
20210504,34019,Hunterdon County,NJ,93.79,6.21,0.00,0.00,0.00,0.00,2021-05-04,2021-05-10,2
20210427,34019,Hunterdon County,NJ,100.00,0.00,0.00,0.00,0.00,0.00,2021-04-27,2021-05-03,2
20210420,34019,Hunterdon County,NJ,100.00,0.00,0.00,0.00,0.00,0.00,2021-04-20,2021-04-26,2
20210413,34019,Hunterdon County,NJ,100.00,0.00,0.00,0.00,0.00,0.00,2021-04-13,2021-04-19,2
20210406,34019,Hunterdon County,NJ,100.00,0.00,0.00,0.00,0.00,0.00,2021-04-06,2021-04-12,2
20210330,34019,Hunterdon County,NJ,100.00,0.00,0.00,0.00,0.00,0.00,2021-03-30,2021-04-05,2
20210323,34019,Hunterdon County,NJ,100.00,0.00,0.00,0.00,0.00,0.00,2021-03-23,2021-03-29,2
20210316,34019,Hunterdon County,NJ,100.00,0.00,0.00,0.00,0.00,0.00,2021-03-16,2021-03-22,2
20210309,34019,Hunterdon County,NJ,100.00,0.00,0.00,0.00,0.00,0.00,2021-03-09,2021-03-15,2
20210302,34019,Hunterdon County,NJ,100.00,0.00,0.00,0.00,0.00,0.00,2021-03-02,2021-03-08,2
20210223,34019,Hunterdon County,NJ,100.00,0.00,0.00,0.00,0.00,0.00,2021-02-23,2021-03-01,2
20210216,34019,Hunterdon County,NJ,100.00,0.00,0.00,0.00,0.00,0.00,2021-02-16,2021-02-22,2
20210209,34019,Hunterdon County,NJ,100.00,0.00,0.00,0.00,0.00,0.00,2021-02-09,2021-02-15,2
20210202,34019,Hunterdon County,NJ,100.00,0.00,0.00,0.00,0.00,0.00,2021-02-02,2021-02-08,2
20210126,34019,Hunterdon County,NJ,100.00,0.00,0.00,0.00,0.00,0.00,2021-01-26,2021-02-01,2
20210119,34019,Hunterdon County,NJ,100.00,0.00,0.00,0.00,0.00,0.00,2021-01-19,2021-01-25,2
20210112,34019,Hunterdon County,NJ,100.00,0.00,0.00,0.00,0.00,0.00,2021-01-12,2021-01-18,2
20210105,34019,Hunterdon County,NJ,100.00,0.00,0.00,0.00,0.00,0.00,2021-01-05,2021-01-11,2
20201229,34019,Hunterdon County,NJ,100.00,0.00,0.00,0.00,0.00,0.00,2020-12-29,2021-01-04,2
20201222,34019,Hunterdon County,NJ,100.00,0.00,0.00,0.00,0.00,0.00,2020-12-22,2020-12-28,2
20201215,34019,Hunterdon County,NJ,100.00,0.00,0.00,0.00,0.00,0.00,2020-12-15,2020-12-21,2
20201208,34019,Hunterdon County,NJ,100.00,0.00,0.00,0.00,0.00,0.00,2020-12-08,2020-12-14,2
20201201,34019,Hunterdon County,NJ,100.00,0.00,0.00,0.00,0.00,0.00,2020-12-01,2020-12-07,2
20201124,34019,Hunterdon County,NJ,100.00,0.00,0.00,0.00,0.00,0.00,2020-11-24,2020-11-30,2
20251118,34021,Mercer County,NJ,0.00,0.00,100.00,0.00,0.00,0.00,2025-11-18,2025-11-24,2
20251111,34021,Mercer County,NJ,0.00,0.00,100.00,0.00,0.00,0.00,2025-11-11,2025-11-17,2
20251104,34021,Mercer County,NJ,0.00,0.00,100.00,0.00,0.00,0.00,2025-11-04,2025-11-10,2
20251028,34021,Mercer County,NJ,0.00,0.00,100.00,0.00,0.00,0.00,2025-10-28,2025-11-03,2
20251021,34021,Mercer County,NJ,0.00,0.00,100.00,0.00,0.00,0.00,2025-10-21,2025-10-27,2
20251014,34021,Mercer County,NJ,0.00,5.21,94.79,0.00,0.00,0.00,2025-10-14,2025-10-20,2
20251007,34021,Mercer County,NJ,0.00,3.63,96.37,0.00,0.00,0.00,2025-10-07,2025-10-13,2
20250930,34021,Mercer County,NJ,3.63,11.60,84.77,0.00,0.00,0.00,2025-09-30,2025-10-06,2
20250923,34021,Mercer County,NJ,3.63,11.60,84.77,0.00,0.00,0.00,2025-09-23,2025-09-29,2
20250916,34021,Mercer County,NJ,3.63,11.60,84.77,0.00,0.00,0.00,2025-09-16,2025-09-22,2
20250909,34021,Mercer County,NJ,1.46,13.77,84.77,0.00,0.00,0.00,2025-09-09,2025-09-15,2
20250902,34021,Mercer County,NJ,1.46,18.93,79.61,0.00,0.00,0.00,2025-09-02,2025-09-08,2
20250826,34021,Mercer County,NJ,2.17,97.83,0.00,0.00,0.00,0.00,2025-08-26,2025-09-01,2
20250819,34021,Mercer County,NJ,3.41,96.59,0.00,0.00,0.00,0.00,2025-08-19,2025-08-25,2
20250812,34021,Mercer County,NJ,27.36,72.64,0.00,0.00,0.00,0.00,2025-08-12,2025-08-18,2
20250805,34021,Mercer County,NJ,100.00,0.00,0.00,0.00,0.00,0.00,2025-08-05,2025-08-11,2
20250729,34021,Mercer County,NJ,100.00,0.00,0.00,0.00,0.00,0.00,2025-07-29,2025-08-04,2
20250722,34021,Mercer County,NJ,100.00,0.00,0.00,0.00,0.00,0.00,2025-07-22,2025-07-28,2
20250715,34021,Mercer County,NJ,100.00,0.00,0.00,0.00,0.00,0.00,2025-07-15,2025-07-21,2
20250708,34021,Mercer County,NJ,100.00,0.00,0.00,0.00,0.00,0.00,2025-07-08,2025-07-14,2
20250701,34021,Mercer County,NJ,100.00,0.00,0.00,0.00,0.00,0.00,2025-07-01,2025-07-07,2
20250624,34021,Mercer County,NJ,100.00,0.00,0.00,0.00,0.00,0.00,2025-06-24,2025-06-30,2
20250617,34021,Mercer County,NJ,100.00,0.00,0.00,0.00,0.00,0.00,2025-06-17,2025-06-23,2
20250610,34021,Mercer County,NJ,100.00,0.00,0.00,0.00,0.00,0.00,2025-06-10,2025-06-16,2
20250603,34021,Mercer County,NJ,100.00,0.00,0.00,0.00,0.00,0.00,2025-06-03,2025-06-09,2
20250527,34021,Mercer County,NJ,100.00,0.00,0.00,0.00,0.00,0.00,2025-05-27,2025-06-02,2
20250520,34021,Mercer County,NJ,100.00,0.00,0.00,0.00,0.00,0.00,2025-05-20,2025-05-26,2
20250513,34021,Mercer County,NJ,100.00,0.00,0.00,0.00,0.00,0.00,2025-05-13,2025-05-19,2
20250506,34021,Mercer County,NJ,100.00,0.00,0.00,0.00,0.00,0.00,2025-05-06,2025-05-12,2
20250429,34021,Mercer County,NJ,100.00,0.00,0.00,0.00,0.00,0.00,2025-04-29,2025-05-05,2
20250422,34021,Mercer County,NJ,100.00,0.00,0.00,0.00,0.00,0.00,2025-04-22,2025-04-28,2
20250415,34021,Mercer County,NJ,100.00,0.00,0.00,0.00,0.00,0.00,2025-04-15,2025-04-21,2
20250408,34021,Mercer County,NJ,15.55,84.45,0.00,0.00,0.00,0.00,2025-04-08,2025-04-14,2
20250401,34021,Mercer County,NJ,0.00,100.00,0.00,0.00,0.00,0.00,2025-04-01,2025-04-07,2
20250325,34021,Mercer County,NJ,0.00,42.46,57.54,0.00,0.00,0.00,2025-03-25,2025-03-31,2
20250318,34021,Mercer County,NJ,0.00,34.70,65.30,0.00,0.00,0.00,2025-03-18,2025-03-24,2
20250311,34021,Mercer County,NJ,0.00,0.00,100.00,0.00,0.00,0.00,2025-03-11,2025-03-17,2
20250304,34021,Mercer County,NJ,0.00,0.00,100.00,0.00,0.00,0.00,2025-03-04,2025-03-10,2
20250225,34021,Mercer County,NJ,0.00,0.00,100.00,0.00,0.00,0.00,2025-02-25,2025-03-03,2
20250218,34021,Mercer County,NJ,0.00,0.00,100.00,0.00,0.00,0.00,2025-02-18,2025-02-24,2
20250211,34021,Mercer County,NJ,0.00,0.00,0.00,100.00,0.00,0.00,2025-02-11,2025-02-17,2
20250204,34021,Mercer County,NJ,0.00,0.00,0.00,100.00,0.00,0.00,2025-02-04,2025-02-10,2
20250128,34021,Mercer County,NJ,0.00,0.00,0.00,100.00,0.00,0.00,2025-01-28,2025-02-03,2
20250121,34021,Mercer County,NJ,0.00,0.00,100.00,0.00,0.00,0.00,2025-01-21,2025-01-27,2
20250114,34021,Mercer County,NJ,0.00,0.00,100.00,0.00,0.00,0.00,2025-01-14,2025-01-20,2
20250107,34021,Mercer County,NJ,0.00,0.00,100.00,0.00,0.00,0.00,2025-01-07,2025-01-13,2
20241231,34021,Mercer County,NJ,0.00,0.00,84.50,15.50,0.00,0.00,2024-12-31,2025-01-06,2
20241224,34021,Mercer County,NJ,0.00,0.00,0.00,100.00,0.00,0.00,2024-12-24,2024-12-30,2
20241217,34021,Mercer County,NJ,0.00,0.00,0.00,100.00,0.00,0.00,2024-12-17,2024-12-23,2
20241210,34021,Mercer County,NJ,0.00,0.00,0.00,99.77,0.23,0.00,2024-12-10,2024-12-16,2
20241203,34021,Mercer County,NJ,0.00,0.00,0.00,99.77,0.23,0.00,2024-12-03,2024-12-09,2
20241126,34021,Mercer County,NJ,0.00,0.00,0.00,99.77,0.23,0.00,2024-11-26,2024-12-02,2
20241119,34021,Mercer County,NJ,0.00,0.00,0.00,99.77,0.23,0.00,2024-11-19,2024-11-25,2
20241112,34021,Mercer County,NJ,0.00,0.00,0.00,100.00,0.00,0.00,2024-11-12,2024-11-18,2
20241105,34021,Mercer County,NJ,0.00,0.00,0.00,100.00,0.00,0.00,2024-11-05,2024-11-11,2
20241029,34021,Mercer County,NJ,0.00,0.00,38.86,61.14,0.00,0.00,2024-10-29,2024-11-04,2
20241022,34021,Mercer County,NJ,0.00,4.08,86.64,9.27,0.00,0.00,2024-10-22,2024-10-28,2
20241015,34021,Mercer County,NJ,0.00,4.08,95.92,0.00,0.00,0.00,2024-10-15,2024-10-21,2
20241008,34021,Mercer County,NJ,0.00,100.00,0.00,0.00,0.00,0.00,2024-10-08,2024-10-14,2
20241001,34021,Mercer County,NJ,0.00,100.00,0.00,0.00,0.00,0.00,2024-10-01,2024-10-07,2
20240924,34021,Mercer County,NJ,0.00,100.00,0.00,0.00,0.00,0.00,2024-09-24,2024-09-30,2
20240917,34021,Mercer County,NJ,63.88,36.12,0.00,0.00,0.00,0.00,2024-09-17,2024-09-23,2
20240910,34021,Mercer County,NJ,77.22,22.78,0.00,0.00,0.00,0.00,2024-09-10,2024-09-16,2
20240903,34021,Mercer County,NJ,99.34,0.66,0.00,0.00,0.00,0.00,2024-09-03,2024-09-09,2
20240827,34021,Mercer County,NJ,100.00,0.00,0.00,0.00,0.00,0.00,2024-08-27,2024-09-02,2
20240820,34021,Mercer County,NJ,100.00,0.00,0.00,0.00,0.00,0.00,2024-08-20,2024-08-26,2
20240813,34021,Mercer County,NJ,3.94,96.06,0.00,0.00,0.00,0.00,2024-08-13,2024-08-19,2
20240806,34021,Mercer County,NJ,0.00,3.94,96.06,0.00,0.00,0.00,2024-08-06,2024-08-12,2
20240730,34021,Mercer County,NJ,0.00,3.94,96.06,0.00,0.00,0.00,2024-07-30,2024-08-05,2
20240723,34021,Mercer County,NJ,0.00,3.94,96.06,0.00,0.00,0.00,2024-07-23,2024-07-29,2
20240716,34021,Mercer County,NJ,0.00,0.11,99.89,0.00,0.00,0.00,2024-07-16,2024-07-22,2
20240709,34021,Mercer County,NJ,0.00,16.80,83.20,0.00,0.00,0.00,2024-07-09,2024-07-15,2
20240702,34021,Mercer County,NJ,0.00,100.00,0.00,0.00,0.00,0.00,2024-07-02,2024-07-08,2
20240625,34021,Mercer County,NJ,0.00,100.00,0.00,0.00,0.00,0.00,2024-06-25,2024-07-01,2
20240618,34021,Mercer County,NJ,87.69,12.31,0.00,0.00,0.00,0.00,2024-06-18,2024-06-24,2
20240611,34021,Mercer County,NJ,100.00,0.00,0.00,0.00,0.00,0.00,2024-06-11,2024-06-17,2
20240604,34021,Mercer County,NJ,100.00,0.00,0.00,0.00,0.00,0.00,2024-06-04,2024-06-10,2
20240528,34021,Mercer County,NJ,100.00,0.00,0.00,0.00,0.00,0.00,2024-05-28,2024-06-03,2
20240521,34021,Mercer County,NJ,100.00,0.00,0.00,0.00,0.00,0.00,2024-05-21,2024-05-27,2
20240514,34021,Mercer County,NJ,100.00,0.00,0.00,0.00,0.00,0.00,2024-05-14,2024-05-20,2
20240507,34021,Mercer County,NJ,100.00,0.00,0.00,0.00,0.00,0.00,2024-05-07,2024-05-13,2
20240430,34021,Mercer County,NJ,100.00,0.00,0.00,0.00,0.00,0.00,2024-04-30,2024-05-06,2
20240423,34021,Mercer County,NJ,100.00,0.00,0.00,0.00,0.00,0.00,2024-04-23,2024-04-29,2
20240416,34021,Mercer County,NJ,100.00,0.00,0.00,0.00,0.00,0.00,2024-04-16,2024-04-22,2
20240409,34021,Mercer County,NJ,100.00,0.00,0.00,0.00,0.00,0.00,2024-04-09,2024-04-15,2
20240402,34021,Mercer County,NJ,100.00,0.00,0.00,0.00,0.00,0.00,2024-04-02,2024-04-08,2
20240326,34021,Mercer County,NJ,100.00,0.00,0.00,0.00,0.00,0.00,2024-03-26,2024-04-01,2
20240319,34021,Mercer County,NJ,100.00,0.00,0.00,0.00,0.00,0.00,2024-03-19,2024-03-25,2
20240312,34021,Mercer County,NJ,100.00,0.00,0.00,0.00,0.00,0.00,2024-03-12,2024-03-18,2
20240305,34021,Mercer County,NJ,100.00,0.00,0.00,0.00,0.00,0.00,2024-03-05,2024-03-11,2
20240227,34021,Mercer County,NJ,100.00,0.00,0.00,0.00,0.00,0.00,2024-02-27,2024-03-04,2
20240220,34021,Mercer County,NJ,100.00,0.00,0.00,0.00,0.00,0.00,2024-02-20,2024-02-26,2
20240213,34021,Mercer County,NJ,100.00,0.00,0.00,0.00,0.00,0.00,2024-02-13,2024-02-19,2
20240206,34021,Mercer County,NJ,100.00,0.00,0.00,0.00,0.00,0.00,2024-02-06,2024-02-12,2
20240130,34021,Mercer County,NJ,100.00,0.00,0.00,0.00,0.00,0.00,2024-01-30,2024-02-05,2
20240123,34021,Mercer County,NJ,100.00,0.00,0.00,0.00,0.00,0.00,2024-01-23,2024-01-29,2
20240116,34021,Mercer County,NJ,100.00,0.00,0.00,0.00,0.00,0.00,2024-01-16,2024-01-22,2
20240109,34021,Mercer County,NJ,100.00,0.00,0.00,0.00,0.00,0.00,2024-01-09,2024-01-15,2
20240102,34021,Mercer County,NJ,100.00,0.00,0.00,0.00,0.00,0.00,2024-01-02,2024-01-08,2
20231226,34021,Mercer County,NJ,100.00,0.00,0.00,0.00,0.00,0.00,2023-12-26,2024-01-01,2
20231219,34021,Mercer County,NJ,100.00,0.00,0.00,0.00,0.00,0.00,2023-12-19,2023-12-25,2
20231212,34021,Mercer County,NJ,100.00,0.00,0.00,0.00,0.00,0.00,2023-12-12,2023-12-18,2
20231205,34021,Mercer County,NJ,100.00,0.00,0.00,0.00,0.00,0.00,2023-12-05,2023-12-11,2
20231128,34021,Mercer County,NJ,100.00,0.00,0.00,0.00,0.00,0.00,2023-11-28,2023-12-04,2
20231121,34021,Mercer County,NJ,19.17,80.83,0.00,0.00,0.00,0.00,2023-11-21,2023-11-27,2
20231114,34021,Mercer County,NJ,19.17,80.83,0.00,0.00,0.00,0.00,2023-11-14,2023-11-20,2
20231107,34021,Mercer County,NJ,36.37,63.63,0.00,0.00,0.00,0.00,2023-11-07,2023-11-13,2
20231031,34021,Mercer County,NJ,100.00,0.00,0.00,0.00,0.00,0.00,2023-10-31,2023-11-06,2
20231024,34021,Mercer County,NJ,100.00,0.00,0.00,0.00,0.00,0.00,2023-10-24,2023-10-30,2
20231017,34021,Mercer County,NJ,100.00,0.00,0.00,0.00,0.00,0.00,2023-10-17,2023-10-23,2
20231010,34021,Mercer County,NJ,100.00,0.00,0.00,0.00,0.00,0.00,2023-10-10,2023-10-16,2
20231003,34021,Mercer County,NJ,100.00,0.00,0.00,0.00,0.00,0.00,2023-10-03,2023-10-09,2
20230926,34021,Mercer County,NJ,100.00,0.00,0.00,0.00,0.00,0.00,2023-09-26,2023-10-02,2
20230919,34021,Mercer County,NJ,100.00,0.00,0.00,0.00,0.00,0.00,2023-09-19,2023-09-25,2
20230912,34021,Mercer County,NJ,100.00,0.00,0.00,0.00,0.00,0.00,2023-09-12,2023-09-18,2
20230905,34021,Mercer County,NJ,97.71,2.29,0.00,0.00,0.00,0.00,2023-09-05,2023-09-11,2
20230829,34021,Mercer County,NJ,99.54,0.46,0.00,0.00,0.00,0.00,2023-08-29,2023-09-04,2
20230822,34021,Mercer County,NJ,100.00,0.00,0.00,0.00,0.00,0.00,2023-08-22,2023-08-28,2
20230815,34021,Mercer County,NJ,100.00,0.00,0.00,0.00,0.00,0.00,2023-08-15,2023-08-21,2
20230808,34021,Mercer County,NJ,100.00,0.00,0.00,0.00,0.00,0.00,2023-08-08,2023-08-14,2
20230801,34021,Mercer County,NJ,100.00,0.00,0.00,0.00,0.00,0.00,2023-08-01,2023-08-07,2
20230725,34021,Mercer County,NJ,100.00,0.00,0.00,0.00,0.00,0.00,2023-07-25,2023-07-31,2
20230718,34021,Mercer County,NJ,100.00,0.00,0.00,0.00,0.00,0.00,2023-07-18,2023-07-24,2
20230711,34021,Mercer County,NJ,100.00,0.00,0.00,0.00,0.00,0.00,2023-07-11,2023-07-17,2
20230704,34021,Mercer County,NJ,0.00,100.00,0.00,0.00,0.00,0.00,2023-07-04,2023-07-10,2
20230627,34021,Mercer County,NJ,0.00,100.00,0.00,0.00,0.00,0.00,2023-06-27,2023-07-03,2
20230620,34021,Mercer County,NJ,0.00,100.00,0.00,0.00,0.00,0.00,2023-06-20,2023-06-26,2
20230613,34021,Mercer County,NJ,0.00,100.00,0.00,0.00,0.00,0.00,2023-06-13,2023-06-19,2
20230606,34021,Mercer County,NJ,15.40,84.60,0.00,0.00,0.00,0.00,2023-06-06,2023-06-12,2
20230530,34021,Mercer County,NJ,100.00,0.00,0.00,0.00,0.00,0.00,2023-05-30,2023-06-05,2
20230523,34021,Mercer County,NJ,100.00,0.00,0.00,0.00,0.00,0.00,2023-05-23,2023-05-29,2
20230516,34021,Mercer County,NJ,100.00,0.00,0.00,0.00,0.00,0.00,2023-05-16,2023-05-22,2
20230509,34021,Mercer County,NJ,100.00,0.00,0.00,0.00,0.00,0.00,2023-05-09,2023-05-15,2
20230502,34021,Mercer County,NJ,100.00,0.00,0.00,0.00,0.00,0.00,2023-05-02,2023-05-08,2
20230425,34021,Mercer County,NJ,100.00,0.00,0.00,0.00,0.00,0.00,2023-04-25,2023-05-01,2
20230418,34021,Mercer County,NJ,100.00,0.00,0.00,0.00,0.00,0.00,2023-04-18,2023-04-24,2
20230411,34021,Mercer County,NJ,100.00,0.00,0.00,0.00,0.00,0.00,2023-04-11,2023-04-17,2
20230404,34021,Mercer County,NJ,100.00,0.00,0.00,0.00,0.00,0.00,2023-04-04,2023-04-10,2
20230328,34021,Mercer County,NJ,100.00,0.00,0.00,0.00,0.00,0.00,2023-03-28,2023-04-03,2
20230321,34021,Mercer County,NJ,100.00,0.00,0.00,0.00,0.00,0.00,2023-03-21,2023-03-27,2
20230314,34021,Mercer County,NJ,100.00,0.00,0.00,0.00,0.00,0.00,2023-03-14,2023-03-20,2
20230307,34021,Mercer County,NJ,100.00,0.00,0.00,0.00,0.00,0.00,2023-03-07,2023-03-13,2
20230228,34021,Mercer County,NJ,100.00,0.00,0.00,0.00,0.00,0.00,2023-02-28,2023-03-06,2
20230221,34021,Mercer County,NJ,100.00,0.00,0.00,0.00,0.00,0.00,2023-02-21,2023-02-27,2
20230214,34021,Mercer County,NJ,100.00,0.00,0.00,0.00,0.00,0.00,2023-02-14,2023-02-20,2
20230207,34021,Mercer County,NJ,100.00,0.00,0.00,0.00,0.00,0.00,2023-02-07,2023-02-13,2
20230131,34021,Mercer County,NJ,100.00,0.00,0.00,0.00,0.00,0.00,2023-01-31,2023-02-06,2
20230124,34021,Mercer County,NJ,100.00,0.00,0.00,0.00,0.00,0.00,2023-01-24,2023-01-30,2
20230117,34021,Mercer County,NJ,100.00,0.00,0.00,0.00,0.00,0.00,2023-01-17,2023-01-23,2
20230110,34021,Mercer County,NJ,100.00,0.00,0.00,0.00,0.00,0.00,2023-01-10,2023-01-16,2
20230103,34021,Mercer County,NJ,100.00,0.00,0.00,0.00,0.00,0.00,2023-01-03,2023-01-09,2
20221227,34021,Mercer County,NJ,100.00,0.00,0.00,0.00,0.00,0.00,2022-12-27,2023-01-02,2
20221220,34021,Mercer County,NJ,100.00,0.00,0.00,0.00,0.00,0.00,2022-12-20,2022-12-26,2
20221213,34021,Mercer County,NJ,100.00,0.00,0.00,0.00,0.00,0.00,2022-12-13,2022-12-19,2
20221206,34021,Mercer County,NJ,100.00,0.00,0.00,0.00,0.00,0.00,2022-12-06,2022-12-12,2
20221129,34021,Mercer County,NJ,100.00,0.00,0.00,0.00,0.00,0.00,2022-11-29,2022-12-05,2
20221122,34021,Mercer County,NJ,100.00,0.00,0.00,0.00,0.00,0.00,2022-11-22,2022-11-28,2
20221115,34021,Mercer County,NJ,100.00,0.00,0.00,0.00,0.00,0.00,2022-11-15,2022-11-21,2
20221108,34021,Mercer County,NJ,100.00,0.00,0.00,0.00,0.00,0.00,2022-11-08,2022-11-14,2
20221101,34021,Mercer County,NJ,100.00,0.00,0.00,0.00,0.00,0.00,2022-11-01,2022-11-07,2
20221025,34021,Mercer County,NJ,100.00,0.00,0.00,0.00,0.00,0.00,2022-10-25,2022-10-31,2
20221018,34021,Mercer County,NJ,53.21,46.79,0.00,0.00,0.00,0.00,2022-10-18,2022-10-24,2
20221011,34021,Mercer County,NJ,52.39,47.61,0.00,0.00,0.00,0.00,2022-10-11,2022-10-17,2
20221004,34021,Mercer County,NJ,0.00,54.30,45.70,0.00,0.00,0.00,2022-10-04,2022-10-10,2
20220927,34021,Mercer County,NJ,0.00,0.00,57.31,42.69,0.00,0.00,2022-09-27,2022-10-03,2
20220920,34021,Mercer County,NJ,0.00,0.00,57.31,42.69,0.00,0.00,2022-09-20,2022-09-26,2
20220913,34021,Mercer County,NJ,0.00,0.00,54.15,45.85,0.00,0.00,2022-09-13,2022-09-19,2
20220906,34021,Mercer County,NJ,0.00,0.00,81.18,18.82,0.00,0.00,2022-09-06,2022-09-12,2
20220830,34021,Mercer County,NJ,0.00,0.00,80.14,19.86,0.00,0.00,2022-08-30,2022-09-05,2
20220823,34021,Mercer County,NJ,0.00,20.00,80.00,0.00,0.00,0.00,2022-08-23,2022-08-29,2
20220816,34021,Mercer County,NJ,0.00,20.27,79.73,0.00,0.00,0.00,2022-08-16,2022-08-22,2
20220809,34021,Mercer County,NJ,0.00,55.70,44.30,0.00,0.00,0.00,2022-08-09,2022-08-15,2
20220802,34021,Mercer County,NJ,0.00,20.43,79.57,0.00,0.00,0.00,2022-08-02,2022-08-08,2
20220726,34021,Mercer County,NJ,0.00,95.09,4.91,0.00,0.00,0.00,2022-07-26,2022-08-01,2
20220719,34021,Mercer County,NJ,84.14,15.86,0.00,0.00,0.00,0.00,2022-07-19,2022-07-25,2
20220712,34021,Mercer County,NJ,100.00,0.00,0.00,0.00,0.00,0.00,2022-07-12,2022-07-18,2
20220705,34021,Mercer County,NJ,100.00,0.00,0.00,0.00,0.00,0.00,2022-07-05,2022-07-11,2
20220628,34021,Mercer County,NJ,100.00,0.00,0.00,0.00,0.00,0.00,2022-06-28,2022-07-04,2
20220621,34021,Mercer County,NJ,100.00,0.00,0.00,0.00,0.00,0.00,2022-06-21,2022-06-27,2
20220614,34021,Mercer County,NJ,100.00,0.00,0.00,0.00,0.00,0.00,2022-06-14,2022-06-20,2
20220607,34021,Mercer County,NJ,100.00,0.00,0.00,0.00,0.00,0.00,2022-06-07,2022-06-13,2
20220531,34021,Mercer County,NJ,100.00,0.00,0.00,0.00,0.00,0.00,2022-05-31,2022-06-06,2
20220524,34021,Mercer County,NJ,100.00,0.00,0.00,0.00,0.00,0.00,2022-05-24,2022-05-30,2
20220517,34021,Mercer County,NJ,100.00,0.00,0.00,0.00,0.00,0.00,2022-05-17,2022-05-23,2
20220510,34021,Mercer County,NJ,100.00,0.00,0.00,0.00,0.00,0.00,2022-05-10,2022-05-16,2
20220503,34021,Mercer County,NJ,100.00,0.00,0.00,0.00,0.00,0.00,2022-05-03,2022-05-09,2
20220426,34021,Mercer County,NJ,100.00,0.00,0.00,0.00,0.00,0.00,2022-04-26,2022-05-02,2
20220419,34021,Mercer County,NJ,100.00,0.00,0.00,0.00,0.00,0.00,2022-04-19,2022-04-25,2
20220412,34021,Mercer County,NJ,100.00,0.00,0.00,0.00,0.00,0.00,2022-04-12,2022-04-18,2
20220405,34021,Mercer County,NJ,0.00,100.00,0.00,0.00,0.00,0.00,2022-04-05,2022-04-11,2
20220329,34021,Mercer County,NJ,0.00,100.00,0.00,0.00,0.00,0.00,2022-03-29,2022-04-04,2
20220322,34021,Mercer County,NJ,0.00,100.00,0.00,0.00,0.00,0.00,2022-03-22,2022-03-28,2
20220315,34021,Mercer County,NJ,20.59,79.41,0.00,0.00,0.00,0.00,2022-03-15,2022-03-21,2
20220308,34021,Mercer County,NJ,20.59,79.41,0.00,0.00,0.00,0.00,2022-03-08,2022-03-14,2
20220301,34021,Mercer County,NJ,100.00,0.00,0.00,0.00,0.00,0.00,2022-03-01,2022-03-07,2
20220222,34021,Mercer County,NJ,100.00,0.00,0.00,0.00,0.00,0.00,2022-02-22,2022-02-28,2
20220215,34021,Mercer County,NJ,100.00,0.00,0.00,0.00,0.00,0.00,2022-02-15,2022-02-21,2
20220208,34021,Mercer County,NJ,100.00,0.00,0.00,0.00,0.00,0.00,2022-02-08,2022-02-14,2
20220201,34021,Mercer County,NJ,100.00,0.00,0.00,0.00,0.00,0.00,2022-02-01,2022-02-07,2
20220125,34021,Mercer County,NJ,100.00,0.00,0.00,0.00,0.00,0.00,2022-01-25,2022-01-31,2
20220118,34021,Mercer County,NJ,100.00,0.00,0.00,0.00,0.00,0.00,2022-01-18,2022-01-24,2
20220111,34021,Mercer County,NJ,100.00,0.00,0.00,0.00,0.00,0.00,2022-01-11,2022-01-17,2
20220104,34021,Mercer County,NJ,100.00,0.00,0.00,0.00,0.00,0.00,2022-01-04,2022-01-10,2
20211228,34021,Mercer County,NJ,100.00,0.00,0.00,0.00,0.00,0.00,2021-12-28,2022-01-03,2
20211221,34021,Mercer County,NJ,100.00,0.00,0.00,0.00,0.00,0.00,2021-12-21,2021-12-27,2
20211214,34021,Mercer County,NJ,100.00,0.00,0.00,0.00,0.00,0.00,2021-12-14,2021-12-20,2
20211207,34021,Mercer County,NJ,100.00,0.00,0.00,0.00,0.00,0.00,2021-12-07,2021-12-13,2
20211130,34021,Mercer County,NJ,100.00,0.00,0.00,0.00,0.00,0.00,2021-11-30,2021-12-06,2
20211123,34021,Mercer County,NJ,100.00,0.00,0.00,0.00,0.00,0.00,2021-11-23,2021-11-29,2
20211116,34021,Mercer County,NJ,100.00,0.00,0.00,0.00,0.00,0.00,2021-11-16,2021-11-22,2
20211109,34021,Mercer County,NJ,100.00,0.00,0.00,0.00,0.00,0.00,2021-11-09,2021-11-15,2
20211102,34021,Mercer County,NJ,100.00,0.00,0.00,0.00,0.00,0.00,2021-11-02,2021-11-08,2
20211026,34021,Mercer County,NJ,100.00,0.00,0.00,0.00,0.00,0.00,2021-10-26,2021-11-01,2
20211019,34021,Mercer County,NJ,100.00,0.00,0.00,0.00,0.00,0.00,2021-10-19,2021-10-25,2
20211012,34021,Mercer County,NJ,100.00,0.00,0.00,0.00,0.00,0.00,2021-10-12,2021-10-18,2
20211005,34021,Mercer County,NJ,100.00,0.00,0.00,0.00,0.00,0.00,2021-10-05,2021-10-11,2
20210928,34021,Mercer County,NJ,100.00,0.00,0.00,0.00,0.00,0.00,2021-09-28,2021-10-04,2
20210921,34021,Mercer County,NJ,100.00,0.00,0.00,0.00,0.00,0.00,2021-09-21,2021-09-27,2
20210914,34021,Mercer County,NJ,100.00,0.00,0.00,0.00,0.00,0.00,2021-09-14,2021-09-20,2
20210907,34021,Mercer County,NJ,100.00,0.00,0.00,0.00,0.00,0.00,2021-09-07,2021-09-13,2
20210831,34021,Mercer County,NJ,100.00,0.00,0.00,0.00,0.00,0.00,2021-08-31,2021-09-06,2
20210824,34021,Mercer County,NJ,100.00,0.00,0.00,0.00,0.00,0.00,2021-08-24,2021-08-30,2
20210817,34021,Mercer County,NJ,100.00,0.00,0.00,0.00,0.00,0.00,2021-08-17,2021-08-23,2
20210810,34021,Mercer County,NJ,100.00,0.00,0.00,0.00,0.00,0.00,2021-08-10,2021-08-16,2
20210803,34021,Mercer County,NJ,100.00,0.00,0.00,0.00,0.00,0.00,2021-08-03,2021-08-09,2
20210727,34021,Mercer County,NJ,100.00,0.00,0.00,0.00,0.00,0.00,2021-07-27,2021-08-02,2
20210720,34021,Mercer County,NJ,100.00,0.00,0.00,0.00,0.00,0.00,2021-07-20,2021-07-26,2
20210713,34021,Mercer County,NJ,100.00,0.00,0.00,0.00,0.00,0.00,2021-07-13,2021-07-19,2
20210706,34021,Mercer County,NJ,100.00,0.00,0.00,0.00,0.00,0.00,2021-07-06,2021-07-12,2
20210629,34021,Mercer County,NJ,100.00,0.00,0.00,0.00,0.00,0.00,2021-06-29,2021-07-05,2
20210622,34021,Mercer County,NJ,100.00,0.00,0.00,0.00,0.00,0.00,2021-06-22,2021-06-28,2
20210615,34021,Mercer County,NJ,100.00,0.00,0.00,0.00,0.00,0.00,2021-06-15,2021-06-21,2
20210608,34021,Mercer County,NJ,0.92,99.08,0.00,0.00,0.00,0.00,2021-06-08,2021-06-14,2
20210601,34021,Mercer County,NJ,100.00,0.00,0.00,0.00,0.00,0.00,2021-06-01,2021-06-07,2
20210525,34021,Mercer County,NJ,0.00,100.00,0.00,0.00,0.00,0.00,2021-05-25,2021-05-31,2
20210518,34021,Mercer County,NJ,100.00,0.00,0.00,0.00,0.00,0.00,2021-05-18,2021-05-24,2
20210511,34021,Mercer County,NJ,100.00,0.00,0.00,0.00,0.00,0.00,2021-05-11,2021-05-17,2
20210504,34021,Mercer County,NJ,100.00,0.00,0.00,0.00,0.00,0.00,2021-05-04,2021-05-10,2
20210427,34021,Mercer County,NJ,100.00,0.00,0.00,0.00,0.00,0.00,2021-04-27,2021-05-03,2
20210420,34021,Mercer County,NJ,100.00,0.00,0.00,0.00,0.00,0.00,2021-04-20,2021-04-26,2
20210413,34021,Mercer County,NJ,100.00,0.00,0.00,0.00,0.00,0.00,2021-04-13,2021-04-19,2
20210406,34021,Mercer County,NJ,100.00,0.00,0.00,0.00,0.00,0.00,2021-04-06,2021-04-12,2
20210330,34021,Mercer County,NJ,100.00,0.00,0.00,0.00,0.00,0.00,2021-03-30,2021-04-05,2
20210323,34021,Mercer County,NJ,100.00,0.00,0.00,0.00,0.00,0.00,2021-03-23,2021-03-29,2
20210316,34021,Mercer County,NJ,100.00,0.00,0.00,0.00,0.00,0.00,2021-03-16,2021-03-22,2
20210309,34021,Mercer County,NJ,100.00,0.00,0.00,0.00,0.00,0.00,2021-03-09,2021-03-15,2
20210302,34021,Mercer County,NJ,100.00,0.00,0.00,0.00,0.00,0.00,2021-03-02,2021-03-08,2
20210223,34021,Mercer County,NJ,100.00,0.00,0.00,0.00,0.00,0.00,2021-02-23,2021-03-01,2
20210216,34021,Mercer County,NJ,100.00,0.00,0.00,0.00,0.00,0.00,2021-02-16,2021-02-22,2
20210209,34021,Mercer County,NJ,100.00,0.00,0.00,0.00,0.00,0.00,2021-02-09,2021-02-15,2
20210202,34021,Mercer County,NJ,100.00,0.00,0.00,0.00,0.00,0.00,2021-02-02,2021-02-08,2
20210126,34021,Mercer County,NJ,100.00,0.00,0.00,0.00,0.00,0.00,2021-01-26,2021-02-01,2
20210119,34021,Mercer County,NJ,100.00,0.00,0.00,0.00,0.00,0.00,2021-01-19,2021-01-25,2
20210112,34021,Mercer County,NJ,100.00,0.00,0.00,0.00,0.00,0.00,2021-01-12,2021-01-18,2
20210105,34021,Mercer County,NJ,100.00,0.00,0.00,0.00,0.00,0.00,2021-01-05,2021-01-11,2
20201229,34021,Mercer County,NJ,100.00,0.00,0.00,0.00,0.00,0.00,2020-12-29,2021-01-04,2
20201222,34021,Mercer County,NJ,100.00,0.00,0.00,0.00,0.00,0.00,2020-12-22,2020-12-28,2
20201215,34021,Mercer County,NJ,100.00,0.00,0.00,0.00,0.00,0.00,2020-12-15,2020-12-21,2
20201208,34021,Mercer County,NJ,100.00,0.00,0.00,0.00,0.00,0.00,2020-12-08,2020-12-14,2
20201201,34021,Mercer County,NJ,100.00,0.00,0.00,0.00,0.00,0.00,2020-12-01,2020-12-07,2
20201124,34021,Mercer County,NJ,100.00,0.00,0.00,0.00,0.00,0.00,2020-11-24,2020-11-30,2
20251118,34023,Middlesex County,NJ,0.00,44.31,55.69,0.00,0.00,0.00,2025-11-18,2025-11-24,2
20251111,34023,Middlesex County,NJ,0.00,44.31,55.69,0.00,0.00,0.00,2025-11-11,2025-11-17,2
20251104,34023,Middlesex County,NJ,0.00,44.31,55.69,0.00,0.00,0.00,2025-11-04,2025-11-10,2
20251028,34023,Middlesex County,NJ,0.00,15.23,84.77,0.00,0.00,0.00,2025-10-28,2025-11-03,2
20251021,34023,Middlesex County,NJ,0.00,15.17,84.83,0.00,0.00,0.00,2025-10-21,2025-10-27,2
20251014,34023,Middlesex County,NJ,0.00,38.67,61.33,0.00,0.00,0.00,2025-10-14,2025-10-20,2
20251007,34023,Middlesex County,NJ,0.00,39.51,60.49,0.00,0.00,0.00,2025-10-07,2025-10-13,2
20250930,34023,Middlesex County,NJ,11.78,75.33,12.89,0.00,0.00,0.00,2025-09-30,2025-10-06,2
20250923,34023,Middlesex County,NJ,11.78,75.33,12.89,0.00,0.00,0.00,2025-09-23,2025-09-29,2
20250916,34023,Middlesex County,NJ,11.78,75.33,12.89,0.00,0.00,0.00,2025-09-16,2025-09-22,2
20250909,34023,Middlesex County,NJ,16.86,70.25,12.89,0.00,0.00,0.00,2025-09-09,2025-09-15,2
20250902,34023,Middlesex County,NJ,15.75,79.49,4.76,0.00,0.00,0.00,2025-09-02,2025-09-08,2
20250826,34023,Middlesex County,NJ,36.84,63.16,0.00,0.00,0.00,0.00,2025-08-26,2025-09-01,2
20250819,34023,Middlesex County,NJ,59.92,40.08,0.00,0.00,0.00,0.00,2025-08-19,2025-08-25,2
20250812,34023,Middlesex County,NJ,99.29,0.71,0.00,0.00,0.00,0.00,2025-08-12,2025-08-18,2
20250805,34023,Middlesex County,NJ,100.00,0.00,0.00,0.00,0.00,0.00,2025-08-05,2025-08-11,2
20250729,34023,Middlesex County,NJ,100.00,0.00,0.00,0.00,0.00,0.00,2025-07-29,2025-08-04,2
20250722,34023,Middlesex County,NJ,100.00,0.00,0.00,0.00,0.00,0.00,2025-07-22,2025-07-28,2
20250715,34023,Middlesex County,NJ,100.00,0.00,0.00,0.00,0.00,0.00,2025-07-15,2025-07-21,2
20250708,34023,Middlesex County,NJ,100.00,0.00,0.00,0.00,0.00,0.00,2025-07-08,2025-07-14,2
20250701,34023,Middlesex County,NJ,100.00,0.00,0.00,0.00,0.00,0.00,2025-07-01,2025-07-07,2
20250624,34023,Middlesex County,NJ,100.00,0.00,0.00,0.00,0.00,0.00,2025-06-24,2025-06-30,2
20250617,34023,Middlesex County,NJ,100.00,0.00,0.00,0.00,0.00,0.00,2025-06-17,2025-06-23,2
20250610,34023,Middlesex County,NJ,100.00,0.00,0.00,0.00,0.00,0.00,2025-06-10,2025-06-16,2
20250603,34023,Middlesex County,NJ,100.00,0.00,0.00,0.00,0.00,0.00,2025-06-03,2025-06-09,2
20250527,34023,Middlesex County,NJ,100.00,0.00,0.00,0.00,0.00,0.00,2025-05-27,2025-06-02,2
20250520,34023,Middlesex County,NJ,100.00,0.00,0.00,0.00,0.00,0.00,2025-05-20,2025-05-26,2
20250513,34023,Middlesex County,NJ,94.37,5.63,0.00,0.00,0.00,0.00,2025-05-13,2025-05-19,2
20250506,34023,Middlesex County,NJ,74.71,25.29,0.00,0.00,0.00,0.00,2025-05-06,2025-05-12,2
20250429,34023,Middlesex County,NJ,74.71,25.29,0.00,0.00,0.00,0.00,2025-04-29,2025-05-05,2
20250422,34023,Middlesex County,NJ,74.71,25.29,0.00,0.00,0.00,0.00,2025-04-22,2025-04-28,2
20250415,34023,Middlesex County,NJ,74.71,25.29,0.00,0.00,0.00,0.00,2025-04-15,2025-04-21,2
20250408,34023,Middlesex County,NJ,0.00,100.00,0.00,0.00,0.00,0.00,2025-04-08,2025-04-14,2
20250401,34023,Middlesex County,NJ,0.00,83.58,16.42,0.00,0.00,0.00,2025-04-01,2025-04-07,2
20250325,34023,Middlesex County,NJ,0.00,28.57,71.43,0.00,0.00,0.00,2025-03-25,2025-03-31,2
20250318,34023,Middlesex County,NJ,0.00,9.57,90.43,0.00,0.00,0.00,2025-03-18,2025-03-24,2
20250311,34023,Middlesex County,NJ,0.00,0.00,100.00,0.00,0.00,0.00,2025-03-11,2025-03-17,2
20250304,34023,Middlesex County,NJ,0.00,0.00,100.00,0.00,0.00,0.00,2025-03-04,2025-03-10,2
20250225,34023,Middlesex County,NJ,0.00,0.00,100.00,0.00,0.00,0.00,2025-02-25,2025-03-03,2
20250218,34023,Middlesex County,NJ,0.00,0.00,100.00,0.00,0.00,0.00,2025-02-18,2025-02-24,2
20250211,34023,Middlesex County,NJ,0.00,0.00,7.40,92.60,0.00,0.00,2025-02-11,2025-02-17,2
20250204,34023,Middlesex County,NJ,0.00,0.00,7.40,92.60,0.00,0.00,2025-02-04,2025-02-10,2
20250128,34023,Middlesex County,NJ,0.00,0.00,23.58,76.42,0.00,0.00,2025-01-28,2025-02-03,2
20250121,34023,Middlesex County,NJ,0.00,0.00,100.00,0.00,0.00,0.00,2025-01-21,2025-01-27,2
20250114,34023,Middlesex County,NJ,0.00,0.00,100.00,0.00,0.00,0.00,2025-01-14,2025-01-20,2
20250107,34023,Middlesex County,NJ,0.00,0.00,100.00,0.00,0.00,0.00,2025-01-07,2025-01-13,2
20241231,34023,Middlesex County,NJ,0.00,0.00,100.00,0.00,0.00,0.00,2024-12-31,2025-01-06,2
20241224,34023,Middlesex County,NJ,0.00,0.00,32.00,68.00,0.00,0.00,2024-12-24,2024-12-30,2
20241217,34023,Middlesex County,NJ,0.00,0.00,1.35,98.65,0.00,0.00,2024-12-17,2024-12-23,2
20241210,34023,Middlesex County,NJ,0.00,0.00,0.00,100.00,0.00,0.00,2024-12-10,2024-12-16,2
20241203,34023,Middlesex County,NJ,0.00,0.00,0.00,100.00,0.00,0.00,2024-12-03,2024-12-09,2
20241126,34023,Middlesex County,NJ,0.00,0.00,0.00,100.00,0.00,0.00,2024-11-26,2024-12-02,2
20241119,34023,Middlesex County,NJ,0.00,0.00,0.00,100.00,0.00,0.00,2024-11-19,2024-11-25,2
20241112,34023,Middlesex County,NJ,0.00,0.00,0.00,100.00,0.00,0.00,2024-11-12,2024-11-18,2
20241105,34023,Middlesex County,NJ,0.00,0.00,11.07,88.93,0.00,0.00,2024-11-05,2024-11-11,2
20241029,34023,Middlesex County,NJ,0.00,0.00,100.00,0.00,0.00,0.00,2024-10-29,2024-11-04,2
20241022,34023,Middlesex County,NJ,0.00,98.24,1.76,0.00,0.00,0.00,2024-10-22,2024-10-28,2
20241015,34023,Middlesex County,NJ,0.00,98.24,1.76,0.00,0.00,0.00,2024-10-15,2024-10-21,2
20241008,34023,Middlesex County,NJ,0.00,100.00,0.00,0.00,0.00,0.00,2024-10-08,2024-10-14,2
20241001,34023,Middlesex County,NJ,0.00,100.00,0.00,0.00,0.00,0.00,2024-10-01,2024-10-07,2
20240924,34023,Middlesex County,NJ,0.00,100.00,0.00,0.00,0.00,0.00,2024-09-24,2024-09-30,2
20240917,34023,Middlesex County,NJ,100.00,0.00,0.00,0.00,0.00,0.00,2024-09-17,2024-09-23,2
20240910,34023,Middlesex County,NJ,100.00,0.00,0.00,0.00,0.00,0.00,2024-09-10,2024-09-16,2
20240903,34023,Middlesex County,NJ,100.00,0.00,0.00,0.00,0.00,0.00,2024-09-03,2024-09-09,2
20240827,34023,Middlesex County,NJ,100.00,0.00,0.00,0.00,0.00,0.00,2024-08-27,2024-09-02,2
20240820,34023,Middlesex County,NJ,100.00,0.00,0.00,0.00,0.00,0.00,2024-08-20,2024-08-26,2
20240813,34023,Middlesex County,NJ,95.83,4.17,0.00,0.00,0.00,0.00,2024-08-13,2024-08-19,2
20240806,34023,Middlesex County,NJ,68.76,27.07,4.17,0.00,0.00,0.00,2024-08-06,2024-08-12,2
20240730,34023,Middlesex County,NJ,69.27,26.56,4.17,0.00,0.00,0.00,2024-07-30,2024-08-05,2
20240723,34023,Middlesex County,NJ,70.03,25.80,4.17,0.00,0.00,0.00,2024-07-23,2024-07-29,2
20240716,34023,Middlesex County,NJ,33.07,50.48,16.45,0.00,0.00,0.00,2024-07-16,2024-07-22,2
20240709,34023,Middlesex County,NJ,33.07,65.11,1.82,0.00,0.00,0.00,2024-07-09,2024-07-15,2
20240702,34023,Middlesex County,NJ,33.08,66.92,0.00,0.00,0.00,0.00,2024-07-02,2024-07-08,2
20240625,34023,Middlesex County,NJ,0.00,100.00,0.00,0.00,0.00,0.00,2024-06-25,2024-07-01,2
20240618,34023,Middlesex County,NJ,100.00,0.00,0.00,0.00,0.00,0.00,2024-06-18,2024-06-24,2
20240611,34023,Middlesex County,NJ,100.00,0.00,0.00,0.00,0.00,0.00,2024-06-11,2024-06-17,2
20240604,34023,Middlesex County,NJ,100.00,0.00,0.00,0.00,0.00,0.00,2024-06-04,2024-06-10,2
20240528,34023,Middlesex County,NJ,100.00,0.00,0.00,0.00,0.00,0.00,2024-05-28,2024-06-03,2
20240521,34023,Middlesex County,NJ,100.00,0.00,0.00,0.00,0.00,0.00,2024-05-21,2024-05-27,2
20240514,34023,Middlesex County,NJ,100.00,0.00,0.00,0.00,0.00,0.00,2024-05-14,2024-05-20,2
20240507,34023,Middlesex County,NJ,100.00,0.00,0.00,0.00,0.00,0.00,2024-05-07,2024-05-13,2
20240430,34023,Middlesex County,NJ,100.00,0.00,0.00,0.00,0.00,0.00,2024-04-30,2024-05-06,2
20240423,34023,Middlesex County,NJ,100.00,0.00,0.00,0.00,0.00,0.00,2024-04-23,2024-04-29,2
20240416,34023,Middlesex County,NJ,100.00,0.00,0.00,0.00,0.00,0.00,2024-04-16,2024-04-22,2
20240409,34023,Middlesex County,NJ,100.00,0.00,0.00,0.00,0.00,0.00,2024-04-09,2024-04-15,2
20240402,34023,Middlesex County,NJ,100.00,0.00,0.00,0.00,0.00,0.00,2024-04-02,2024-04-08,2
20240326,34023,Middlesex County,NJ,100.00,0.00,0.00,0.00,0.00,0.00,2024-03-26,2024-04-01,2
20240319,34023,Middlesex County,NJ,100.00,0.00,0.00,0.00,0.00,0.00,2024-03-19,2024-03-25,2
20240312,34023,Middlesex County,NJ,100.00,0.00,0.00,0.00,0.00,0.00,2024-03-12,2024-03-18,2
20240305,34023,Middlesex County,NJ,100.00,0.00,0.00,0.00,0.00,0.00,2024-03-05,2024-03-11,2
20240227,34023,Middlesex County,NJ,100.00,0.00,0.00,0.00,0.00,0.00,2024-02-27,2024-03-04,2
20240220,34023,Middlesex County,NJ,100.00,0.00,0.00,0.00,0.00,0.00,2024-02-20,2024-02-26,2
20240213,34023,Middlesex County,NJ,100.00,0.00,0.00,0.00,0.00,0.00,2024-02-13,2024-02-19,2
20240206,34023,Middlesex County,NJ,100.00,0.00,0.00,0.00,0.00,0.00,2024-02-06,2024-02-12,2
20240130,34023,Middlesex County,NJ,100.00,0.00,0.00,0.00,0.00,0.00,2024-01-30,2024-02-05,2
20240123,34023,Middlesex County,NJ,100.00,0.00,0.00,0.00,0.00,0.00,2024-01-23,2024-01-29,2
20240116,34023,Middlesex County,NJ,100.00,0.00,0.00,0.00,0.00,0.00,2024-01-16,2024-01-22,2
20240109,34023,Middlesex County,NJ,100.00,0.00,0.00,0.00,0.00,0.00,2024-01-09,2024-01-15,2
20240102,34023,Middlesex County,NJ,100.00,0.00,0.00,0.00,0.00,0.00,2024-01-02,2024-01-08,2
20231226,34023,Middlesex County,NJ,100.00,0.00,0.00,0.00,0.00,0.00,2023-12-26,2024-01-01,2
20231219,34023,Middlesex County,NJ,100.00,0.00,0.00,0.00,0.00,0.00,2023-12-19,2023-12-25,2
20231212,34023,Middlesex County,NJ,100.00,0.00,0.00,0.00,0.00,0.00,2023-12-12,2023-12-18,2
20231205,34023,Middlesex County,NJ,100.00,0.00,0.00,0.00,0.00,0.00,2023-12-05,2023-12-11,2
20231128,34023,Middlesex County,NJ,100.00,0.00,0.00,0.00,0.00,0.00,2023-11-28,2023-12-04,2
20231121,34023,Middlesex County,NJ,100.00,0.00,0.00,0.00,0.00,0.00,2023-11-21,2023-11-27,2
20231114,34023,Middlesex County,NJ,100.00,0.00,0.00,0.00,0.00,0.00,2023-11-14,2023-11-20,2
20231107,34023,Middlesex County,NJ,100.00,0.00,0.00,0.00,0.00,0.00,2023-11-07,2023-11-13,2
20231031,34023,Middlesex County,NJ,100.00,0.00,0.00,0.00,0.00,0.00,2023-10-31,2023-11-06,2
20231024,34023,Middlesex County,NJ,100.00,0.00,0.00,0.00,0.00,0.00,2023-10-24,2023-10-30,2
20231017,34023,Middlesex County,NJ,100.00,0.00,0.00,0.00,0.00,0.00,2023-10-17,2023-10-23,2
20231010,34023,Middlesex County,NJ,100.00,0.00,0.00,0.00,0.00,0.00,2023-10-10,2023-10-16,2
20231003,34023,Middlesex County,NJ,100.00,0.00,0.00,0.00,0.00,0.00,2023-10-03,2023-10-09,2
20230926,34023,Middlesex County,NJ,100.00,0.00,0.00,0.00,0.00,0.00,2023-09-26,2023-10-02,2
20230919,34023,Middlesex County,NJ,100.00,0.00,0.00,0.00,0.00,0.00,2023-09-19,2023-09-25,2
20230912,34023,Middlesex County,NJ,100.00,0.00,0.00,0.00,0.00,0.00,2023-09-12,2023-09-18,2
20230905,34023,Middlesex County,NJ,99.80,0.20,0.00,0.00,0.00,0.00,2023-09-05,2023-09-11,2
20230829,34023,Middlesex County,NJ,100.00,0.00,0.00,0.00,0.00,0.00,2023-08-29,2023-09-04,2
20230822,34023,Middlesex County,NJ,100.00,0.00,0.00,0.00,0.00,0.00,2023-08-22,2023-08-28,2
20230815,34023,Middlesex County,NJ,100.00,0.00,0.00,0.00,0.00,0.00,2023-08-15,2023-08-21,2
20230808,34023,Middlesex County,NJ,100.00,0.00,0.00,0.00,0.00,0.00,2023-08-08,2023-08-14,2
20230801,34023,Middlesex County,NJ,100.00,0.00,0.00,0.00,0.00,0.00,2023-08-01,2023-08-07,2
20230725,34023,Middlesex County,NJ,94.69,5.31,0.00,0.00,0.00,0.00,2023-07-25,2023-07-31,2
20230718,34023,Middlesex County,NJ,83.75,16.25,0.00,0.00,0.00,0.00,2023-07-18,2023-07-24,2
20230711,34023,Middlesex County,NJ,83.75,16.25,0.00,0.00,0.00,0.00,2023-07-11,2023-07-17,2
20230704,34023,Middlesex County,NJ,0.00,100.00,0.00,0.00,0.00,0.00,2023-07-04,2023-07-10,2
20230627,34023,Middlesex County,NJ,0.00,100.00,0.00,0.00,0.00,0.00,2023-06-27,2023-07-03,2
20230620,34023,Middlesex County,NJ,0.00,100.00,0.00,0.00,0.00,0.00,2023-06-20,2023-06-26,2
20230613,34023,Middlesex County,NJ,0.00,100.00,0.00,0.00,0.00,0.00,2023-06-13,2023-06-19,2
20230606,34023,Middlesex County,NJ,95.49,4.51,0.00,0.00,0.00,0.00,2023-06-06,2023-06-12,2
20230530,34023,Middlesex County,NJ,100.00,0.00,0.00,0.00,0.00,0.00,2023-05-30,2023-06-05,2
20230523,34023,Middlesex County,NJ,100.00,0.00,0.00,0.00,0.00,0.00,2023-05-23,2023-05-29,2
20230516,34023,Middlesex County,NJ,100.00,0.00,0.00,0.00,0.00,0.00,2023-05-16,2023-05-22,2
20230509,34023,Middlesex County,NJ,100.00,0.00,0.00,0.00,0.00,0.00,2023-05-09,2023-05-15,2
20230502,34023,Middlesex County,NJ,100.00,0.00,0.00,0.00,0.00,0.00,2023-05-02,2023-05-08,2
20230425,34023,Middlesex County,NJ,55.37,44.63,0.00,0.00,0.00,0.00,2023-04-25,2023-05-01,2
20230418,34023,Middlesex County,NJ,55.37,44.63,0.00,0.00,0.00,0.00,2023-04-18,2023-04-24,2
20230411,34023,Middlesex County,NJ,100.00,0.00,0.00,0.00,0.00,0.00,2023-04-11,2023-04-17,2
20230404,34023,Middlesex County,NJ,100.00,0.00,0.00,0.00,0.00,0.00,2023-04-04,2023-04-10,2
20230328,34023,Middlesex County,NJ,100.00,0.00,0.00,0.00,0.00,0.00,2023-03-28,2023-04-03,2
20230321,34023,Middlesex County,NJ,100.00,0.00,0.00,0.00,0.00,0.00,2023-03-21,2023-03-27,2
20230314,34023,Middlesex County,NJ,100.00,0.00,0.00,0.00,0.00,0.00,2023-03-14,2023-03-20,2
20230307,34023,Middlesex County,NJ,100.00,0.00,0.00,0.00,0.00,0.00,2023-03-07,2023-03-13,2
20230228,34023,Middlesex County,NJ,100.00,0.00,0.00,0.00,0.00,0.00,2023-02-28,2023-03-06,2
20230221,34023,Middlesex County,NJ,100.00,0.00,0.00,0.00,0.00,0.00,2023-02-21,2023-02-27,2
20230214,34023,Middlesex County,NJ,100.00,0.00,0.00,0.00,0.00,0.00,2023-02-14,2023-02-20,2
20230207,34023,Middlesex County,NJ,100.00,0.00,0.00,0.00,0.00,0.00,2023-02-07,2023-02-13,2
20230131,34023,Middlesex County,NJ,100.00,0.00,0.00,0.00,0.00,0.00,2023-01-31,2023-02-06,2
20230124,34023,Middlesex County,NJ,100.00,0.00,0.00,0.00,0.00,0.00,2023-01-24,2023-01-30,2
20230117,34023,Middlesex County,NJ,100.00,0.00,0.00,0.00,0.00,0.00,2023-01-17,2023-01-23,2
20230110,34023,Middlesex County,NJ,100.00,0.00,0.00,0.00,0.00,0.00,2023-01-10,2023-01-16,2
20230103,34023,Middlesex County,NJ,100.00,0.00,0.00,0.00,0.00,0.00,2023-01-03,2023-01-09,2
20221227,34023,Middlesex County,NJ,100.00,0.00,0.00,0.00,0.00,0.00,2022-12-27,2023-01-02,2
20221220,34023,Middlesex County,NJ,100.00,0.00,0.00,0.00,0.00,0.00,2022-12-20,2022-12-26,2
20221213,34023,Middlesex County,NJ,100.00,0.00,0.00,0.00,0.00,0.00,2022-12-13,2022-12-19,2
20221206,34023,Middlesex County,NJ,100.00,0.00,0.00,0.00,0.00,0.00,2022-12-06,2022-12-12,2
20221129,34023,Middlesex County,NJ,100.00,0.00,0.00,0.00,0.00,0.00,2022-11-29,2022-12-05,2
20221122,34023,Middlesex County,NJ,100.00,0.00,0.00,0.00,0.00,0.00,2022-11-22,2022-11-28,2
20221115,34023,Middlesex County,NJ,73.14,26.86,0.00,0.00,0.00,0.00,2022-11-15,2022-11-21,2
20221108,34023,Middlesex County,NJ,73.14,26.86,0.00,0.00,0.00,0.00,2022-11-08,2022-11-14,2
20221101,34023,Middlesex County,NJ,73.14,26.86,0.00,0.00,0.00,0.00,2022-11-01,2022-11-07,2
20221025,34023,Middlesex County,NJ,73.14,26.86,0.00,0.00,0.00,0.00,2022-10-25,2022-10-31,2
20221018,34023,Middlesex County,NJ,15.73,57.41,26.86,0.00,0.00,0.00,2022-10-18,2022-10-24,2
20221011,34023,Middlesex County,NJ,0.00,73.14,26.86,0.00,0.00,0.00,2022-10-11,2022-10-17,2
20221004,34023,Middlesex County,NJ,0.00,9.99,35.01,55.00,0.00,0.00,2022-10-04,2022-10-10,2
20220927,34023,Middlesex County,NJ,0.00,9.99,20.38,69.62,0.00,0.00,2022-09-27,2022-10-03,2
20220920,34023,Middlesex County,NJ,0.00,0.00,30.38,69.62,0.00,0.00,2022-09-20,2022-09-26,2
20220913,34023,Middlesex County,NJ,0.00,0.00,29.45,70.55,0.00,0.00,2022-09-13,2022-09-19,2
20220906,34023,Middlesex County,NJ,0.00,0.00,0.00,100.00,0.00,0.00,2022-09-06,2022-09-12,2
20220830,34023,Middlesex County,NJ,0.00,0.00,0.00,100.00,0.00,0.00,2022-08-30,2022-09-05,2
20220823,34023,Middlesex County,NJ,0.00,0.00,29.50,70.50,0.00,0.00,2022-08-23,2022-08-29,2
20220816,34023,Middlesex County,NJ,0.00,0.00,57.27,42.73,0.00,0.00,2022-08-16,2022-08-22,2
20220809,34023,Middlesex County,NJ,0.00,0.00,100.00,0.00,0.00,0.00,2022-08-09,2022-08-15,2
20220802,34023,Middlesex County,NJ,0.00,0.00,100.00,0.00,0.00,0.00,2022-08-02,2022-08-08,2
20220726,34023,Middlesex County,NJ,0.00,36.71,63.29,0.00,0.00,0.00,2022-07-26,2022-08-01,2
20220719,34023,Middlesex County,NJ,10.17,89.83,0.00,0.00,0.00,0.00,2022-07-19,2022-07-25,2
20220712,34023,Middlesex County,NJ,88.20,11.80,0.00,0.00,0.00,0.00,2022-07-12,2022-07-18,2
20220705,34023,Middlesex County,NJ,88.78,11.22,0.00,0.00,0.00,0.00,2022-07-05,2022-07-11,2
20220628,34023,Middlesex County,NJ,100.00,0.00,0.00,0.00,0.00,0.00,2022-06-28,2022-07-04,2
20220621,34023,Middlesex County,NJ,100.00,0.00,0.00,0.00,0.00,0.00,2022-06-21,2022-06-27,2
20220614,34023,Middlesex County,NJ,100.00,0.00,0.00,0.00,0.00,0.00,2022-06-14,2022-06-20,2
20220607,34023,Middlesex County,NJ,100.00,0.00,0.00,0.00,0.00,0.00,2022-06-07,2022-06-13,2
20220531,34023,Middlesex County,NJ,100.00,0.00,0.00,0.00,0.00,0.00,2022-05-31,2022-06-06,2
20220524,34023,Middlesex County,NJ,100.00,0.00,0.00,0.00,0.00,0.00,2022-05-24,2022-05-30,2
20220517,34023,Middlesex County,NJ,100.00,0.00,0.00,0.00,0.00,0.00,2022-05-17,2022-05-23,2
20220510,34023,Middlesex County,NJ,100.00,0.00,0.00,0.00,0.00,0.00,2022-05-10,2022-05-16,2
20220503,34023,Middlesex County,NJ,100.00,0.00,0.00,0.00,0.00,0.00,2022-05-03,2022-05-09,2
20220426,34023,Middlesex County,NJ,100.00,0.00,0.00,0.00,0.00,0.00,2022-04-26,2022-05-02,2
20220419,34023,Middlesex County,NJ,100.00,0.00,0.00,0.00,0.00,0.00,2022-04-19,2022-04-25,2
20220412,34023,Middlesex County,NJ,100.00,0.00,0.00,0.00,0.00,0.00,2022-04-12,2022-04-18,2
20220405,34023,Middlesex County,NJ,0.00,100.00,0.00,0.00,0.00,0.00,2022-04-05,2022-04-11,2
20220329,34023,Middlesex County,NJ,0.00,100.00,0.00,0.00,0.00,0.00,2022-03-29,2022-04-04,2
20220322,34023,Middlesex County,NJ,0.00,100.00,0.00,0.00,0.00,0.00,2022-03-22,2022-03-28,2
20220315,34023,Middlesex County,NJ,100.00,0.00,0.00,0.00,0.00,0.00,2022-03-15,2022-03-21,2
20220308,34023,Middlesex County,NJ,100.00,0.00,0.00,0.00,0.00,0.00,2022-03-08,2022-03-14,2
20220301,34023,Middlesex County,NJ,100.00,0.00,0.00,0.00,0.00,0.00,2022-03-01,2022-03-07,2
20220222,34023,Middlesex County,NJ,100.00,0.00,0.00,0.00,0.00,0.00,2022-02-22,2022-02-28,2
20220215,34023,Middlesex County,NJ,100.00,0.00,0.00,0.00,0.00,0.00,2022-02-15,2022-02-21,2
20220208,34023,Middlesex County,NJ,100.00,0.00,0.00,0.00,0.00,0.00,2022-02-08,2022-02-14,2
20220201,34023,Middlesex County,NJ,100.00,0.00,0.00,0.00,0.00,0.00,2022-02-01,2022-02-07,2
20220125,34023,Middlesex County,NJ,100.00,0.00,0.00,0.00,0.00,0.00,2022-01-25,2022-01-31,2
20220118,34023,Middlesex County,NJ,100.00,0.00,0.00,0.00,0.00,0.00,2022-01-18,2022-01-24,2
20220111,34023,Middlesex County,NJ,100.00,0.00,0.00,0.00,0.00,0.00,2022-01-11,2022-01-17,2
20220104,34023,Middlesex County,NJ,100.00,0.00,0.00,0.00,0.00,0.00,2022-01-04,2022-01-10,2
20211228,34023,Middlesex County,NJ,100.00,0.00,0.00,0.00,0.00,0.00,2021-12-28,2022-01-03,2
20211221,34023,Middlesex County,NJ,100.00,0.00,0.00,0.00,0.00,0.00,2021-12-21,2021-12-27,2
20211214,34023,Middlesex County,NJ,100.00,0.00,0.00,0.00,0.00,0.00,2021-12-14,2021-12-20,2
20211207,34023,Middlesex County,NJ,100.00,0.00,0.00,0.00,0.00,0.00,2021-12-07,2021-12-13,2
20211130,34023,Middlesex County,NJ,100.00,0.00,0.00,0.00,0.00,0.00,2021-11-30,2021-12-06,2
20211123,34023,Middlesex County,NJ,100.00,0.00,0.00,0.00,0.00,0.00,2021-11-23,2021-11-29,2
20211116,34023,Middlesex County,NJ,100.00,0.00,0.00,0.00,0.00,0.00,2021-11-16,2021-11-22,2
20211109,34023,Middlesex County,NJ,100.00,0.00,0.00,0.00,0.00,0.00,2021-11-09,2021-11-15,2
20211102,34023,Middlesex County,NJ,100.00,0.00,0.00,0.00,0.00,0.00,2021-11-02,2021-11-08,2
20211026,34023,Middlesex County,NJ,100.00,0.00,0.00,0.00,0.00,0.00,2021-10-26,2021-11-01,2
20211019,34023,Middlesex County,NJ,100.00,0.00,0.00,0.00,0.00,0.00,2021-10-19,2021-10-25,2
20211012,34023,Middlesex County,NJ,100.00,0.00,0.00,0.00,0.00,0.00,2021-10-12,2021-10-18,2
20211005,34023,Middlesex County,NJ,100.00,0.00,0.00,0.00,0.00,0.00,2021-10-05,2021-10-11,2
20210928,34023,Middlesex County,NJ,100.00,0.00,0.00,0.00,0.00,0.00,2021-09-28,2021-10-04,2
20210921,34023,Middlesex County,NJ,100.00,0.00,0.00,0.00,0.00,0.00,2021-09-21,2021-09-27,2
20210914,34023,Middlesex County,NJ,100.00,0.00,0.00,0.00,0.00,0.00,2021-09-14,2021-09-20,2
20210907,34023,Middlesex County,NJ,100.00,0.00,0.00,0.00,0.00,0.00,2021-09-07,2021-09-13,2
20210831,34023,Middlesex County,NJ,100.00,0.00,0.00,0.00,0.00,0.00,2021-08-31,2021-09-06,2
20210824,34023,Middlesex County,NJ,100.00,0.00,0.00,0.00,0.00,0.00,2021-08-24,2021-08-30,2
20210817,34023,Middlesex County,NJ,100.00,0.00,0.00,0.00,0.00,0.00,2021-08-17,2021-08-23,2
20210810,34023,Middlesex County,NJ,100.00,0.00,0.00,0.00,0.00,0.00,2021-08-10,2021-08-16,2
20210803,34023,Middlesex County,NJ,100.00,0.00,0.00,0.00,0.00,0.00,2021-08-03,2021-08-09,2
20210727,34023,Middlesex County,NJ,100.00,0.00,0.00,0.00,0.00,0.00,2021-07-27,2021-08-02,2
20210720,34023,Middlesex County,NJ,100.00,0.00,0.00,0.00,0.00,0.00,2021-07-20,2021-07-26,2
20210713,34023,Middlesex County,NJ,100.00,0.00,0.00,0.00,0.00,0.00,2021-07-13,2021-07-19,2
20210706,34023,Middlesex County,NJ,100.00,0.00,0.00,0.00,0.00,0.00,2021-07-06,2021-07-12,2
20210629,34023,Middlesex County,NJ,100.00,0.00,0.00,0.00,0.00,0.00,2021-06-29,2021-07-05,2
20210622,34023,Middlesex County,NJ,100.00,0.00,0.00,0.00,0.00,0.00,2021-06-22,2021-06-28,2
20210615,34023,Middlesex County,NJ,100.00,0.00,0.00,0.00,0.00,0.00,2021-06-15,2021-06-21,2
20210608,34023,Middlesex County,NJ,94.84,5.16,0.00,0.00,0.00,0.00,2021-06-08,2021-06-14,2
20210601,34023,Middlesex County,NJ,100.00,0.00,0.00,0.00,0.00,0.00,2021-06-01,2021-06-07,2
20210525,34023,Middlesex County,NJ,0.00,100.00,0.00,0.00,0.00,0.00,2021-05-25,2021-05-31,2
20210518,34023,Middlesex County,NJ,100.00,0.00,0.00,0.00,0.00,0.00,2021-05-18,2021-05-24,2
20210511,34023,Middlesex County,NJ,100.00,0.00,0.00,0.00,0.00,0.00,2021-05-11,2021-05-17,2
20210504,34023,Middlesex County,NJ,100.00,0.00,0.00,0.00,0.00,0.00,2021-05-04,2021-05-10,2
20210427,34023,Middlesex County,NJ,100.00,0.00,0.00,0.00,0.00,0.00,2021-04-27,2021-05-03,2
20210420,34023,Middlesex County,NJ,100.00,0.00,0.00,0.00,0.00,0.00,2021-04-20,2021-04-26,2
20210413,34023,Middlesex County,NJ,100.00,0.00,0.00,0.00,0.00,0.00,2021-04-13,2021-04-19,2
20210406,34023,Middlesex County,NJ,100.00,0.00,0.00,0.00,0.00,0.00,2021-04-06,2021-04-12,2
20210330,34023,Middlesex County,NJ,100.00,0.00,0.00,0.00,0.00,0.00,2021-03-30,2021-04-05,2
20210323,34023,Middlesex County,NJ,100.00,0.00,0.00,0.00,0.00,0.00,2021-03-23,2021-03-29,2
20210316,34023,Middlesex County,NJ,100.00,0.00,0.00,0.00,0.00,0.00,2021-03-16,2021-03-22,2
20210309,34023,Middlesex County,NJ,100.00,0.00,0.00,0.00,0.00,0.00,2021-03-09,2021-03-15,2
20210302,34023,Middlesex County,NJ,100.00,0.00,0.00,0.00,0.00,0.00,2021-03-02,2021-03-08,2
20210223,34023,Middlesex County,NJ,100.00,0.00,0.00,0.00,0.00,0.00,2021-02-23,2021-03-01,2
20210216,34023,Middlesex County,NJ,100.00,0.00,0.00,0.00,0.00,0.00,2021-02-16,2021-02-22,2
20210209,34023,Middlesex County,NJ,100.00,0.00,0.00,0.00,0.00,0.00,2021-02-09,2021-02-15,2
20210202,34023,Middlesex County,NJ,100.00,0.00,0.00,0.00,0.00,0.00,2021-02-02,2021-02-08,2
20210126,34023,Middlesex County,NJ,100.00,0.00,0.00,0.00,0.00,0.00,2021-01-26,2021-02-01,2
20210119,34023,Middlesex County,NJ,100.00,0.00,0.00,0.00,0.00,0.00,2021-01-19,2021-01-25,2
20210112,34023,Middlesex County,NJ,100.00,0.00,0.00,0.00,0.00,0.00,2021-01-12,2021-01-18,2
20210105,34023,Middlesex County,NJ,100.00,0.00,0.00,0.00,0.00,0.00,2021-01-05,2021-01-11,2
20201229,34023,Middlesex County,NJ,100.00,0.00,0.00,0.00,0.00,0.00,2020-12-29,2021-01-04,2
20201222,34023,Middlesex County,NJ,100.00,0.00,0.00,0.00,0.00,0.00,2020-12-22,2020-12-28,2
20201215,34023,Middlesex County,NJ,100.00,0.00,0.00,0.00,0.00,0.00,2020-12-15,2020-12-21,2
20201208,34023,Middlesex County,NJ,100.00,0.00,0.00,0.00,0.00,0.00,2020-12-08,2020-12-14,2
20201201,34023,Middlesex County,NJ,100.00,0.00,0.00,0.00,0.00,0.00,2020-12-01,2020-12-07,2
20201124,34023,Middlesex County,NJ,100.00,0.00,0.00,0.00,0.00,0.00,2020-11-24,2020-11-30,2
20251118,34025,Monmouth County,NJ,66.77,21.02,12.22,0.00,0.00,0.00,2025-11-18,2025-11-24,2
20251111,34025,Monmouth County,NJ,66.77,21.02,12.22,0.00,0.00,0.00,2025-11-11,2025-11-17,2
20251104,34025,Monmouth County,NJ,66.74,21.04,12.22,0.00,0.00,0.00,2025-11-04,2025-11-10,2
20251028,34025,Monmouth County,NJ,50.92,31.93,17.15,0.00,0.00,0.00,2025-10-28,2025-11-03,2
20251021,34025,Monmouth County,NJ,50.75,34.61,14.64,0.00,0.00,0.00,2025-10-21,2025-10-27,2
20251014,34025,Monmouth County,NJ,50.75,42.73,6.53,0.00,0.00,0.00,2025-10-14,2025-10-20,2
20251007,34025,Monmouth County,NJ,39.44,53.64,6.91,0.00,0.00,0.00,2025-10-07,2025-10-13,2
20250930,34025,Monmouth County,NJ,68.13,31.85,0.02,0.00,0.00,0.00,2025-09-30,2025-10-06,2
20250923,34025,Monmouth County,NJ,68.13,31.85,0.02,0.00,0.00,0.00,2025-09-23,2025-09-29,2
20250916,34025,Monmouth County,NJ,68.13,31.85,0.02,0.00,0.00,0.00,2025-09-16,2025-09-22,2
20250909,34025,Monmouth County,NJ,68.62,31.36,0.02,0.00,0.00,0.00,2025-09-09,2025-09-15,2
20250902,34025,Monmouth County,NJ,25.38,74.60,0.02,0.00,0.00,0.00,2025-09-02,2025-09-08,2
20250826,34025,Monmouth County,NJ,41.46,58.54,0.00,0.00,0.00,0.00,2025-08-26,2025-09-01,2
20250819,34025,Monmouth County,NJ,74.74,25.26,0.00,0.00,0.00,0.00,2025-08-19,2025-08-25,2
20250812,34025,Monmouth County,NJ,100.00,0.00,0.00,0.00,0.00,0.00,2025-08-12,2025-08-18,2
20250805,34025,Monmouth County,NJ,100.00,0.00,0.00,0.00,0.00,0.00,2025-08-05,2025-08-11,2
20250729,34025,Monmouth County,NJ,100.00,0.00,0.00,0.00,0.00,0.00,2025-07-29,2025-08-04,2
20250722,34025,Monmouth County,NJ,100.00,0.00,0.00,0.00,0.00,0.00,2025-07-22,2025-07-28,2
20250715,34025,Monmouth County,NJ,100.00,0.00,0.00,0.00,0.00,0.00,2025-07-15,2025-07-21,2
20250708,34025,Monmouth County,NJ,100.00,0.00,0.00,0.00,0.00,0.00,2025-07-08,2025-07-14,2
20250701,34025,Monmouth County,NJ,100.00,0.00,0.00,0.00,0.00,0.00,2025-07-01,2025-07-07,2
20250624,34025,Monmouth County,NJ,100.00,0.00,0.00,0.00,0.00,0.00,2025-06-24,2025-06-30,2
20250617,34025,Monmouth County,NJ,100.00,0.00,0.00,0.00,0.00,0.00,2025-06-17,2025-06-23,2
20250610,34025,Monmouth County,NJ,100.00,0.00,0.00,0.00,0.00,0.00,2025-06-10,2025-06-16,2
20250603,34025,Monmouth County,NJ,100.00,0.00,0.00,0.00,0.00,0.00,2025-06-03,2025-06-09,2
20250527,34025,Monmouth County,NJ,100.00,0.00,0.00,0.00,0.00,0.00,2025-05-27,2025-06-02,2
20250520,34025,Monmouth County,NJ,100.00,0.00,0.00,0.00,0.00,0.00,2025-05-20,2025-05-26,2
20250513,34025,Monmouth County,NJ,100.00,0.00,0.00,0.00,0.00,0.00,2025-05-13,2025-05-19,2
20250506,34025,Monmouth County,NJ,100.00,0.00,0.00,0.00,0.00,0.00,2025-05-06,2025-05-12,2
20250429,34025,Monmouth County,NJ,100.00,0.00,0.00,0.00,0.00,0.00,2025-04-29,2025-05-05,2
20250422,34025,Monmouth County,NJ,100.00,0.00,0.00,0.00,0.00,0.00,2025-04-22,2025-04-28,2
20250415,34025,Monmouth County,NJ,100.00,0.00,0.00,0.00,0.00,0.00,2025-04-15,2025-04-21,2
20250408,34025,Monmouth County,NJ,22.31,77.69,0.00,0.00,0.00,0.00,2025-04-08,2025-04-14,2
20250401,34025,Monmouth County,NJ,0.00,100.00,0.00,0.00,0.00,0.00,2025-04-01,2025-04-07,2
20250325,34025,Monmouth County,NJ,0.00,96.43,3.57,0.00,0.00,0.00,2025-03-25,2025-03-31,2
20250318,34025,Monmouth County,NJ,0.00,67.67,32.33,0.00,0.00,0.00,2025-03-18,2025-03-24,2
20250311,34025,Monmouth County,NJ,0.00,0.00,94.23,5.77,0.00,0.00,2025-03-11,2025-03-17,2
20250304,34025,Monmouth County,NJ,0.00,0.00,95.07,4.93,0.00,0.00,2025-03-04,2025-03-10,2
20250225,34025,Monmouth County,NJ,0.00,0.00,95.07,4.93,0.00,0.00,2025-02-25,2025-03-03,2
20250218,34025,Monmouth County,NJ,0.00,0.00,95.07,4.93,0.00,0.00,2025-02-18,2025-02-24,2
20250211,34025,Monmouth County,NJ,0.00,0.00,0.00,99.92,0.08,0.00,2025-02-11,2025-02-17,2
20250204,34025,Monmouth County,NJ,0.00,0.00,0.00,99.92,0.08,0.00,2025-02-04,2025-02-10,2
20250128,34025,Monmouth County,NJ,0.00,0.00,0.00,99.92,0.08,0.00,2025-01-28,2025-02-03,2
20250121,34025,Monmouth County,NJ,0.00,0.00,40.94,58.98,0.08,0.00,2025-01-21,2025-01-27,2
20250114,34025,Monmouth County,NJ,0.00,0.00,40.94,58.98,0.08,0.00,2025-01-14,2025-01-20,2
20250107,34025,Monmouth County,NJ,0.00,0.00,40.94,58.98,0.08,0.00,2025-01-07,2025-01-13,2
20241231,34025,Monmouth County,NJ,0.00,0.00,26.35,73.57,0.08,0.00,2024-12-31,2025-01-06,2
20241224,34025,Monmouth County,NJ,0.00,0.00,0.00,58.98,41.02,0.00,2024-12-24,2024-12-30,2
20241217,34025,Monmouth County,NJ,0.00,0.00,0.00,58.98,41.02,0.00,2024-12-17,2024-12-23,2
20241210,34025,Monmouth County,NJ,0.00,0.00,0.00,54.01,45.99,0.00,2024-12-10,2024-12-16,2
20241203,34025,Monmouth County,NJ,0.00,0.00,0.00,54.01,45.99,0.00,2024-12-03,2024-12-09,2
20241126,34025,Monmouth County,NJ,0.00,0.00,0.00,54.01,45.99,0.00,2024-11-26,2024-12-02,2
20241119,34025,Monmouth County,NJ,0.00,0.00,0.00,54.01,45.99,0.00,2024-11-19,2024-11-25,2
20241112,34025,Monmouth County,NJ,0.00,0.00,0.00,100.00,0.00,0.00,2024-11-12,2024-11-18,2
20241105,34025,Monmouth County,NJ,0.00,0.00,0.24,99.76,0.00,0.00,2024-11-05,2024-11-11,2
20241029,34025,Monmouth County,NJ,0.00,0.00,67.64,32.36,0.00,0.00,2024-10-29,2024-11-04,2
20241022,34025,Monmouth County,NJ,0.00,32.05,48.22,19.72,0.00,0.00,2024-10-22,2024-10-28,2
20241015,34025,Monmouth County,NJ,0.00,32.05,67.95,0.00,0.00,0.00,2024-10-15,2024-10-21,2
20241008,34025,Monmouth County,NJ,7.02,78.81,14.18,0.00,0.00,0.00,2024-10-08,2024-10-14,2
20241001,34025,Monmouth County,NJ,11.36,88.64,0.00,0.00,0.00,0.00,2024-10-01,2024-10-07,2
20240924,34025,Monmouth County,NJ,0.00,100.00,0.00,0.00,0.00,0.00,2024-09-24,2024-09-30,2
20240917,34025,Monmouth County,NJ,79.47,20.53,0.00,0.00,0.00,0.00,2024-09-17,2024-09-23,2
20240910,34025,Monmouth County,NJ,99.05,0.95,0.00,0.00,0.00,0.00,2024-09-10,2024-09-16,2
20240903,34025,Monmouth County,NJ,93.25,6.75,0.00,0.00,0.00,0.00,2024-09-03,2024-09-09,2
20240827,34025,Monmouth County,NJ,100.00,0.00,0.00,0.00,0.00,0.00,2024-08-27,2024-09-02,2
20240820,34025,Monmouth County,NJ,100.00,0.00,0.00,0.00,0.00,0.00,2024-08-20,2024-08-26,2
20240813,34025,Monmouth County,NJ,62.36,37.64,0.00,0.00,0.00,0.00,2024-08-13,2024-08-19,2
20240806,34025,Monmouth County,NJ,37.49,55.30,7.21,0.00,0.00,0.00,2024-08-06,2024-08-12,2
20240730,34025,Monmouth County,NJ,37.78,55.01,7.21,0.00,0.00,0.00,2024-07-30,2024-08-05,2
20240723,34025,Monmouth County,NJ,38.61,54.18,7.21,0.00,0.00,0.00,2024-07-23,2024-07-29,2
20240716,34025,Monmouth County,NJ,26.73,64.33,8.94,0.00,0.00,0.00,2024-07-16,2024-07-22,2
20240709,34025,Monmouth County,NJ,13.88,86.12,0.00,0.00,0.00,0.00,2024-07-09,2024-07-15,2
20240702,34025,Monmouth County,NJ,13.84,86.16,0.00,0.00,0.00,0.00,2024-07-02,2024-07-08,2
20240625,34025,Monmouth County,NJ,0.00,100.00,0.00,0.00,0.00,0.00,2024-06-25,2024-07-01,2
20240618,34025,Monmouth County,NJ,97.41,2.59,0.00,0.00,0.00,0.00,2024-06-18,2024-06-24,2
20240611,34025,Monmouth County,NJ,100.00,0.00,0.00,0.00,0.00,0.00,2024-06-11,2024-06-17,2
20240604,34025,Monmouth County,NJ,100.00,0.00,0.00,0.00,0.00,0.00,2024-06-04,2024-06-10,2
20240528,34025,Monmouth County,NJ,100.00,0.00,0.00,0.00,0.00,0.00,2024-05-28,2024-06-03,2
20240521,34025,Monmouth County,NJ,100.00,0.00,0.00,0.00,0.00,0.00,2024-05-21,2024-05-27,2
20240514,34025,Monmouth County,NJ,100.00,0.00,0.00,0.00,0.00,0.00,2024-05-14,2024-05-20,2
20240507,34025,Monmouth County,NJ,100.00,0.00,0.00,0.00,0.00,0.00,2024-05-07,2024-05-13,2
20240430,34025,Monmouth County,NJ,100.00,0.00,0.00,0.00,0.00,0.00,2024-04-30,2024-05-06,2
20240423,34025,Monmouth County,NJ,100.00,0.00,0.00,0.00,0.00,0.00,2024-04-23,2024-04-29,2
20240416,34025,Monmouth County,NJ,100.00,0.00,0.00,0.00,0.00,0.00,2024-04-16,2024-04-22,2
20240409,34025,Monmouth County,NJ,100.00,0.00,0.00,0.00,0.00,0.00,2024-04-09,2024-04-15,2
20240402,34025,Monmouth County,NJ,100.00,0.00,0.00,0.00,0.00,0.00,2024-04-02,2024-04-08,2
20240326,34025,Monmouth County,NJ,100.00,0.00,0.00,0.00,0.00,0.00,2024-03-26,2024-04-01,2
20240319,34025,Monmouth County,NJ,100.00,0.00,0.00,0.00,0.00,0.00,2024-03-19,2024-03-25,2
20240312,34025,Monmouth County,NJ,100.00,0.00,0.00,0.00,0.00,0.00,2024-03-12,2024-03-18,2
20240305,34025,Monmouth County,NJ,100.00,0.00,0.00,0.00,0.00,0.00,2024-03-05,2024-03-11,2
20240227,34025,Monmouth County,NJ,100.00,0.00,0.00,0.00,0.00,0.00,2024-02-27,2024-03-04,2
20240220,34025,Monmouth County,NJ,100.00,0.00,0.00,0.00,0.00,0.00,2024-02-20,2024-02-26,2
20240213,34025,Monmouth County,NJ,100.00,0.00,0.00,0.00,0.00,0.00,2024-02-13,2024-02-19,2
20240206,34025,Monmouth County,NJ,100.00,0.00,0.00,0.00,0.00,0.00,2024-02-06,2024-02-12,2
20240130,34025,Monmouth County,NJ,100.00,0.00,0.00,0.00,0.00,0.00,2024-01-30,2024-02-05,2
20240123,34025,Monmouth County,NJ,100.00,0.00,0.00,0.00,0.00,0.00,2024-01-23,2024-01-29,2
20240116,34025,Monmouth County,NJ,100.00,0.00,0.00,0.00,0.00,0.00,2024-01-16,2024-01-22,2
20240109,34025,Monmouth County,NJ,100.00,0.00,0.00,0.00,0.00,0.00,2024-01-09,2024-01-15,2
20240102,34025,Monmouth County,NJ,100.00,0.00,0.00,0.00,0.00,0.00,2024-01-02,2024-01-08,2
20231226,34025,Monmouth County,NJ,100.00,0.00,0.00,0.00,0.00,0.00,2023-12-26,2024-01-01,2
20231219,34025,Monmouth County,NJ,100.00,0.00,0.00,0.00,0.00,0.00,2023-12-19,2023-12-25,2
20231212,34025,Monmouth County,NJ,100.00,0.00,0.00,0.00,0.00,0.00,2023-12-12,2023-12-18,2
20231205,34025,Monmouth County,NJ,100.00,0.00,0.00,0.00,0.00,0.00,2023-12-05,2023-12-11,2
20231128,34025,Monmouth County,NJ,100.00,0.00,0.00,0.00,0.00,0.00,2023-11-28,2023-12-04,2
20231121,34025,Monmouth County,NJ,93.55,6.45,0.00,0.00,0.00,0.00,2023-11-21,2023-11-27,2
20231114,34025,Monmouth County,NJ,93.55,6.45,0.00,0.00,0.00,0.00,2023-11-14,2023-11-20,2
20231107,34025,Monmouth County,NJ,100.00,0.00,0.00,0.00,0.00,0.00,2023-11-07,2023-11-13,2
20231031,34025,Monmouth County,NJ,100.00,0.00,0.00,0.00,0.00,0.00,2023-10-31,2023-11-06,2
20231024,34025,Monmouth County,NJ,100.00,0.00,0.00,0.00,0.00,0.00,2023-10-24,2023-10-30,2
20231017,34025,Monmouth County,NJ,100.00,0.00,0.00,0.00,0.00,0.00,2023-10-17,2023-10-23,2
20231010,34025,Monmouth County,NJ,100.00,0.00,0.00,0.00,0.00,0.00,2023-10-10,2023-10-16,2
20231003,34025,Monmouth County,NJ,100.00,0.00,0.00,0.00,0.00,0.00,2023-10-03,2023-10-09,2
20230926,34025,Monmouth County,NJ,100.00,0.00,0.00,0.00,0.00,0.00,2023-09-26,2023-10-02,2
20230919,34025,Monmouth County,NJ,93.09,6.91,0.00,0.00,0.00,0.00,2023-09-19,2023-09-25,2
20230912,34025,Monmouth County,NJ,93.09,6.91,0.00,0.00,0.00,0.00,2023-09-12,2023-09-18,2
20230905,34025,Monmouth County,NJ,63.72,34.52,1.76,0.00,0.00,0.00,2023-09-05,2023-09-11,2
20230829,34025,Monmouth County,NJ,85.46,14.54,0.00,0.00,0.00,0.00,2023-08-29,2023-09-04,2
20230822,34025,Monmouth County,NJ,100.00,0.00,0.00,0.00,0.00,0.00,2023-08-22,2023-08-28,2
20230815,34025,Monmouth County,NJ,100.00,0.00,0.00,0.00,0.00,0.00,2023-08-15,2023-08-21,2
20230808,34025,Monmouth County,NJ,91.41,8.59,0.00,0.00,0.00,0.00,2023-08-08,2023-08-14,2
20230801,34025,Monmouth County,NJ,91.41,8.59,0.00,0.00,0.00,0.00,2023-08-01,2023-08-07,2
20230725,34025,Monmouth County,NJ,17.04,81.82,1.14,0.00,0.00,0.00,2023-07-25,2023-07-31,2
20230718,34025,Monmouth County,NJ,17.04,62.41,20.55,0.00,0.00,0.00,2023-07-18,2023-07-24,2
20230711,34025,Monmouth County,NJ,17.04,57.11,25.84,0.00,0.00,0.00,2023-07-11,2023-07-17,2
20230704,34025,Monmouth County,NJ,0.00,52.58,47.42,0.00,0.00,0.00,2023-07-04,2023-07-10,2
20230627,34025,Monmouth County,NJ,0.00,100.00,0.00,0.00,0.00,0.00,2023-06-27,2023-07-03,2
20230620,34025,Monmouth County,NJ,52.06,47.94,0.00,0.00,0.00,0.00,2023-06-20,2023-06-26,2
20230613,34025,Monmouth County,NJ,78.65,21.35,0.00,0.00,0.00,0.00,2023-06-13,2023-06-19,2
20230606,34025,Monmouth County,NJ,99.96,0.04,0.00,0.00,0.00,0.00,2023-06-06,2023-06-12,2
20230530,34025,Monmouth County,NJ,100.00,0.00,0.00,0.00,0.00,0.00,2023-05-30,2023-06-05,2
20230523,34025,Monmouth County,NJ,100.00,0.00,0.00,0.00,0.00,0.00,2023-05-23,2023-05-29,2
20230516,34025,Monmouth County,NJ,100.00,0.00,0.00,0.00,0.00,0.00,2023-05-16,2023-05-22,2
20230509,34025,Monmouth County,NJ,100.00,0.00,0.00,0.00,0.00,0.00,2023-05-09,2023-05-15,2
20230502,34025,Monmouth County,NJ,100.00,0.00,0.00,0.00,0.00,0.00,2023-05-02,2023-05-08,2
20230425,34025,Monmouth County,NJ,66.32,33.68,0.00,0.00,0.00,0.00,2023-04-25,2023-05-01,2
20230418,34025,Monmouth County,NJ,66.32,33.68,0.00,0.00,0.00,0.00,2023-04-18,2023-04-24,2
20230411,34025,Monmouth County,NJ,100.00,0.00,0.00,0.00,0.00,0.00,2023-04-11,2023-04-17,2
20230404,34025,Monmouth County,NJ,100.00,0.00,0.00,0.00,0.00,0.00,2023-04-04,2023-04-10,2
20230328,34025,Monmouth County,NJ,100.00,0.00,0.00,0.00,0.00,0.00,2023-03-28,2023-04-03,2
20230321,34025,Monmouth County,NJ,100.00,0.00,0.00,0.00,0.00,0.00,2023-03-21,2023-03-27,2
20230314,34025,Monmouth County,NJ,100.00,0.00,0.00,0.00,0.00,0.00,2023-03-14,2023-03-20,2
20230307,34025,Monmouth County,NJ,100.00,0.00,0.00,0.00,0.00,0.00,2023-03-07,2023-03-13,2
20230228,34025,Monmouth County,NJ,100.00,0.00,0.00,0.00,0.00,0.00,2023-02-28,2023-03-06,2
20230221,34025,Monmouth County,NJ,100.00,0.00,0.00,0.00,0.00,0.00,2023-02-21,2023-02-27,2
20230214,34025,Monmouth County,NJ,100.00,0.00,0.00,0.00,0.00,0.00,2023-02-14,2023-02-20,2
20230207,34025,Monmouth County,NJ,100.00,0.00,0.00,0.00,0.00,0.00,2023-02-07,2023-02-13,2
20230131,34025,Monmouth County,NJ,100.00,0.00,0.00,0.00,0.00,0.00,2023-01-31,2023-02-06,2
20230124,34025,Monmouth County,NJ,100.00,0.00,0.00,0.00,0.00,0.00,2023-01-24,2023-01-30,2
20230117,34025,Monmouth County,NJ,100.00,0.00,0.00,0.00,0.00,0.00,2023-01-17,2023-01-23,2
20230110,34025,Monmouth County,NJ,100.00,0.00,0.00,0.00,0.00,0.00,2023-01-10,2023-01-16,2
20230103,34025,Monmouth County,NJ,100.00,0.00,0.00,0.00,0.00,0.00,2023-01-03,2023-01-09,2
20221227,34025,Monmouth County,NJ,100.00,0.00,0.00,0.00,0.00,0.00,2022-12-27,2023-01-02,2
20221220,34025,Monmouth County,NJ,100.00,0.00,0.00,0.00,0.00,0.00,2022-12-20,2022-12-26,2
20221213,34025,Monmouth County,NJ,100.00,0.00,0.00,0.00,0.00,0.00,2022-12-13,2022-12-19,2
20221206,34025,Monmouth County,NJ,100.00,0.00,0.00,0.00,0.00,0.00,2022-12-06,2022-12-12,2
20221129,34025,Monmouth County,NJ,100.00,0.00,0.00,0.00,0.00,0.00,2022-11-29,2022-12-05,2
20221122,34025,Monmouth County,NJ,100.00,0.00,0.00,0.00,0.00,0.00,2022-11-22,2022-11-28,2
20221115,34025,Monmouth County,NJ,76.19,23.81,0.00,0.00,0.00,0.00,2022-11-15,2022-11-21,2
20221108,34025,Monmouth County,NJ,76.19,23.81,0.00,0.00,0.00,0.00,2022-11-08,2022-11-14,2
20221101,34025,Monmouth County,NJ,76.19,23.81,0.00,0.00,0.00,0.00,2022-11-01,2022-11-07,2
20221025,34025,Monmouth County,NJ,76.19,23.81,0.00,0.00,0.00,0.00,2022-10-25,2022-10-31,2
20221018,34025,Monmouth County,NJ,29.34,46.85,23.81,0.00,0.00,0.00,2022-10-18,2022-10-24,2
20221011,34025,Monmouth County,NJ,21.28,34.68,44.04,0.00,0.00,0.00,2022-10-11,2022-10-17,2
20221004,34025,Monmouth County,NJ,0.00,21.75,34.21,44.04,0.00,0.00,2022-10-04,2022-10-10,2
20220927,34025,Monmouth County,NJ,0.00,0.00,20.54,79.46,0.00,0.00,2022-09-27,2022-10-03,2
20220920,34025,Monmouth County,NJ,0.00,0.00,20.54,79.46,0.00,0.00,2022-09-20,2022-09-26,2
20220913,34025,Monmouth County,NJ,0.00,0.00,20.54,79.46,0.00,0.00,2022-09-13,2022-09-19,2
20220906,34025,Monmouth County,NJ,0.00,0.38,31.04,68.58,0.00,0.00,2022-09-06,2022-09-12,2
20220830,34025,Monmouth County,NJ,0.00,0.39,29.85,69.75,0.00,0.00,2022-08-30,2022-09-05,2
20220823,34025,Monmouth County,NJ,0.00,11.40,48.94,39.66,0.00,0.00,2022-08-23,2022-08-29,2
20220816,34025,Monmouth County,NJ,0.00,16.34,83.66,0.00,0.00,0.00,2022-08-16,2022-08-22,2
20220809,34025,Monmouth County,NJ,0.00,14.57,85.43,0.00,0.00,0.00,2022-08-09,2022-08-15,2
20220802,34025,Monmouth County,NJ,0.00,3.72,96.28,0.00,0.00,0.00,2022-08-02,2022-08-08,2
20220726,34025,Monmouth County,NJ,0.00,100.00,0.00,0.00,0.00,0.00,2022-07-26,2022-08-01,2
20220719,34025,Monmouth County,NJ,72.80,27.20,0.00,0.00,0.00,0.00,2022-07-19,2022-07-25,2
20220712,34025,Monmouth County,NJ,100.00,0.00,0.00,0.00,0.00,0.00,2022-07-12,2022-07-18,2
20220705,34025,Monmouth County,NJ,100.00,0.00,0.00,0.00,0.00,0.00,2022-07-05,2022-07-11,2
20220628,34025,Monmouth County,NJ,100.00,0.00,0.00,0.00,0.00,0.00,2022-06-28,2022-07-04,2
20220621,34025,Monmouth County,NJ,100.00,0.00,0.00,0.00,0.00,0.00,2022-06-21,2022-06-27,2
20220614,34025,Monmouth County,NJ,100.00,0.00,0.00,0.00,0.00,0.00,2022-06-14,2022-06-20,2
20220607,34025,Monmouth County,NJ,100.00,0.00,0.00,0.00,0.00,0.00,2022-06-07,2022-06-13,2
20220531,34025,Monmouth County,NJ,100.00,0.00,0.00,0.00,0.00,0.00,2022-05-31,2022-06-06,2
20220524,34025,Monmouth County,NJ,100.00,0.00,0.00,0.00,0.00,0.00,2022-05-24,2022-05-30,2
20220517,34025,Monmouth County,NJ,100.00,0.00,0.00,0.00,0.00,0.00,2022-05-17,2022-05-23,2
20220510,34025,Monmouth County,NJ,100.00,0.00,0.00,0.00,0.00,0.00,2022-05-10,2022-05-16,2
20220503,34025,Monmouth County,NJ,100.00,0.00,0.00,0.00,0.00,0.00,2022-05-03,2022-05-09,2
20220426,34025,Monmouth County,NJ,100.00,0.00,0.00,0.00,0.00,0.00,2022-04-26,2022-05-02,2
20220419,34025,Monmouth County,NJ,100.00,0.00,0.00,0.00,0.00,0.00,2022-04-19,2022-04-25,2
20220412,34025,Monmouth County,NJ,100.00,0.00,0.00,0.00,0.00,0.00,2022-04-12,2022-04-18,2
20220405,34025,Monmouth County,NJ,0.00,100.00,0.00,0.00,0.00,0.00,2022-04-05,2022-04-11,2
20220329,34025,Monmouth County,NJ,0.00,100.00,0.00,0.00,0.00,0.00,2022-03-29,2022-04-04,2
20220322,34025,Monmouth County,NJ,0.00,100.00,0.00,0.00,0.00,0.00,2022-03-22,2022-03-28,2
20220315,34025,Monmouth County,NJ,86.68,13.32,0.00,0.00,0.00,0.00,2022-03-15,2022-03-21,2
20220308,34025,Monmouth County,NJ,86.68,13.32,0.00,0.00,0.00,0.00,2022-03-08,2022-03-14,2
20220301,34025,Monmouth County,NJ,100.00,0.00,0.00,0.00,0.00,0.00,2022-03-01,2022-03-07,2
20220222,34025,Monmouth County,NJ,100.00,0.00,0.00,0.00,0.00,0.00,2022-02-22,2022-02-28,2
20220215,34025,Monmouth County,NJ,100.00,0.00,0.00,0.00,0.00,0.00,2022-02-15,2022-02-21,2
20220208,34025,Monmouth County,NJ,100.00,0.00,0.00,0.00,0.00,0.00,2022-02-08,2022-02-14,2
20220201,34025,Monmouth County,NJ,100.00,0.00,0.00,0.00,0.00,0.00,2022-02-01,2022-02-07,2
20220125,34025,Monmouth County,NJ,100.00,0.00,0.00,0.00,0.00,0.00,2022-01-25,2022-01-31,2
20220118,34025,Monmouth County,NJ,100.00,0.00,0.00,0.00,0.00,0.00,2022-01-18,2022-01-24,2
20220111,34025,Monmouth County,NJ,100.00,0.00,0.00,0.00,0.00,0.00,2022-01-11,2022-01-17,2
20220104,34025,Monmouth County,NJ,100.00,0.00,0.00,0.00,0.00,0.00,2022-01-04,2022-01-10,2
20211228,34025,Monmouth County,NJ,100.00,0.00,0.00,0.00,0.00,0.00,2021-12-28,2022-01-03,2
20211221,34025,Monmouth County,NJ,100.00,0.00,0.00,0.00,0.00,0.00,2021-12-21,2021-12-27,2
20211214,34025,Monmouth County,NJ,100.00,0.00,0.00,0.00,0.00,0.00,2021-12-14,2021-12-20,2
20211207,34025,Monmouth County,NJ,100.00,0.00,0.00,0.00,0.00,0.00,2021-12-07,2021-12-13,2
20211130,34025,Monmouth County,NJ,100.00,0.00,0.00,0.00,0.00,0.00,2021-11-30,2021-12-06,2
20211123,34025,Monmouth County,NJ,100.00,0.00,0.00,0.00,0.00,0.00,2021-11-23,2021-11-29,2
20211116,34025,Monmouth County,NJ,100.00,0.00,0.00,0.00,0.00,0.00,2021-11-16,2021-11-22,2
20211109,34025,Monmouth County,NJ,100.00,0.00,0.00,0.00,0.00,0.00,2021-11-09,2021-11-15,2
20211102,34025,Monmouth County,NJ,100.00,0.00,0.00,0.00,0.00,0.00,2021-11-02,2021-11-08,2
20211026,34025,Monmouth County,NJ,100.00,0.00,0.00,0.00,0.00,0.00,2021-10-26,2021-11-01,2
20211019,34025,Monmouth County,NJ,100.00,0.00,0.00,0.00,0.00,0.00,2021-10-19,2021-10-25,2
20211012,34025,Monmouth County,NJ,100.00,0.00,0.00,0.00,0.00,0.00,2021-10-12,2021-10-18,2
20211005,34025,Monmouth County,NJ,100.00,0.00,0.00,0.00,0.00,0.00,2021-10-05,2021-10-11,2
20210928,34025,Monmouth County,NJ,100.00,0.00,0.00,0.00,0.00,0.00,2021-09-28,2021-10-04,2
20210921,34025,Monmouth County,NJ,100.00,0.00,0.00,0.00,0.00,0.00,2021-09-21,2021-09-27,2
20210914,34025,Monmouth County,NJ,100.00,0.00,0.00,0.00,0.00,0.00,2021-09-14,2021-09-20,2
20210907,34025,Monmouth County,NJ,100.00,0.00,0.00,0.00,0.00,0.00,2021-09-07,2021-09-13,2
20210831,34025,Monmouth County,NJ,100.00,0.00,0.00,0.00,0.00,0.00,2021-08-31,2021-09-06,2
20210824,34025,Monmouth County,NJ,100.00,0.00,0.00,0.00,0.00,0.00,2021-08-24,2021-08-30,2
20210817,34025,Monmouth County,NJ,100.00,0.00,0.00,0.00,0.00,0.00,2021-08-17,2021-08-23,2
20210810,34025,Monmouth County,NJ,100.00,0.00,0.00,0.00,0.00,0.00,2021-08-10,2021-08-16,2
20210803,34025,Monmouth County,NJ,100.00,0.00,0.00,0.00,0.00,0.00,2021-08-03,2021-08-09,2
20210727,34025,Monmouth County,NJ,100.00,0.00,0.00,0.00,0.00,0.00,2021-07-27,2021-08-02,2
20210720,34025,Monmouth County,NJ,100.00,0.00,0.00,0.00,0.00,0.00,2021-07-20,2021-07-26,2
20210713,34025,Monmouth County,NJ,100.00,0.00,0.00,0.00,0.00,0.00,2021-07-13,2021-07-19,2
20210706,34025,Monmouth County,NJ,100.00,0.00,0.00,0.00,0.00,0.00,2021-07-06,2021-07-12,2
20210629,34025,Monmouth County,NJ,100.00,0.00,0.00,0.00,0.00,0.00,2021-06-29,2021-07-05,2
20210622,34025,Monmouth County,NJ,100.00,0.00,0.00,0.00,0.00,0.00,2021-06-22,2021-06-28,2
20210615,34025,Monmouth County,NJ,100.00,0.00,0.00,0.00,0.00,0.00,2021-06-15,2021-06-21,2
20210608,34025,Monmouth County,NJ,96.34,3.66,0.00,0.00,0.00,0.00,2021-06-08,2021-06-14,2
20210601,34025,Monmouth County,NJ,100.00,0.00,0.00,0.00,0.00,0.00,2021-06-01,2021-06-07,2
20210525,34025,Monmouth County,NJ,0.00,100.00,0.00,0.00,0.00,0.00,2021-05-25,2021-05-31,2
20210518,34025,Monmouth County,NJ,100.00,0.00,0.00,0.00,0.00,0.00,2021-05-18,2021-05-24,2
20210511,34025,Monmouth County,NJ,100.00,0.00,0.00,0.00,0.00,0.00,2021-05-11,2021-05-17,2
20210504,34025,Monmouth County,NJ,100.00,0.00,0.00,0.00,0.00,0.00,2021-05-04,2021-05-10,2
20210427,34025,Monmouth County,NJ,100.00,0.00,0.00,0.00,0.00,0.00,2021-04-27,2021-05-03,2
20210420,34025,Monmouth County,NJ,100.00,0.00,0.00,0.00,0.00,0.00,2021-04-20,2021-04-26,2
20210413,34025,Monmouth County,NJ,100.00,0.00,0.00,0.00,0.00,0.00,2021-04-13,2021-04-19,2
20210406,34025,Monmouth County,NJ,100.00,0.00,0.00,0.00,0.00,0.00,2021-04-06,2021-04-12,2
20210330,34025,Monmouth County,NJ,100.00,0.00,0.00,0.00,0.00,0.00,2021-03-30,2021-04-05,2
20210323,34025,Monmouth County,NJ,100.00,0.00,0.00,0.00,0.00,0.00,2021-03-23,2021-03-29,2
20210316,34025,Monmouth County,NJ,100.00,0.00,0.00,0.00,0.00,0.00,2021-03-16,2021-03-22,2
20210309,34025,Monmouth County,NJ,100.00,0.00,0.00,0.00,0.00,0.00,2021-03-09,2021-03-15,2
20210302,34025,Monmouth County,NJ,100.00,0.00,0.00,0.00,0.00,0.00,2021-03-02,2021-03-08,2
20210223,34025,Monmouth County,NJ,100.00,0.00,0.00,0.00,0.00,0.00,2021-02-23,2021-03-01,2
20210216,34025,Monmouth County,NJ,100.00,0.00,0.00,0.00,0.00,0.00,2021-02-16,2021-02-22,2
20210209,34025,Monmouth County,NJ,100.00,0.00,0.00,0.00,0.00,0.00,2021-02-09,2021-02-15,2
20210202,34025,Monmouth County,NJ,100.00,0.00,0.00,0.00,0.00,0.00,2021-02-02,2021-02-08,2
20210126,34025,Monmouth County,NJ,100.00,0.00,0.00,0.00,0.00,0.00,2021-01-26,2021-02-01,2
20210119,34025,Monmouth County,NJ,100.00,0.00,0.00,0.00,0.00,0.00,2021-01-19,2021-01-25,2
20210112,34025,Monmouth County,NJ,100.00,0.00,0.00,0.00,0.00,0.00,2021-01-12,2021-01-18,2
20210105,34025,Monmouth County,NJ,100.00,0.00,0.00,0.00,0.00,0.00,2021-01-05,2021-01-11,2
20201229,34025,Monmouth County,NJ,100.00,0.00,0.00,0.00,0.00,0.00,2020-12-29,2021-01-04,2
20201222,34025,Monmouth County,NJ,100.00,0.00,0.00,0.00,0.00,0.00,2020-12-22,2020-12-28,2
20201215,34025,Monmouth County,NJ,100.00,0.00,0.00,0.00,0.00,0.00,2020-12-15,2020-12-21,2
20201208,34025,Monmouth County,NJ,100.00,0.00,0.00,0.00,0.00,0.00,2020-12-08,2020-12-14,2
20201201,34025,Monmouth County,NJ,100.00,0.00,0.00,0.00,0.00,0.00,2020-12-01,2020-12-07,2
20201124,34025,Monmouth County,NJ,100.00,0.00,0.00,0.00,0.00,0.00,2020-11-24,2020-11-30,2
20251118,34027,Morris County,NJ,0.00,1.03,98.05,0.92,0.00,0.00,2025-11-18,2025-11-24,2
20251111,34027,Morris County,NJ,0.00,1.03,98.05,0.92,0.00,0.00,2025-11-11,2025-11-17,2
20251104,34027,Morris County,NJ,0.00,1.03,98.05,0.92,0.00,0.00,2025-11-04,2025-11-10,2
20251028,34027,Morris County,NJ,0.00,0.00,72.77,27.23,0.00,0.00,2025-10-28,2025-11-03,2
20251021,34027,Morris County,NJ,0.00,0.00,72.77,27.23,0.00,0.00,2025-10-21,2025-10-27,2
20251014,34027,Morris County,NJ,0.00,2.52,70.25,27.23,0.00,0.00,2025-10-14,2025-10-20,2
20251007,34027,Morris County,NJ,0.00,3.16,76.86,19.98,0.00,0.00,2025-10-07,2025-10-13,2
20250930,34027,Morris County,NJ,3.13,76.89,19.98,0.00,0.00,0.00,2025-09-30,2025-10-06,2
20250923,34027,Morris County,NJ,3.13,76.89,19.98,0.00,0.00,0.00,2025-09-23,2025-09-29,2
20250916,34027,Morris County,NJ,14.31,65.71,19.98,0.00,0.00,0.00,2025-09-16,2025-09-22,2
20250909,34027,Morris County,NJ,13.12,66.90,19.98,0.00,0.00,0.00,2025-09-09,2025-09-15,2
20250902,34027,Morris County,NJ,2.57,72.83,24.60,0.00,0.00,0.00,2025-09-02,2025-09-08,2
20250826,34027,Morris County,NJ,13.66,63.56,22.77,0.00,0.00,0.00,2025-08-26,2025-09-01,2
20250819,34027,Morris County,NJ,13.66,67.66,18.68,0.00,0.00,0.00,2025-08-19,2025-08-25,2
20250812,34027,Morris County,NJ,13.66,86.34,0.00,0.00,0.00,0.00,2025-08-12,2025-08-18,2
20250805,34027,Morris County,NJ,100.00,0.00,0.00,0.00,0.00,0.00,2025-08-05,2025-08-11,2
20250729,34027,Morris County,NJ,100.00,0.00,0.00,0.00,0.00,0.00,2025-07-29,2025-08-04,2
20250722,34027,Morris County,NJ,100.00,0.00,0.00,0.00,0.00,0.00,2025-07-22,2025-07-28,2
20250715,34027,Morris County,NJ,100.00,0.00,0.00,0.00,0.00,0.00,2025-07-15,2025-07-21,2
20250708,34027,Morris County,NJ,100.00,0.00,0.00,0.00,0.00,0.00,2025-07-08,2025-07-14,2
20250701,34027,Morris County,NJ,100.00,0.00,0.00,0.00,0.00,0.00,2025-07-01,2025-07-07,2
20250624,34027,Morris County,NJ,100.00,0.00,0.00,0.00,0.00,0.00,2025-06-24,2025-06-30,2
20250617,34027,Morris County,NJ,100.00,0.00,0.00,0.00,0.00,0.00,2025-06-17,2025-06-23,2
20250610,34027,Morris County,NJ,100.00,0.00,0.00,0.00,0.00,0.00,2025-06-10,2025-06-16,2
20250603,34027,Morris County,NJ,100.00,0.00,0.00,0.00,0.00,0.00,2025-06-03,2025-06-09,2
20250527,34027,Morris County,NJ,97.74,2.26,0.00,0.00,0.00,0.00,2025-05-27,2025-06-02,2
20250520,34027,Morris County,NJ,49.97,50.03,0.00,0.00,0.00,0.00,2025-05-20,2025-05-26,2
20250513,34027,Morris County,NJ,1.03,89.30,9.67,0.00,0.00,0.00,2025-05-13,2025-05-19,2
20250506,34027,Morris County,NJ,0.00,63.13,27.08,9.79,0.00,0.00,2025-05-06,2025-05-12,2
20250429,34027,Morris County,NJ,0.00,62.41,27.80,9.79,0.00,0.00,2025-04-29,2025-05-05,2
20250422,34027,Morris County,NJ,0.00,62.41,28.01,9.58,0.00,0.00,2025-04-22,2025-04-28,2
20250415,34027,Morris County,NJ,0.00,62.41,28.01,9.58,0.00,0.00,2025-04-15,2025-04-21,2
20250408,34027,Morris County,NJ,0.00,62.41,28.01,9.58,0.00,0.00,2025-04-08,2025-04-14,2
20250401,34027,Morris County,NJ,0.00,0.00,90.42,9.58,0.00,0.00,2025-04-01,2025-04-07,2
20250325,34027,Morris County,NJ,0.00,0.00,90.42,9.58,0.00,0.00,2025-03-25,2025-03-31,2
20250318,34027,Morris County,NJ,0.00,0.00,90.42,9.58,0.00,0.00,2025-03-18,2025-03-24,2
20250311,34027,Morris County,NJ,0.00,0.00,100.00,0.00,0.00,0.00,2025-03-11,2025-03-17,2
20250304,34027,Morris County,NJ,0.00,0.00,84.01,15.99,0.00,0.00,2025-03-04,2025-03-10,2
20250225,34027,Morris County,NJ,0.00,0.00,84.01,15.99,0.00,0.00,2025-02-25,2025-03-03,2
20250218,34027,Morris County,NJ,0.00,0.00,88.76,11.24,0.00,0.00,2025-02-18,2025-02-24,2
20250211,34027,Morris County,NJ,0.00,0.00,88.76,11.24,0.00,0.00,2025-02-11,2025-02-17,2
20250204,34027,Morris County,NJ,0.00,0.00,88.64,11.36,0.00,0.00,2025-02-04,2025-02-10,2
20250128,34027,Morris County,NJ,0.00,0.00,100.00,0.00,0.00,0.00,2025-01-28,2025-02-03,2
20250121,34027,Morris County,NJ,0.00,0.00,100.00,0.00,0.00,0.00,2025-01-21,2025-01-27,2
20250114,34027,Morris County,NJ,0.00,0.00,100.00,0.00,0.00,0.00,2025-01-14,2025-01-20,2
20250107,34027,Morris County,NJ,0.00,0.00,100.00,0.00,0.00,0.00,2025-01-07,2025-01-13,2
20241231,34027,Morris County,NJ,0.00,0.00,100.00,0.00,0.00,0.00,2024-12-31,2025-01-06,2
20241224,34027,Morris County,NJ,0.00,0.00,100.00,0.00,0.00,0.00,2024-12-24,2024-12-30,2
20241217,34027,Morris County,NJ,0.00,0.00,99.97,0.03,0.00,0.00,2024-12-17,2024-12-23,2
20241210,34027,Morris County,NJ,0.00,0.00,0.00,100.00,0.00,0.00,2024-12-10,2024-12-16,2
20241203,34027,Morris County,NJ,0.00,0.00,0.00,100.00,0.00,0.00,2024-12-03,2024-12-09,2
20241126,34027,Morris County,NJ,0.00,0.00,0.00,100.00,0.00,0.00,2024-11-26,2024-12-02,2
20241119,34027,Morris County,NJ,0.00,0.00,0.00,100.00,0.00,0.00,2024-11-19,2024-11-25,2
20241112,34027,Morris County,NJ,0.00,0.00,0.00,100.00,0.00,0.00,2024-11-12,2024-11-18,2
20241105,34027,Morris County,NJ,0.00,0.00,52.37,47.63,0.00,0.00,2024-11-05,2024-11-11,2
20241029,34027,Morris County,NJ,0.00,0.00,100.00,0.00,0.00,0.00,2024-10-29,2024-11-04,2
20241022,34027,Morris County,NJ,0.00,58.32,41.68,0.00,0.00,0.00,2024-10-22,2024-10-28,2
20241015,34027,Morris County,NJ,0.00,100.00,0.00,0.00,0.00,0.00,2024-10-15,2024-10-21,2
20241008,34027,Morris County,NJ,23.65,76.35,0.00,0.00,0.00,0.00,2024-10-08,2024-10-14,2
20241001,34027,Morris County,NJ,1.35,98.65,0.00,0.00,0.00,0.00,2024-10-01,2024-10-07,2
20240924,34027,Morris County,NJ,12.81,87.19,0.00,0.00,0.00,0.00,2024-09-24,2024-09-30,2
20240917,34027,Morris County,NJ,100.00,0.00,0.00,0.00,0.00,0.00,2024-09-17,2024-09-23,2
20240910,34027,Morris County,NJ,100.00,0.00,0.00,0.00,0.00,0.00,2024-09-10,2024-09-16,2
20240903,34027,Morris County,NJ,100.00,0.00,0.00,0.00,0.00,0.00,2024-09-03,2024-09-09,2
20240827,34027,Morris County,NJ,100.00,0.00,0.00,0.00,0.00,0.00,2024-08-27,2024-09-02,2
20240820,34027,Morris County,NJ,100.00,0.00,0.00,0.00,0.00,0.00,2024-08-20,2024-08-26,2
20240813,34027,Morris County,NJ,93.44,6.56,0.00,0.00,0.00,0.00,2024-08-13,2024-08-19,2
20240806,34027,Morris County,NJ,0.78,92.62,6.60,0.00,0.00,0.00,2024-08-06,2024-08-12,2
20240730,34027,Morris County,NJ,0.68,89.22,10.10,0.00,0.00,0.00,2024-07-30,2024-08-05,2
20240723,34027,Morris County,NJ,0.63,89.27,10.10,0.00,0.00,0.00,2024-07-23,2024-07-29,2
20240716,34027,Morris County,NJ,0.64,89.00,10.36,0.00,0.00,0.00,2024-07-16,2024-07-22,2
20240709,34027,Morris County,NJ,0.64,99.36,0.00,0.00,0.00,0.00,2024-07-09,2024-07-15,2
20240702,34027,Morris County,NJ,0.64,99.36,0.00,0.00,0.00,0.00,2024-07-02,2024-07-08,2
20240625,34027,Morris County,NJ,0.00,100.00,0.00,0.00,0.00,0.00,2024-06-25,2024-07-01,2
20240618,34027,Morris County,NJ,76.73,23.27,0.00,0.00,0.00,0.00,2024-06-18,2024-06-24,2
20240611,34027,Morris County,NJ,100.00,0.00,0.00,0.00,0.00,0.00,2024-06-11,2024-06-17,2
20240604,34027,Morris County,NJ,100.00,0.00,0.00,0.00,0.00,0.00,2024-06-04,2024-06-10,2
20240528,34027,Morris County,NJ,100.00,0.00,0.00,0.00,0.00,0.00,2024-05-28,2024-06-03,2
20240521,34027,Morris County,NJ,100.00,0.00,0.00,0.00,0.00,0.00,2024-05-21,2024-05-27,2
20240514,34027,Morris County,NJ,100.00,0.00,0.00,0.00,0.00,0.00,2024-05-14,2024-05-20,2
20240507,34027,Morris County,NJ,100.00,0.00,0.00,0.00,0.00,0.00,2024-05-07,2024-05-13,2
20240430,34027,Morris County,NJ,100.00,0.00,0.00,0.00,0.00,0.00,2024-04-30,2024-05-06,2
20240423,34027,Morris County,NJ,100.00,0.00,0.00,0.00,0.00,0.00,2024-04-23,2024-04-29,2
20240416,34027,Morris County,NJ,100.00,0.00,0.00,0.00,0.00,0.00,2024-04-16,2024-04-22,2
20240409,34027,Morris County,NJ,100.00,0.00,0.00,0.00,0.00,0.00,2024-04-09,2024-04-15,2
20240402,34027,Morris County,NJ,100.00,0.00,0.00,0.00,0.00,0.00,2024-04-02,2024-04-08,2
20240326,34027,Morris County,NJ,100.00,0.00,0.00,0.00,0.00,0.00,2024-03-26,2024-04-01,2
20240319,34027,Morris County,NJ,100.00,0.00,0.00,0.00,0.00,0.00,2024-03-19,2024-03-25,2
20240312,34027,Morris County,NJ,100.00,0.00,0.00,0.00,0.00,0.00,2024-03-12,2024-03-18,2
20240305,34027,Morris County,NJ,100.00,0.00,0.00,0.00,0.00,0.00,2024-03-05,2024-03-11,2
20240227,34027,Morris County,NJ,100.00,0.00,0.00,0.00,0.00,0.00,2024-02-27,2024-03-04,2
20240220,34027,Morris County,NJ,100.00,0.00,0.00,0.00,0.00,0.00,2024-02-20,2024-02-26,2
20240213,34027,Morris County,NJ,100.00,0.00,0.00,0.00,0.00,0.00,2024-02-13,2024-02-19,2
20240206,34027,Morris County,NJ,100.00,0.00,0.00,0.00,0.00,0.00,2024-02-06,2024-02-12,2
20240130,34027,Morris County,NJ,100.00,0.00,0.00,0.00,0.00,0.00,2024-01-30,2024-02-05,2
20240123,34027,Morris County,NJ,100.00,0.00,0.00,0.00,0.00,0.00,2024-01-23,2024-01-29,2
20240116,34027,Morris County,NJ,100.00,0.00,0.00,0.00,0.00,0.00,2024-01-16,2024-01-22,2
20240109,34027,Morris County,NJ,100.00,0.00,0.00,0.00,0.00,0.00,2024-01-09,2024-01-15,2
20240102,34027,Morris County,NJ,100.00,0.00,0.00,0.00,0.00,0.00,2024-01-02,2024-01-08,2
20231226,34027,Morris County,NJ,100.00,0.00,0.00,0.00,0.00,0.00,2023-12-26,2024-01-01,2
20231219,34027,Morris County,NJ,100.00,0.00,0.00,0.00,0.00,0.00,2023-12-19,2023-12-25,2
20231212,34027,Morris County,NJ,100.00,0.00,0.00,0.00,0.00,0.00,2023-12-12,2023-12-18,2
20231205,34027,Morris County,NJ,64.42,35.58,0.00,0.00,0.00,0.00,2023-12-05,2023-12-11,2
20231128,34027,Morris County,NJ,64.42,35.58,0.00,0.00,0.00,0.00,2023-11-28,2023-12-04,2
20231121,34027,Morris County,NJ,9.71,90.29,0.00,0.00,0.00,0.00,2023-11-21,2023-11-27,2
20231114,34027,Morris County,NJ,70.04,29.96,0.00,0.00,0.00,0.00,2023-11-14,2023-11-20,2
20231107,34027,Morris County,NJ,98.09,1.91,0.00,0.00,0.00,0.00,2023-11-07,2023-11-13,2
20231031,34027,Morris County,NJ,100.00,0.00,0.00,0.00,0.00,0.00,2023-10-31,2023-11-06,2
20231024,34027,Morris County,NJ,100.00,0.00,0.00,0.00,0.00,0.00,2023-10-24,2023-10-30,2
20231017,34027,Morris County,NJ,100.00,0.00,0.00,0.00,0.00,0.00,2023-10-17,2023-10-23,2
20231010,34027,Morris County,NJ,100.00,0.00,0.00,0.00,0.00,0.00,2023-10-10,2023-10-16,2
20231003,34027,Morris County,NJ,100.00,0.00,0.00,0.00,0.00,0.00,2023-10-03,2023-10-09,2
20230926,34027,Morris County,NJ,100.00,0.00,0.00,0.00,0.00,0.00,2023-09-26,2023-10-02,2
20230919,34027,Morris County,NJ,100.00,0.00,0.00,0.00,0.00,0.00,2023-09-19,2023-09-25,2
20230912,34027,Morris County,NJ,100.00,0.00,0.00,0.00,0.00,0.00,2023-09-12,2023-09-18,2
20230905,34027,Morris County,NJ,100.00,0.00,0.00,0.00,0.00,0.00,2023-09-05,2023-09-11,2
20230829,34027,Morris County,NJ,100.00,0.00,0.00,0.00,0.00,0.00,2023-08-29,2023-09-04,2
20230822,34027,Morris County,NJ,100.00,0.00,0.00,0.00,0.00,0.00,2023-08-22,2023-08-28,2
20230815,34027,Morris County,NJ,100.00,0.00,0.00,0.00,0.00,0.00,2023-08-15,2023-08-21,2
20230808,34027,Morris County,NJ,100.00,0.00,0.00,0.00,0.00,0.00,2023-08-08,2023-08-14,2
20230801,34027,Morris County,NJ,100.00,0.00,0.00,0.00,0.00,0.00,2023-08-01,2023-08-07,2
20230725,34027,Morris County,NJ,100.00,0.00,0.00,0.00,0.00,0.00,2023-07-25,2023-07-31,2
20230718,34027,Morris County,NJ,100.00,0.00,0.00,0.00,0.00,0.00,2023-07-18,2023-07-24,2
20230711,34027,Morris County,NJ,100.00,0.00,0.00,0.00,0.00,0.00,2023-07-11,2023-07-17,2
20230704,34027,Morris County,NJ,0.00,100.00,0.00,0.00,0.00,0.00,2023-07-04,2023-07-10,2
20230627,34027,Morris County,NJ,0.00,89.11,10.89,0.00,0.00,0.00,2023-06-27,2023-07-03,2
20230620,34027,Morris County,NJ,0.00,9.22,90.78,0.00,0.00,0.00,2023-06-20,2023-06-26,2
20230613,34027,Morris County,NJ,0.00,100.00,0.00,0.00,0.00,0.00,2023-06-13,2023-06-19,2
20230606,34027,Morris County,NJ,0.00,100.00,0.00,0.00,0.00,0.00,2023-06-06,2023-06-12,2
20230530,34027,Morris County,NJ,98.26,1.74,0.00,0.00,0.00,0.00,2023-05-30,2023-06-05,2
20230523,34027,Morris County,NJ,100.00,0.00,0.00,0.00,0.00,0.00,2023-05-23,2023-05-29,2
20230516,34027,Morris County,NJ,100.00,0.00,0.00,0.00,0.00,0.00,2023-05-16,2023-05-22,2
20230509,34027,Morris County,NJ,100.00,0.00,0.00,0.00,0.00,0.00,2023-05-09,2023-05-15,2
20230502,34027,Morris County,NJ,100.00,0.00,0.00,0.00,0.00,0.00,2023-05-02,2023-05-08,2
20230425,34027,Morris County,NJ,0.00,84.16,15.84,0.00,0.00,0.00,2023-04-25,2023-05-01,2
20230418,34027,Morris County,NJ,0.00,84.16,15.84,0.00,0.00,0.00,2023-04-18,2023-04-24,2
20230411,34027,Morris County,NJ,0.77,99.23,0.00,0.00,0.00,0.00,2023-04-11,2023-04-17,2
20230404,34027,Morris County,NJ,99.01,0.99,0.00,0.00,0.00,0.00,2023-04-04,2023-04-10,2
20230328,34027,Morris County,NJ,100.00,0.00,0.00,0.00,0.00,0.00,2023-03-28,2023-04-03,2
20230321,34027,Morris County,NJ,100.00,0.00,0.00,0.00,0.00,0.00,2023-03-21,2023-03-27,2
20230314,34027,Morris County,NJ,100.00,0.00,0.00,0.00,0.00,0.00,2023-03-14,2023-03-20,2
20230307,34027,Morris County,NJ,100.00,0.00,0.00,0.00,0.00,0.00,2023-03-07,2023-03-13,2
20230228,34027,Morris County,NJ,100.00,0.00,0.00,0.00,0.00,0.00,2023-02-28,2023-03-06,2
20230221,34027,Morris County,NJ,100.00,0.00,0.00,0.00,0.00,0.00,2023-02-21,2023-02-27,2
20230214,34027,Morris County,NJ,100.00,0.00,0.00,0.00,0.00,0.00,2023-02-14,2023-02-20,2
20230207,34027,Morris County,NJ,100.00,0.00,0.00,0.00,0.00,0.00,2023-02-07,2023-02-13,2
20230131,34027,Morris County,NJ,100.00,0.00,0.00,0.00,0.00,0.00,2023-01-31,2023-02-06,2
20230124,34027,Morris County,NJ,86.84,13.16,0.00,0.00,0.00,0.00,2023-01-24,2023-01-30,2
20230117,34027,Morris County,NJ,86.84,13.16,0.00,0.00,0.00,0.00,2023-01-17,2023-01-23,2
20230110,34027,Morris County,NJ,86.73,13.27,0.00,0.00,0.00,0.00,2023-01-10,2023-01-16,2
20230103,34027,Morris County,NJ,86.73,13.27,0.00,0.00,0.00,0.00,2023-01-03,2023-01-09,2
20221227,34027,Morris County,NJ,86.73,13.27,0.00,0.00,0.00,0.00,2022-12-27,2023-01-02,2
20221220,34027,Morris County,NJ,69.14,29.85,1.02,0.00,0.00,0.00,2022-12-20,2022-12-26,2
20221213,34027,Morris County,NJ,23.69,45.89,30.41,0.00,0.00,0.00,2022-12-13,2022-12-19,2
20221206,34027,Morris County,NJ,23.69,45.89,30.41,0.00,0.00,0.00,2022-12-06,2022-12-12,2
20221129,34027,Morris County,NJ,23.69,45.89,30.41,0.00,0.00,0.00,2022-11-29,2022-12-05,2
20221122,34027,Morris County,NJ,23.69,45.89,30.41,0.00,0.00,0.00,2022-11-22,2022-11-28,2
20221115,34027,Morris County,NJ,23.36,46.22,30.41,0.00,0.00,0.00,2022-11-15,2022-11-21,2
20221108,34027,Morris County,NJ,23.36,33.30,43.34,0.00,0.00,0.00,2022-11-08,2022-11-14,2
20221101,34027,Morris County,NJ,33.28,34.02,32.70,0.00,0.00,0.00,2022-11-01,2022-11-07,2
20221025,34027,Morris County,NJ,33.28,34.02,32.70,0.00,0.00,0.00,2022-10-25,2022-10-31,2
20221018,34027,Morris County,NJ,14.06,20.76,65.17,0.00,0.00,0.00,2022-10-18,2022-10-24,2
20221011,34027,Morris County,NJ,0.01,28.09,71.90,0.00,0.00,0.00,2022-10-11,2022-10-17,2
20221004,34027,Morris County,NJ,0.00,18.64,81.36,0.00,0.00,0.00,2022-10-04,2022-10-10,2
20220927,34027,Morris County,NJ,0.00,18.64,81.36,0.00,0.00,0.00,2022-09-27,2022-10-03,2
20220920,34027,Morris County,NJ,0.00,9.69,90.31,0.00,0.00,0.00,2022-09-20,2022-09-26,2
20220913,34027,Morris County,NJ,0.00,9.69,85.46,4.85,0.00,0.00,2022-09-13,2022-09-19,2
20220906,34027,Morris County,NJ,0.00,9.69,82.71,7.59,0.00,0.00,2022-09-06,2022-09-12,2
20220830,34027,Morris County,NJ,0.00,9.74,82.80,7.46,0.00,0.00,2022-08-30,2022-09-05,2
20220823,34027,Morris County,NJ,0.00,0.00,92.76,7.24,0.00,0.00,2022-08-23,2022-08-29,2
20220816,34027,Morris County,NJ,0.00,24.88,67.89,7.24,0.00,0.00,2022-08-16,2022-08-22,2
20220809,34027,Morris County,NJ,0.65,80.34,19.01,0.00,0.00,0.00,2022-08-09,2022-08-15,2
20220802,34027,Morris County,NJ,0.65,97.53,1.82,0.00,0.00,0.00,2022-08-02,2022-08-08,2
20220726,34027,Morris County,NJ,0.65,97.53,1.82,0.00,0.00,0.00,2022-07-26,2022-08-01,2
20220719,34027,Morris County,NJ,0.65,99.35,0.00,0.00,0.00,0.00,2022-07-19,2022-07-25,2
20220712,34027,Morris County,NJ,0.64,99.36,0.00,0.00,0.00,0.00,2022-07-12,2022-07-18,2
20220705,34027,Morris County,NJ,8.29,91.71,0.00,0.00,0.00,0.00,2022-07-05,2022-07-11,2
20220628,34027,Morris County,NJ,100.00,0.00,0.00,0.00,0.00,0.00,2022-06-28,2022-07-04,2
20220621,34027,Morris County,NJ,100.00,0.00,0.00,0.00,0.00,0.00,2022-06-21,2022-06-27,2
20220614,34027,Morris County,NJ,100.00,0.00,0.00,0.00,0.00,0.00,2022-06-14,2022-06-20,2
20220607,34027,Morris County,NJ,100.00,0.00,0.00,0.00,0.00,0.00,2022-06-07,2022-06-13,2
20220531,34027,Morris County,NJ,100.00,0.00,0.00,0.00,0.00,0.00,2022-05-31,2022-06-06,2
20220524,34027,Morris County,NJ,100.00,0.00,0.00,0.00,0.00,0.00,2022-05-24,2022-05-30,2
20220517,34027,Morris County,NJ,100.00,0.00,0.00,0.00,0.00,0.00,2022-05-17,2022-05-23,2
20220510,34027,Morris County,NJ,100.00,0.00,0.00,0.00,0.00,0.00,2022-05-10,2022-05-16,2
20220503,34027,Morris County,NJ,100.00,0.00,0.00,0.00,0.00,0.00,2022-05-03,2022-05-09,2
20220426,34027,Morris County,NJ,100.00,0.00,0.00,0.00,0.00,0.00,2022-04-26,2022-05-02,2
20220419,34027,Morris County,NJ,100.00,0.00,0.00,0.00,0.00,0.00,2022-04-19,2022-04-25,2
20220412,34027,Morris County,NJ,100.00,0.00,0.00,0.00,0.00,0.00,2022-04-12,2022-04-18,2
20220405,34027,Morris County,NJ,0.00,100.00,0.00,0.00,0.00,0.00,2022-04-05,2022-04-11,2
20220329,34027,Morris County,NJ,0.00,100.00,0.00,0.00,0.00,0.00,2022-03-29,2022-04-04,2
20220322,34027,Morris County,NJ,0.00,100.00,0.00,0.00,0.00,0.00,2022-03-22,2022-03-28,2
20220315,34027,Morris County,NJ,36.28,63.72,0.00,0.00,0.00,0.00,2022-03-15,2022-03-21,2
20220308,34027,Morris County,NJ,36.28,63.72,0.00,0.00,0.00,0.00,2022-03-08,2022-03-14,2
20220301,34027,Morris County,NJ,36.76,63.24,0.00,0.00,0.00,0.00,2022-03-01,2022-03-07,2
20220222,34027,Morris County,NJ,36.76,63.24,0.00,0.00,0.00,0.00,2022-02-22,2022-02-28,2
20220215,34027,Morris County,NJ,36.76,63.24,0.00,0.00,0.00,0.00,2022-02-15,2022-02-21,2
20220208,34027,Morris County,NJ,36.76,63.24,0.00,0.00,0.00,0.00,2022-02-08,2022-02-14,2
20220201,34027,Morris County,NJ,36.76,63.24,0.00,0.00,0.00,0.00,2022-02-01,2022-02-07,2
20220125,34027,Morris County,NJ,100.00,0.00,0.00,0.00,0.00,0.00,2022-01-25,2022-01-31,2
20220118,34027,Morris County,NJ,100.00,0.00,0.00,0.00,0.00,0.00,2022-01-18,2022-01-24,2
20220111,34027,Morris County,NJ,100.00,0.00,0.00,0.00,0.00,0.00,2022-01-11,2022-01-17,2
20220104,34027,Morris County,NJ,100.00,0.00,0.00,0.00,0.00,0.00,2022-01-04,2022-01-10,2
20211228,34027,Morris County,NJ,100.00,0.00,0.00,0.00,0.00,0.00,2021-12-28,2022-01-03,2
20211221,34027,Morris County,NJ,100.00,0.00,0.00,0.00,0.00,0.00,2021-12-21,2021-12-27,2
20211214,34027,Morris County,NJ,100.00,0.00,0.00,0.00,0.00,0.00,2021-12-14,2021-12-20,2
20211207,34027,Morris County,NJ,100.00,0.00,0.00,0.00,0.00,0.00,2021-12-07,2021-12-13,2
20211130,34027,Morris County,NJ,100.00,0.00,0.00,0.00,0.00,0.00,2021-11-30,2021-12-06,2
20211123,34027,Morris County,NJ,100.00,0.00,0.00,0.00,0.00,0.00,2021-11-23,2021-11-29,2
20211116,34027,Morris County,NJ,100.00,0.00,0.00,0.00,0.00,0.00,2021-11-16,2021-11-22,2
20211109,34027,Morris County,NJ,100.00,0.00,0.00,0.00,0.00,0.00,2021-11-09,2021-11-15,2
20211102,34027,Morris County,NJ,100.00,0.00,0.00,0.00,0.00,0.00,2021-11-02,2021-11-08,2
20211026,34027,Morris County,NJ,100.00,0.00,0.00,0.00,0.00,0.00,2021-10-26,2021-11-01,2
20211019,34027,Morris County,NJ,100.00,0.00,0.00,0.00,0.00,0.00,2021-10-19,2021-10-25,2
20211012,34027,Morris County,NJ,100.00,0.00,0.00,0.00,0.00,0.00,2021-10-12,2021-10-18,2
20211005,34027,Morris County,NJ,100.00,0.00,0.00,0.00,0.00,0.00,2021-10-05,2021-10-11,2
20210928,34027,Morris County,NJ,100.00,0.00,0.00,0.00,0.00,0.00,2021-09-28,2021-10-04,2
20210921,34027,Morris County,NJ,100.00,0.00,0.00,0.00,0.00,0.00,2021-09-21,2021-09-27,2
20210914,34027,Morris County,NJ,100.00,0.00,0.00,0.00,0.00,0.00,2021-09-14,2021-09-20,2
20210907,34027,Morris County,NJ,100.00,0.00,0.00,0.00,0.00,0.00,2021-09-07,2021-09-13,2
20210831,34027,Morris County,NJ,100.00,0.00,0.00,0.00,0.00,0.00,2021-08-31,2021-09-06,2
20210824,34027,Morris County,NJ,100.00,0.00,0.00,0.00,0.00,0.00,2021-08-24,2021-08-30,2
20210817,34027,Morris County,NJ,100.00,0.00,0.00,0.00,0.00,0.00,2021-08-17,2021-08-23,2
20210810,34027,Morris County,NJ,100.00,0.00,0.00,0.00,0.00,0.00,2021-08-10,2021-08-16,2
20210803,34027,Morris County,NJ,100.00,0.00,0.00,0.00,0.00,0.00,2021-08-03,2021-08-09,2
20210727,34027,Morris County,NJ,100.00,0.00,0.00,0.00,0.00,0.00,2021-07-27,2021-08-02,2
20210720,34027,Morris County,NJ,100.00,0.00,0.00,0.00,0.00,0.00,2021-07-20,2021-07-26,2
20210713,34027,Morris County,NJ,100.00,0.00,0.00,0.00,0.00,0.00,2021-07-13,2021-07-19,2
20210706,34027,Morris County,NJ,100.00,0.00,0.00,0.00,0.00,0.00,2021-07-06,2021-07-12,2
20210629,34027,Morris County,NJ,100.00,0.00,0.00,0.00,0.00,0.00,2021-06-29,2021-07-05,2
20210622,34027,Morris County,NJ,100.00,0.00,0.00,0.00,0.00,0.00,2021-06-22,2021-06-28,2
20210615,34027,Morris County,NJ,100.00,0.00,0.00,0.00,0.00,0.00,2021-06-15,2021-06-21,2
20210608,34027,Morris County,NJ,100.00,0.00,0.00,0.00,0.00,0.00,2021-06-08,2021-06-14,2
20210601,34027,Morris County,NJ,98.47,1.53,0.00,0.00,0.00,0.00,2021-06-01,2021-06-07,2
20210525,34027,Morris County,NJ,0.00,100.00,0.00,0.00,0.00,0.00,2021-05-25,2021-05-31,2
20210518,34027,Morris County,NJ,100.00,0.00,0.00,0.00,0.00,0.00,2021-05-18,2021-05-24,2
20210511,34027,Morris County,NJ,100.00,0.00,0.00,0.00,0.00,0.00,2021-05-11,2021-05-17,2
20210504,34027,Morris County,NJ,100.00,0.00,0.00,0.00,0.00,0.00,2021-05-04,2021-05-10,2
20210427,34027,Morris County,NJ,100.00,0.00,0.00,0.00,0.00,0.00,2021-04-27,2021-05-03,2
20210420,34027,Morris County,NJ,100.00,0.00,0.00,0.00,0.00,0.00,2021-04-20,2021-04-26,2
20210413,34027,Morris County,NJ,100.00,0.00,0.00,0.00,0.00,0.00,2021-04-13,2021-04-19,2
20210406,34027,Morris County,NJ,100.00,0.00,0.00,0.00,0.00,0.00,2021-04-06,2021-04-12,2
20210330,34027,Morris County,NJ,100.00,0.00,0.00,0.00,0.00,0.00,2021-03-30,2021-04-05,2
20210323,34027,Morris County,NJ,100.00,0.00,0.00,0.00,0.00,0.00,2021-03-23,2021-03-29,2
20210316,34027,Morris County,NJ,100.00,0.00,0.00,0.00,0.00,0.00,2021-03-16,2021-03-22,2
20210309,34027,Morris County,NJ,100.00,0.00,0.00,0.00,0.00,0.00,2021-03-09,2021-03-15,2
20210302,34027,Morris County,NJ,100.00,0.00,0.00,0.00,0.00,0.00,2021-03-02,2021-03-08,2
20210223,34027,Morris County,NJ,100.00,0.00,0.00,0.00,0.00,0.00,2021-02-23,2021-03-01,2
20210216,34027,Morris County,NJ,100.00,0.00,0.00,0.00,0.00,0.00,2021-02-16,2021-02-22,2
20210209,34027,Morris County,NJ,100.00,0.00,0.00,0.00,0.00,0.00,2021-02-09,2021-02-15,2
20210202,34027,Morris County,NJ,100.00,0.00,0.00,0.00,0.00,0.00,2021-02-02,2021-02-08,2
20210126,34027,Morris County,NJ,100.00,0.00,0.00,0.00,0.00,0.00,2021-01-26,2021-02-01,2
20210119,34027,Morris County,NJ,100.00,0.00,0.00,0.00,0.00,0.00,2021-01-19,2021-01-25,2
20210112,34027,Morris County,NJ,100.00,0.00,0.00,0.00,0.00,0.00,2021-01-12,2021-01-18,2
20210105,34027,Morris County,NJ,100.00,0.00,0.00,0.00,0.00,0.00,2021-01-05,2021-01-11,2
20201229,34027,Morris County,NJ,100.00,0.00,0.00,0.00,0.00,0.00,2020-12-29,2021-01-04,2
20201222,34027,Morris County,NJ,100.00,0.00,0.00,0.00,0.00,0.00,2020-12-22,2020-12-28,2
20201215,34027,Morris County,NJ,100.00,0.00,0.00,0.00,0.00,0.00,2020-12-15,2020-12-21,2
20201208,34027,Morris County,NJ,100.00,0.00,0.00,0.00,0.00,0.00,2020-12-08,2020-12-14,2
20201201,34027,Morris County,NJ,100.00,0.00,0.00,0.00,0.00,0.00,2020-12-01,2020-12-07,2
20201124,34027,Morris County,NJ,100.00,0.00,0.00,0.00,0.00,0.00,2020-11-24,2020-11-30,2
20251118,34029,Ocean County,NJ,90.20,9.39,0.41,0.00,0.00,0.00,2025-11-18,2025-11-24,2
20251111,34029,Ocean County,NJ,90.20,9.39,0.41,0.00,0.00,0.00,2025-11-11,2025-11-17,2
20251104,34029,Ocean County,NJ,90.14,9.45,0.41,0.00,0.00,0.00,2025-11-04,2025-11-10,2
20251028,34029,Ocean County,NJ,70.46,29.02,0.51,0.00,0.00,0.00,2025-10-28,2025-11-03,2
20251021,34029,Ocean County,NJ,70.19,29.81,0.00,0.00,0.00,0.00,2025-10-21,2025-10-27,2
20251014,34029,Ocean County,NJ,70.19,29.81,0.00,0.00,0.00,0.00,2025-10-14,2025-10-20,2
20251007,34029,Ocean County,NJ,21.40,78.60,0.00,0.00,0.00,0.00,2025-10-07,2025-10-13,2
20250930,34029,Ocean County,NJ,66.38,33.62,0.00,0.00,0.00,0.00,2025-09-30,2025-10-06,2
20250923,34029,Ocean County,NJ,66.38,33.62,0.00,0.00,0.00,0.00,2025-09-23,2025-09-29,2
20250916,34029,Ocean County,NJ,66.38,33.62,0.00,0.00,0.00,0.00,2025-09-16,2025-09-22,2
20250909,34029,Ocean County,NJ,100.00,0.00,0.00,0.00,0.00,0.00,2025-09-09,2025-09-15,2
20250902,34029,Ocean County,NJ,100.00,0.00,0.00,0.00,0.00,0.00,2025-09-02,2025-09-08,2
20250826,34029,Ocean County,NJ,100.00,0.00,0.00,0.00,0.00,0.00,2025-08-26,2025-09-01,2
20250819,34029,Ocean County,NJ,100.00,0.00,0.00,0.00,0.00,0.00,2025-08-19,2025-08-25,2
20250812,34029,Ocean County,NJ,100.00,0.00,0.00,0.00,0.00,0.00,2025-08-12,2025-08-18,2
20250805,34029,Ocean County,NJ,100.00,0.00,0.00,0.00,0.00,0.00,2025-08-05,2025-08-11,2
20250729,34029,Ocean County,NJ,100.00,0.00,0.00,0.00,0.00,0.00,2025-07-29,2025-08-04,2
20250722,34029,Ocean County,NJ,100.00,0.00,0.00,0.00,0.00,0.00,2025-07-22,2025-07-28,2
20250715,34029,Ocean County,NJ,100.00,0.00,0.00,0.00,0.00,0.00,2025-07-15,2025-07-21,2
20250708,34029,Ocean County,NJ,26.49,73.51,0.00,0.00,0.00,0.00,2025-07-08,2025-07-14,2
20250701,34029,Ocean County,NJ,26.49,73.51,0.00,0.00,0.00,0.00,2025-07-01,2025-07-07,2
20250624,34029,Ocean County,NJ,78.65,21.35,0.00,0.00,0.00,0.00,2025-06-24,2025-06-30,2
20250617,34029,Ocean County,NJ,78.65,21.35,0.00,0.00,0.00,0.00,2025-06-17,2025-06-23,2
20250610,34029,Ocean County,NJ,90.07,9.93,0.00,0.00,0.00,0.00,2025-06-10,2025-06-16,2
20250603,34029,Ocean County,NJ,89.71,10.29,0.00,0.00,0.00,0.00,2025-06-03,2025-06-09,2
20250527,34029,Ocean County,NJ,89.52,10.48,0.00,0.00,0.00,0.00,2025-05-27,2025-06-02,2
20250520,34029,Ocean County,NJ,89.52,10.48,0.00,0.00,0.00,0.00,2025-05-20,2025-05-26,2
20250513,34029,Ocean County,NJ,76.66,12.87,10.48,0.00,0.00,0.00,2025-05-13,2025-05-19,2
20250506,34029,Ocean County,NJ,35.93,48.36,15.71,0.00,0.00,0.00,2025-05-06,2025-05-12,2
20250429,34029,Ocean County,NJ,35.93,48.36,15.71,0.00,0.00,0.00,2025-04-29,2025-05-05,2
20250422,34029,Ocean County,NJ,35.93,48.36,15.71,0.00,0.00,0.00,2025-04-22,2025-04-28,2
20250415,34029,Ocean County,NJ,35.93,48.36,15.71,0.00,0.00,0.00,2025-04-15,2025-04-21,2
20250408,34029,Ocean County,NJ,14.87,69.42,15.71,0.00,0.00,0.00,2025-04-08,2025-04-14,2
20250401,34029,Ocean County,NJ,0.00,63.05,36.95,0.00,0.00,0.00,2025-04-01,2025-04-07,2
20250325,34029,Ocean County,NJ,0.00,36.99,63.01,0.00,0.00,0.00,2025-03-25,2025-03-31,2
20250318,34029,Ocean County,NJ,0.00,7.34,72.89,19.76,0.00,0.00,2025-03-18,2025-03-24,2
20250311,34029,Ocean County,NJ,0.00,0.00,11.77,73.27,14.96,0.00,2025-03-11,2025-03-17,2
20250304,34029,Ocean County,NJ,0.00,0.00,12.18,65.10,22.71,0.00,2025-03-04,2025-03-10,2
20250225,34029,Ocean County,NJ,0.00,0.00,12.18,65.10,22.71,0.00,2025-02-25,2025-03-03,2
20250218,34029,Ocean County,NJ,0.00,0.00,12.18,65.10,22.71,0.00,2025-02-18,2025-02-24,2
20250211,34029,Ocean County,NJ,0.00,0.00,0.00,12.84,87.16,0.00,2025-02-11,2025-02-17,2
20250204,34029,Ocean County,NJ,0.00,0.00,0.00,12.84,87.16,0.00,2025-02-04,2025-02-10,2
20250128,34029,Ocean County,NJ,0.00,0.00,0.00,12.84,87.16,0.00,2025-01-28,2025-02-03,2
20250121,34029,Ocean County,NJ,0.00,0.00,0.05,12.79,87.16,0.00,2025-01-21,2025-01-27,2
20250114,34029,Ocean County,NJ,0.00,0.00,0.05,12.79,87.16,0.00,2025-01-14,2025-01-20,2
20250107,34029,Ocean County,NJ,0.00,0.00,0.05,12.79,87.16,0.00,2025-01-07,2025-01-13,2
20241231,34029,Ocean County,NJ,0.00,0.00,0.00,12.84,87.16,0.00,2024-12-31,2025-01-06,2
20241224,34029,Ocean County,NJ,0.00,0.00,0.00,0.00,100.00,0.00,2024-12-24,2024-12-30,2
20241217,34029,Ocean County,NJ,0.00,0.00,0.00,0.00,100.00,0.00,2024-12-17,2024-12-23,2
20241210,34029,Ocean County,NJ,0.00,0.00,0.00,0.00,100.00,0.00,2024-12-10,2024-12-16,2
20241203,34029,Ocean County,NJ,0.00,0.00,0.00,0.00,100.00,0.00,2024-12-03,2024-12-09,2
20241126,34029,Ocean County,NJ,0.00,0.00,0.00,0.00,100.00,0.00,2024-11-26,2024-12-02,2
20241119,34029,Ocean County,NJ,0.00,0.00,0.00,0.00,100.00,0.00,2024-11-19,2024-11-25,2
20241112,34029,Ocean County,NJ,0.00,0.00,0.00,36.26,63.74,0.00,2024-11-12,2024-11-18,2
20241105,34029,Ocean County,NJ,0.00,0.00,0.00,36.26,63.74,0.00,2024-11-05,2024-11-11,2
20241029,34029,Ocean County,NJ,0.00,0.00,2.83,97.17,0.00,0.00,2024-10-29,2024-11-04,2
20241022,34029,Ocean County,NJ,0.00,0.00,4.00,96.00,0.00,0.00,2024-10-22,2024-10-28,2
20241015,34029,Ocean County,NJ,0.00,0.00,66.79,33.21,0.00,0.00,2024-10-15,2024-10-21,2
20241008,34029,Ocean County,NJ,0.00,0.13,99.87,0.00,0.00,0.00,2024-10-08,2024-10-14,2
20241001,34029,Ocean County,NJ,0.00,42.38,57.62,0.00,0.00,0.00,2024-10-01,2024-10-07,2
20240924,34029,Ocean County,NJ,0.00,55.36,44.64,0.00,0.00,0.00,2024-09-24,2024-09-30,2
20240917,34029,Ocean County,NJ,0.67,99.33,0.00,0.00,0.00,0.00,2024-09-17,2024-09-23,2
20240910,34029,Ocean County,NJ,2.92,97.08,0.00,0.00,0.00,0.00,2024-09-10,2024-09-16,2
20240903,34029,Ocean County,NJ,2.36,97.64,0.00,0.00,0.00,0.00,2024-09-03,2024-09-09,2
20240827,34029,Ocean County,NJ,48.83,51.17,0.00,0.00,0.00,0.00,2024-08-27,2024-09-02,2
20240820,34029,Ocean County,NJ,48.83,51.17,0.00,0.00,0.00,0.00,2024-08-20,2024-08-26,2
20240813,34029,Ocean County,NJ,25.77,74.23,0.00,0.00,0.00,0.00,2024-08-13,2024-08-19,2
20240806,34029,Ocean County,NJ,69.64,25.59,4.76,0.00,0.00,0.00,2024-08-06,2024-08-12,2
20240730,34029,Ocean County,NJ,69.48,25.76,4.76,0.00,0.00,0.00,2024-07-30,2024-08-05,2
20240723,34029,Ocean County,NJ,70.08,25.15,4.76,0.00,0.00,0.00,2024-07-23,2024-07-29,2
20240716,34029,Ocean County,NJ,69.31,25.93,4.76,0.00,0.00,0.00,2024-07-16,2024-07-22,2
20240709,34029,Ocean County,NJ,29.78,70.22,0.00,0.00,0.00,0.00,2024-07-09,2024-07-15,2
20240702,34029,Ocean County,NJ,43.17,56.83,0.00,0.00,0.00,0.00,2024-07-02,2024-07-08,2
20240625,34029,Ocean County,NJ,42.05,57.95,0.00,0.00,0.00,0.00,2024-06-25,2024-07-01,2
20240618,34029,Ocean County,NJ,94.92,5.08,0.00,0.00,0.00,0.00,2024-06-18,2024-06-24,2
20240611,34029,Ocean County,NJ,100.00,0.00,0.00,0.00,0.00,0.00,2024-06-11,2024-06-17,2
20240604,34029,Ocean County,NJ,100.00,0.00,0.00,0.00,0.00,0.00,2024-06-04,2024-06-10,2
20240528,34029,Ocean County,NJ,100.00,0.00,0.00,0.00,0.00,0.00,2024-05-28,2024-06-03,2
20240521,34029,Ocean County,NJ,100.00,0.00,0.00,0.00,0.00,0.00,2024-05-21,2024-05-27,2
20240514,34029,Ocean County,NJ,100.00,0.00,0.00,0.00,0.00,0.00,2024-05-14,2024-05-20,2
20240507,34029,Ocean County,NJ,100.00,0.00,0.00,0.00,0.00,0.00,2024-05-07,2024-05-13,2
20240430,34029,Ocean County,NJ,100.00,0.00,0.00,0.00,0.00,0.00,2024-04-30,2024-05-06,2
20240423,34029,Ocean County,NJ,100.00,0.00,0.00,0.00,0.00,0.00,2024-04-23,2024-04-29,2
20240416,34029,Ocean County,NJ,100.00,0.00,0.00,0.00,0.00,0.00,2024-04-16,2024-04-22,2
20240409,34029,Ocean County,NJ,100.00,0.00,0.00,0.00,0.00,0.00,2024-04-09,2024-04-15,2
20240402,34029,Ocean County,NJ,100.00,0.00,0.00,0.00,0.00,0.00,2024-04-02,2024-04-08,2
20240326,34029,Ocean County,NJ,100.00,0.00,0.00,0.00,0.00,0.00,2024-03-26,2024-04-01,2
20240319,34029,Ocean County,NJ,100.00,0.00,0.00,0.00,0.00,0.00,2024-03-19,2024-03-25,2
20240312,34029,Ocean County,NJ,100.00,0.00,0.00,0.00,0.00,0.00,2024-03-12,2024-03-18,2
20240305,34029,Ocean County,NJ,100.00,0.00,0.00,0.00,0.00,0.00,2024-03-05,2024-03-11,2
20240227,34029,Ocean County,NJ,100.00,0.00,0.00,0.00,0.00,0.00,2024-02-27,2024-03-04,2
20240220,34029,Ocean County,NJ,100.00,0.00,0.00,0.00,0.00,0.00,2024-02-20,2024-02-26,2
20240213,34029,Ocean County,NJ,100.00,0.00,0.00,0.00,0.00,0.00,2024-02-13,2024-02-19,2
20240206,34029,Ocean County,NJ,100.00,0.00,0.00,0.00,0.00,0.00,2024-02-06,2024-02-12,2
20240130,34029,Ocean County,NJ,100.00,0.00,0.00,0.00,0.00,0.00,2024-01-30,2024-02-05,2
20240123,34029,Ocean County,NJ,100.00,0.00,0.00,0.00,0.00,0.00,2024-01-23,2024-01-29,2
20240116,34029,Ocean County,NJ,100.00,0.00,0.00,0.00,0.00,0.00,2024-01-16,2024-01-22,2
20240109,34029,Ocean County,NJ,100.00,0.00,0.00,0.00,0.00,0.00,2024-01-09,2024-01-15,2
20240102,34029,Ocean County,NJ,100.00,0.00,0.00,0.00,0.00,0.00,2024-01-02,2024-01-08,2
20231226,34029,Ocean County,NJ,100.00,0.00,0.00,0.00,0.00,0.00,2023-12-26,2024-01-01,2
20231219,34029,Ocean County,NJ,100.00,0.00,0.00,0.00,0.00,0.00,2023-12-19,2023-12-25,2
20231212,34029,Ocean County,NJ,98.48,1.52,0.00,0.00,0.00,0.00,2023-12-12,2023-12-18,2
20231205,34029,Ocean County,NJ,98.48,1.52,0.00,0.00,0.00,0.00,2023-12-05,2023-12-11,2
20231128,34029,Ocean County,NJ,99.41,0.59,0.00,0.00,0.00,0.00,2023-11-28,2023-12-04,2
20231121,34029,Ocean County,NJ,99.14,0.86,0.00,0.00,0.00,0.00,2023-11-21,2023-11-27,2
20231114,34029,Ocean County,NJ,99.14,0.86,0.00,0.00,0.00,0.00,2023-11-14,2023-11-20,2
20231107,34029,Ocean County,NJ,100.00,0.00,0.00,0.00,0.00,0.00,2023-11-07,2023-11-13,2
20231031,34029,Ocean County,NJ,100.00,0.00,0.00,0.00,0.00,0.00,2023-10-31,2023-11-06,2
20231024,34029,Ocean County,NJ,100.00,0.00,0.00,0.00,0.00,0.00,2023-10-24,2023-10-30,2
20231017,34029,Ocean County,NJ,100.00,0.00,0.00,0.00,0.00,0.00,2023-10-17,2023-10-23,2
20231010,34029,Ocean County,NJ,100.00,0.00,0.00,0.00,0.00,0.00,2023-10-10,2023-10-16,2
20231003,34029,Ocean County,NJ,100.00,0.00,0.00,0.00,0.00,0.00,2023-10-03,2023-10-09,2
20230926,34029,Ocean County,NJ,72.02,27.98,0.00,0.00,0.00,0.00,2023-09-26,2023-10-02,2
20230919,34029,Ocean County,NJ,2.74,73.61,23.65,0.00,0.00,0.00,2023-09-19,2023-09-25,2
20230912,34029,Ocean County,NJ,2.74,73.61,23.65,0.00,0.00,0.00,2023-09-12,2023-09-18,2
20230905,34029,Ocean County,NJ,0.73,54.29,44.98,0.00,0.00,0.00,2023-09-05,2023-09-11,2
20230829,34029,Ocean County,NJ,22.34,77.66,0.00,0.00,0.00,0.00,2023-08-29,2023-09-04,2
20230822,34029,Ocean County,NJ,53.82,46.18,0.00,0.00,0.00,0.00,2023-08-22,2023-08-28,2
20230815,34029,Ocean County,NJ,53.82,46.18,0.00,0.00,0.00,0.00,2023-08-15,2023-08-21,2
20230808,34029,Ocean County,NJ,44.31,55.69,0.00,0.00,0.00,0.00,2023-08-08,2023-08-14,2
20230801,34029,Ocean County,NJ,44.31,55.69,0.00,0.00,0.00,0.00,2023-08-01,2023-08-07,2
20230725,34029,Ocean County,NJ,30.02,69.98,0.00,0.00,0.00,0.00,2023-07-25,2023-07-31,2
20230718,34029,Ocean County,NJ,30.02,69.98,0.00,0.00,0.00,0.00,2023-07-18,2023-07-24,2
20230711,34029,Ocean County,NJ,0.41,99.59,0.00,0.00,0.00,0.00,2023-07-11,2023-07-17,2
20230704,34029,Ocean County,NJ,29.16,70.84,0.00,0.00,0.00,0.00,2023-07-04,2023-07-10,2
20230627,34029,Ocean County,NJ,27.24,72.76,0.00,0.00,0.00,0.00,2023-06-27,2023-07-03,2
20230620,34029,Ocean County,NJ,82.37,17.63,0.00,0.00,0.00,0.00,2023-06-20,2023-06-26,2
20230613,34029,Ocean County,NJ,88.15,11.85,0.00,0.00,0.00,0.00,2023-06-13,2023-06-19,2
20230606,34029,Ocean County,NJ,100.00,0.00,0.00,0.00,0.00,0.00,2023-06-06,2023-06-12,2
20230530,34029,Ocean County,NJ,100.00,0.00,0.00,0.00,0.00,0.00,2023-05-30,2023-06-05,2
20230523,34029,Ocean County,NJ,100.00,0.00,0.00,0.00,0.00,0.00,2023-05-23,2023-05-29,2
20230516,34029,Ocean County,NJ,100.00,0.00,0.00,0.00,0.00,0.00,2023-05-16,2023-05-22,2
20230509,34029,Ocean County,NJ,100.00,0.00,0.00,0.00,0.00,0.00,2023-05-09,2023-05-15,2
20230502,34029,Ocean County,NJ,100.00,0.00,0.00,0.00,0.00,0.00,2023-05-02,2023-05-08,2
20230425,34029,Ocean County,NJ,100.00,0.00,0.00,0.00,0.00,0.00,2023-04-25,2023-05-01,2
20230418,34029,Ocean County,NJ,100.00,0.00,0.00,0.00,0.00,0.00,2023-04-18,2023-04-24,2
20230411,34029,Ocean County,NJ,100.00,0.00,0.00,0.00,0.00,0.00,2023-04-11,2023-04-17,2
20230404,34029,Ocean County,NJ,100.00,0.00,0.00,0.00,0.00,0.00,2023-04-04,2023-04-10,2
20230328,34029,Ocean County,NJ,100.00,0.00,0.00,0.00,0.00,0.00,2023-03-28,2023-04-03,2
20230321,34029,Ocean County,NJ,100.00,0.00,0.00,0.00,0.00,0.00,2023-03-21,2023-03-27,2
20230314,34029,Ocean County,NJ,100.00,0.00,0.00,0.00,0.00,0.00,2023-03-14,2023-03-20,2
20230307,34029,Ocean County,NJ,100.00,0.00,0.00,0.00,0.00,0.00,2023-03-07,2023-03-13,2
20230228,34029,Ocean County,NJ,100.00,0.00,0.00,0.00,0.00,0.00,2023-02-28,2023-03-06,2
20230221,34029,Ocean County,NJ,100.00,0.00,0.00,0.00,0.00,0.00,2023-02-21,2023-02-27,2
20230214,34029,Ocean County,NJ,100.00,0.00,0.00,0.00,0.00,0.00,2023-02-14,2023-02-20,2
20230207,34029,Ocean County,NJ,100.00,0.00,0.00,0.00,0.00,0.00,2023-02-07,2023-02-13,2
20230131,34029,Ocean County,NJ,100.00,0.00,0.00,0.00,0.00,0.00,2023-01-31,2023-02-06,2
20230124,34029,Ocean County,NJ,100.00,0.00,0.00,0.00,0.00,0.00,2023-01-24,2023-01-30,2
20230117,34029,Ocean County,NJ,100.00,0.00,0.00,0.00,0.00,0.00,2023-01-17,2023-01-23,2
20230110,34029,Ocean County,NJ,100.00,0.00,0.00,0.00,0.00,0.00,2023-01-10,2023-01-16,2
20230103,34029,Ocean County,NJ,100.00,0.00,0.00,0.00,0.00,0.00,2023-01-03,2023-01-09,2
20221227,34029,Ocean County,NJ,100.00,0.00,0.00,0.00,0.00,0.00,2022-12-27,2023-01-02,2
20221220,34029,Ocean County,NJ,100.00,0.00,0.00,0.00,0.00,0.00,2022-12-20,2022-12-26,2
20221213,34029,Ocean County,NJ,100.00,0.00,0.00,0.00,0.00,0.00,2022-12-13,2022-12-19,2
20221206,34029,Ocean County,NJ,100.00,0.00,0.00,0.00,0.00,0.00,2022-12-06,2022-12-12,2
20221129,34029,Ocean County,NJ,100.00,0.00,0.00,0.00,0.00,0.00,2022-11-29,2022-12-05,2
20221122,34029,Ocean County,NJ,100.00,0.00,0.00,0.00,0.00,0.00,2022-11-22,2022-11-28,2
20221115,34029,Ocean County,NJ,100.00,0.00,0.00,0.00,0.00,0.00,2022-11-15,2022-11-21,2
20221108,34029,Ocean County,NJ,100.00,0.00,0.00,0.00,0.00,0.00,2022-11-08,2022-11-14,2
20221101,34029,Ocean County,NJ,100.00,0.00,0.00,0.00,0.00,0.00,2022-11-01,2022-11-07,2
20221025,34029,Ocean County,NJ,100.00,0.00,0.00,0.00,0.00,0.00,2022-10-25,2022-10-31,2
20221018,34029,Ocean County,NJ,100.00,0.00,0.00,0.00,0.00,0.00,2022-10-18,2022-10-24,2
20221011,34029,Ocean County,NJ,100.00,0.00,0.00,0.00,0.00,0.00,2022-10-11,2022-10-17,2
20221004,34029,Ocean County,NJ,37.59,62.41,0.00,0.00,0.00,0.00,2022-10-04,2022-10-10,2
20220927,34029,Ocean County,NJ,0.00,37.77,62.23,0.00,0.00,0.00,2022-09-27,2022-10-03,2
20220920,34029,Ocean County,NJ,0.00,37.77,62.23,0.00,0.00,0.00,2022-09-20,2022-09-26,2
20220913,34029,Ocean County,NJ,0.00,37.77,62.23,0.00,0.00,0.00,2022-09-13,2022-09-19,2
20220906,34029,Ocean County,NJ,0.00,85.13,14.87,0.00,0.00,0.00,2022-09-06,2022-09-12,2
20220830,34029,Ocean County,NJ,0.00,85.30,14.70,0.00,0.00,0.00,2022-08-30,2022-09-05,2
20220823,34029,Ocean County,NJ,6.29,88.55,5.15,0.00,0.00,0.00,2022-08-23,2022-08-29,2
20220816,34029,Ocean County,NJ,6.29,93.23,0.48,0.00,0.00,0.00,2022-08-16,2022-08-22,2
20220809,34029,Ocean County,NJ,17.11,82.19,0.70,0.00,0.00,0.00,2022-08-09,2022-08-15,2
20220802,34029,Ocean County,NJ,17.11,76.37,6.53,0.00,0.00,0.00,2022-08-02,2022-08-08,2
20220726,34029,Ocean County,NJ,54.27,45.73,0.00,0.00,0.00,0.00,2022-07-26,2022-08-01,2
20220719,34029,Ocean County,NJ,94.46,5.54,0.00,0.00,0.00,0.00,2022-07-19,2022-07-25,2
20220712,34029,Ocean County,NJ,94.46,5.54,0.00,0.00,0.00,0.00,2022-07-12,2022-07-18,2
20220705,34029,Ocean County,NJ,79.62,20.38,0.00,0.00,0.00,0.00,2022-07-05,2022-07-11,2
20220628,34029,Ocean County,NJ,79.62,20.38,0.00,0.00,0.00,0.00,2022-06-28,2022-07-04,2
20220621,34029,Ocean County,NJ,100.00,0.00,0.00,0.00,0.00,0.00,2022-06-21,2022-06-27,2
20220614,34029,Ocean County,NJ,100.00,0.00,0.00,0.00,0.00,0.00,2022-06-14,2022-06-20,2
20220607,34029,Ocean County,NJ,100.00,0.00,0.00,0.00,0.00,0.00,2022-06-07,2022-06-13,2
20220531,34029,Ocean County,NJ,100.00,0.00,0.00,0.00,0.00,0.00,2022-05-31,2022-06-06,2
20220524,34029,Ocean County,NJ,100.00,0.00,0.00,0.00,0.00,0.00,2022-05-24,2022-05-30,2
20220517,34029,Ocean County,NJ,100.00,0.00,0.00,0.00,0.00,0.00,2022-05-17,2022-05-23,2
20220510,34029,Ocean County,NJ,100.00,0.00,0.00,0.00,0.00,0.00,2022-05-10,2022-05-16,2
20220503,34029,Ocean County,NJ,100.00,0.00,0.00,0.00,0.00,0.00,2022-05-03,2022-05-09,2
20220426,34029,Ocean County,NJ,100.00,0.00,0.00,0.00,0.00,0.00,2022-04-26,2022-05-02,2
20220419,34029,Ocean County,NJ,100.00,0.00,0.00,0.00,0.00,0.00,2022-04-19,2022-04-25,2
20220412,34029,Ocean County,NJ,100.00,0.00,0.00,0.00,0.00,0.00,2022-04-12,2022-04-18,2
20220405,34029,Ocean County,NJ,0.00,100.00,0.00,0.00,0.00,0.00,2022-04-05,2022-04-11,2
20220329,34029,Ocean County,NJ,0.00,100.00,0.00,0.00,0.00,0.00,2022-03-29,2022-04-04,2
20220322,34029,Ocean County,NJ,0.00,100.00,0.00,0.00,0.00,0.00,2022-03-22,2022-03-28,2
20220315,34029,Ocean County,NJ,1.85,98.15,0.00,0.00,0.00,0.00,2022-03-15,2022-03-21,2
20220308,34029,Ocean County,NJ,1.85,98.15,0.00,0.00,0.00,0.00,2022-03-08,2022-03-14,2
20220301,34029,Ocean County,NJ,100.00,0.00,0.00,0.00,0.00,0.00,2022-03-01,2022-03-07,2
20220222,34029,Ocean County,NJ,100.00,0.00,0.00,0.00,0.00,0.00,2022-02-22,2022-02-28,2
20220215,34029,Ocean County,NJ,100.00,0.00,0.00,0.00,0.00,0.00,2022-02-15,2022-02-21,2
20220208,34029,Ocean County,NJ,100.00,0.00,0.00,0.00,0.00,0.00,2022-02-08,2022-02-14,2
20220201,34029,Ocean County,NJ,100.00,0.00,0.00,0.00,0.00,0.00,2022-02-01,2022-02-07,2
20220125,34029,Ocean County,NJ,100.00,0.00,0.00,0.00,0.00,0.00,2022-01-25,2022-01-31,2
20220118,34029,Ocean County,NJ,100.00,0.00,0.00,0.00,0.00,0.00,2022-01-18,2022-01-24,2
20220111,34029,Ocean County,NJ,100.00,0.00,0.00,0.00,0.00,0.00,2022-01-11,2022-01-17,2
20220104,34029,Ocean County,NJ,100.00,0.00,0.00,0.00,0.00,0.00,2022-01-04,2022-01-10,2
20211228,34029,Ocean County,NJ,100.00,0.00,0.00,0.00,0.00,0.00,2021-12-28,2022-01-03,2
20211221,34029,Ocean County,NJ,100.00,0.00,0.00,0.00,0.00,0.00,2021-12-21,2021-12-27,2
20211214,34029,Ocean County,NJ,100.00,0.00,0.00,0.00,0.00,0.00,2021-12-14,2021-12-20,2
20211207,34029,Ocean County,NJ,100.00,0.00,0.00,0.00,0.00,0.00,2021-12-07,2021-12-13,2
20211130,34029,Ocean County,NJ,100.00,0.00,0.00,0.00,0.00,0.00,2021-11-30,2021-12-06,2
20211123,34029,Ocean County,NJ,100.00,0.00,0.00,0.00,0.00,0.00,2021-11-23,2021-11-29,2
20211116,34029,Ocean County,NJ,100.00,0.00,0.00,0.00,0.00,0.00,2021-11-16,2021-11-22,2
20211109,34029,Ocean County,NJ,100.00,0.00,0.00,0.00,0.00,0.00,2021-11-09,2021-11-15,2
20211102,34029,Ocean County,NJ,100.00,0.00,0.00,0.00,0.00,0.00,2021-11-02,2021-11-08,2
20211026,34029,Ocean County,NJ,100.00,0.00,0.00,0.00,0.00,0.00,2021-10-26,2021-11-01,2
20211019,34029,Ocean County,NJ,100.00,0.00,0.00,0.00,0.00,0.00,2021-10-19,2021-10-25,2
20211012,34029,Ocean County,NJ,100.00,0.00,0.00,0.00,0.00,0.00,2021-10-12,2021-10-18,2
20211005,34029,Ocean County,NJ,100.00,0.00,0.00,0.00,0.00,0.00,2021-10-05,2021-10-11,2
20210928,34029,Ocean County,NJ,100.00,0.00,0.00,0.00,0.00,0.00,2021-09-28,2021-10-04,2
20210921,34029,Ocean County,NJ,100.00,0.00,0.00,0.00,0.00,0.00,2021-09-21,2021-09-27,2
20210914,34029,Ocean County,NJ,100.00,0.00,0.00,0.00,0.00,0.00,2021-09-14,2021-09-20,2
20210907,34029,Ocean County,NJ,100.00,0.00,0.00,0.00,0.00,0.00,2021-09-07,2021-09-13,2
20210831,34029,Ocean County,NJ,100.00,0.00,0.00,0.00,0.00,0.00,2021-08-31,2021-09-06,2
20210824,34029,Ocean County,NJ,100.00,0.00,0.00,0.00,0.00,0.00,2021-08-24,2021-08-30,2
20210817,34029,Ocean County,NJ,100.00,0.00,0.00,0.00,0.00,0.00,2021-08-17,2021-08-23,2
20210810,34029,Ocean County,NJ,100.00,0.00,0.00,0.00,0.00,0.00,2021-08-10,2021-08-16,2
20210803,34029,Ocean County,NJ,100.00,0.00,0.00,0.00,0.00,0.00,2021-08-03,2021-08-09,2
20210727,34029,Ocean County,NJ,100.00,0.00,0.00,0.00,0.00,0.00,2021-07-27,2021-08-02,2
20210720,34029,Ocean County,NJ,100.00,0.00,0.00,0.00,0.00,0.00,2021-07-20,2021-07-26,2
20210713,34029,Ocean County,NJ,100.00,0.00,0.00,0.00,0.00,0.00,2021-07-13,2021-07-19,2
20210706,34029,Ocean County,NJ,100.00,0.00,0.00,0.00,0.00,0.00,2021-07-06,2021-07-12,2
20210629,34029,Ocean County,NJ,100.00,0.00,0.00,0.00,0.00,0.00,2021-06-29,2021-07-05,2
20210622,34029,Ocean County,NJ,100.00,0.00,0.00,0.00,0.00,0.00,2021-06-22,2021-06-28,2
20210615,34029,Ocean County,NJ,100.00,0.00,0.00,0.00,0.00,0.00,2021-06-15,2021-06-21,2
20210608,34029,Ocean County,NJ,100.00,0.00,0.00,0.00,0.00,0.00,2021-06-08,2021-06-14,2
20210601,34029,Ocean County,NJ,99.81,0.19,0.00,0.00,0.00,0.00,2021-06-01,2021-06-07,2
20210525,34029,Ocean County,NJ,0.00,100.00,0.00,0.00,0.00,0.00,2021-05-25,2021-05-31,2
20210518,34029,Ocean County,NJ,100.00,0.00,0.00,0.00,0.00,0.00,2021-05-18,2021-05-24,2
20210511,34029,Ocean County,NJ,100.00,0.00,0.00,0.00,0.00,0.00,2021-05-11,2021-05-17,2
20210504,34029,Ocean County,NJ,100.00,0.00,0.00,0.00,0.00,0.00,2021-05-04,2021-05-10,2
20210427,34029,Ocean County,NJ,100.00,0.00,0.00,0.00,0.00,0.00,2021-04-27,2021-05-03,2
20210420,34029,Ocean County,NJ,100.00,0.00,0.00,0.00,0.00,0.00,2021-04-20,2021-04-26,2
20210413,34029,Ocean County,NJ,100.00,0.00,0.00,0.00,0.00,0.00,2021-04-13,2021-04-19,2
20210406,34029,Ocean County,NJ,100.00,0.00,0.00,0.00,0.00,0.00,2021-04-06,2021-04-12,2
20210330,34029,Ocean County,NJ,100.00,0.00,0.00,0.00,0.00,0.00,2021-03-30,2021-04-05,2
20210323,34029,Ocean County,NJ,100.00,0.00,0.00,0.00,0.00,0.00,2021-03-23,2021-03-29,2
20210316,34029,Ocean County,NJ,100.00,0.00,0.00,0.00,0.00,0.00,2021-03-16,2021-03-22,2
20210309,34029,Ocean County,NJ,100.00,0.00,0.00,0.00,0.00,0.00,2021-03-09,2021-03-15,2
20210302,34029,Ocean County,NJ,100.00,0.00,0.00,0.00,0.00,0.00,2021-03-02,2021-03-08,2
20210223,34029,Ocean County,NJ,100.00,0.00,0.00,0.00,0.00,0.00,2021-02-23,2021-03-01,2
20210216,34029,Ocean County,NJ,100.00,0.00,0.00,0.00,0.00,0.00,2021-02-16,2021-02-22,2
20210209,34029,Ocean County,NJ,100.00,0.00,0.00,0.00,0.00,0.00,2021-02-09,2021-02-15,2
20210202,34029,Ocean County,NJ,100.00,0.00,0.00,0.00,0.00,0.00,2021-02-02,2021-02-08,2
20210126,34029,Ocean County,NJ,100.00,0.00,0.00,0.00,0.00,0.00,2021-01-26,2021-02-01,2
20210119,34029,Ocean County,NJ,100.00,0.00,0.00,0.00,0.00,0.00,2021-01-19,2021-01-25,2
20210112,34029,Ocean County,NJ,100.00,0.00,0.00,0.00,0.00,0.00,2021-01-12,2021-01-18,2
20210105,34029,Ocean County,NJ,100.00,0.00,0.00,0.00,0.00,0.00,2021-01-05,2021-01-11,2
20201229,34029,Ocean County,NJ,100.00,0.00,0.00,0.00,0.00,0.00,2020-12-29,2021-01-04,2
20201222,34029,Ocean County,NJ,100.00,0.00,0.00,0.00,0.00,0.00,2020-12-22,2020-12-28,2
20201215,34029,Ocean County,NJ,100.00,0.00,0.00,0.00,0.00,0.00,2020-12-15,2020-12-21,2
20201208,34029,Ocean County,NJ,100.00,0.00,0.00,0.00,0.00,0.00,2020-12-08,2020-12-14,2
20201201,34029,Ocean County,NJ,100.00,0.00,0.00,0.00,0.00,0.00,2020-12-01,2020-12-07,2
20201124,34029,Ocean County,NJ,100.00,0.00,0.00,0.00,0.00,0.00,2020-11-24,2020-11-30,2
20251118,34031,Passaic County,NJ,0.00,32.71,67.29,0.00,0.00,0.00,2025-11-18,2025-11-24,2
20251111,34031,Passaic County,NJ,0.00,32.71,67.29,0.00,0.00,0.00,2025-11-11,2025-11-17,2
20251104,34031,Passaic County,NJ,0.00,32.71,67.29,0.00,0.00,0.00,2025-11-04,2025-11-10,2
20251028,34031,Passaic County,NJ,0.00,0.00,45.22,54.78,0.00,0.00,2025-10-28,2025-11-03,2
20251021,34031,Passaic County,NJ,0.00,0.00,45.22,54.78,0.00,0.00,2025-10-21,2025-10-27,2
20251014,34031,Passaic County,NJ,0.00,0.00,45.22,54.78,0.00,0.00,2025-10-14,2025-10-20,2
20251007,34031,Passaic County,NJ,0.00,0.00,23.87,76.13,0.00,0.00,2025-10-07,2025-10-13,2
20250930,34031,Passaic County,NJ,0.00,21.44,78.56,0.00,0.00,0.00,2025-09-30,2025-10-06,2
20250923,34031,Passaic County,NJ,0.00,21.44,78.56,0.00,0.00,0.00,2025-09-23,2025-09-29,2
20250916,34031,Passaic County,NJ,0.00,21.44,78.56,0.00,0.00,0.00,2025-09-16,2025-09-22,2
20250909,34031,Passaic County,NJ,0.00,21.44,78.56,0.00,0.00,0.00,2025-09-09,2025-09-15,2
20250902,34031,Passaic County,NJ,0.00,21.44,78.56,0.00,0.00,0.00,2025-09-02,2025-09-08,2
20250826,34031,Passaic County,NJ,5.30,36.81,57.88,0.00,0.00,0.00,2025-08-26,2025-09-01,2
20250819,34031,Passaic County,NJ,5.30,36.78,57.92,0.00,0.00,0.00,2025-08-19,2025-08-25,2
20250812,34031,Passaic County,NJ,5.30,94.70,0.00,0.00,0.00,0.00,2025-08-12,2025-08-18,2
20250805,34031,Passaic County,NJ,100.00,0.00,0.00,0.00,0.00,0.00,2025-08-05,2025-08-11,2
20250729,34031,Passaic County,NJ,100.00,0.00,0.00,0.00,0.00,0.00,2025-07-29,2025-08-04,2
20250722,34031,Passaic County,NJ,100.00,0.00,0.00,0.00,0.00,0.00,2025-07-22,2025-07-28,2
20250715,34031,Passaic County,NJ,100.00,0.00,0.00,0.00,0.00,0.00,2025-07-15,2025-07-21,2
20250708,34031,Passaic County,NJ,100.00,0.00,0.00,0.00,0.00,0.00,2025-07-08,2025-07-14,2
20250701,34031,Passaic County,NJ,100.00,0.00,0.00,0.00,0.00,0.00,2025-07-01,2025-07-07,2
20250624,34031,Passaic County,NJ,100.00,0.00,0.00,0.00,0.00,0.00,2025-06-24,2025-06-30,2
20250617,34031,Passaic County,NJ,100.00,0.00,0.00,0.00,0.00,0.00,2025-06-17,2025-06-23,2
20250610,34031,Passaic County,NJ,100.00,0.00,0.00,0.00,0.00,0.00,2025-06-10,2025-06-16,2
20250603,34031,Passaic County,NJ,100.00,0.00,0.00,0.00,0.00,0.00,2025-06-03,2025-06-09,2
20250527,34031,Passaic County,NJ,85.71,14.29,0.00,0.00,0.00,0.00,2025-05-27,2025-06-02,2
20250520,34031,Passaic County,NJ,32.51,67.49,0.00,0.00,0.00,0.00,2025-05-20,2025-05-26,2
20250513,34031,Passaic County,NJ,0.00,55.79,44.21,0.00,0.00,0.00,2025-05-13,2025-05-19,2
20250506,34031,Passaic County,NJ,0.00,4.45,60.68,34.87,0.00,0.00,2025-05-06,2025-05-12,2
20250429,34031,Passaic County,NJ,0.00,4.45,60.68,34.87,0.00,0.00,2025-04-29,2025-05-05,2
20250422,34031,Passaic County,NJ,0.00,4.45,60.68,34.87,0.00,0.00,2025-04-22,2025-04-28,2
20250415,34031,Passaic County,NJ,0.00,4.45,60.68,34.87,0.00,0.00,2025-04-15,2025-04-21,2
20250408,34031,Passaic County,NJ,0.00,4.45,60.68,34.87,0.00,0.00,2025-04-08,2025-04-14,2
20250401,34031,Passaic County,NJ,0.00,0.00,65.13,34.87,0.00,0.00,2025-04-01,2025-04-07,2
20250325,34031,Passaic County,NJ,0.00,0.00,65.13,34.87,0.00,0.00,2025-03-25,2025-03-31,2
20250318,34031,Passaic County,NJ,0.00,0.00,65.13,34.87,0.00,0.00,2025-03-18,2025-03-24,2
20250311,34031,Passaic County,NJ,0.00,0.00,100.00,0.00,0.00,0.00,2025-03-11,2025-03-17,2
20250304,34031,Passaic County,NJ,0.00,0.00,31.61,68.39,0.00,0.00,2025-03-04,2025-03-10,2
20250225,34031,Passaic County,NJ,0.00,0.00,32.55,67.45,0.00,0.00,2025-02-25,2025-03-03,2
20250218,34031,Passaic County,NJ,0.00,0.00,32.60,67.40,0.00,0.00,2025-02-18,2025-02-24,2
20250211,34031,Passaic County,NJ,0.00,0.00,32.60,67.40,0.00,0.00,2025-02-11,2025-02-17,2
20250204,34031,Passaic County,NJ,0.00,0.00,15.40,84.60,0.00,0.00,2025-02-04,2025-02-10,2
20250128,34031,Passaic County,NJ,0.00,0.00,100.00,0.00,0.00,0.00,2025-01-28,2025-02-03,2
20250121,34031,Passaic County,NJ,0.00,0.00,100.00,0.00,0.00,0.00,2025-01-21,2025-01-27,2
20250114,34031,Passaic County,NJ,0.00,0.00,100.00,0.00,0.00,0.00,2025-01-14,2025-01-20,2
20250107,34031,Passaic County,NJ,0.00,0.00,100.00,0.00,0.00,0.00,2025-01-07,2025-01-13,2
20241231,34031,Passaic County,NJ,0.00,0.00,100.00,0.00,0.00,0.00,2024-12-31,2025-01-06,2
20241224,34031,Passaic County,NJ,0.00,0.00,100.00,0.00,0.00,0.00,2024-12-24,2024-12-30,2
20241217,34031,Passaic County,NJ,0.00,0.00,69.85,30.15,0.00,0.00,2024-12-17,2024-12-23,2
20241210,34031,Passaic County,NJ,0.00,0.00,0.00,100.00,0.00,0.00,2024-12-10,2024-12-16,2
20241203,34031,Passaic County,NJ,0.00,0.00,0.00,100.00,0.00,0.00,2024-12-03,2024-12-09,2
20241126,34031,Passaic County,NJ,0.00,0.00,0.00,100.00,0.00,0.00,2024-11-26,2024-12-02,2
20241119,34031,Passaic County,NJ,0.00,0.00,0.00,100.00,0.00,0.00,2024-11-19,2024-11-25,2
20241112,34031,Passaic County,NJ,0.00,0.00,0.00,100.00,0.00,0.00,2024-11-12,2024-11-18,2
20241105,34031,Passaic County,NJ,0.00,0.00,90.76,9.24,0.00,0.00,2024-11-05,2024-11-11,2
20241029,34031,Passaic County,NJ,0.00,0.00,100.00,0.00,0.00,0.00,2024-10-29,2024-11-04,2
20241022,34031,Passaic County,NJ,0.00,100.00,0.00,0.00,0.00,0.00,2024-10-22,2024-10-28,2
20241015,34031,Passaic County,NJ,0.00,100.00,0.00,0.00,0.00,0.00,2024-10-15,2024-10-21,2
20241008,34031,Passaic County,NJ,32.16,67.84,0.00,0.00,0.00,0.00,2024-10-08,2024-10-14,2
20241001,34031,Passaic County,NJ,77.85,22.15,0.00,0.00,0.00,0.00,2024-10-01,2024-10-07,2
20240924,34031,Passaic County,NJ,86.27,13.73,0.00,0.00,0.00,0.00,2024-09-24,2024-09-30,2
20240917,34031,Passaic County,NJ,100.00,0.00,0.00,0.00,0.00,0.00,2024-09-17,2024-09-23,2
20240910,34031,Passaic County,NJ,100.00,0.00,0.00,0.00,0.00,0.00,2024-09-10,2024-09-16,2
20240903,34031,Passaic County,NJ,100.00,0.00,0.00,0.00,0.00,0.00,2024-09-03,2024-09-09,2
20240827,34031,Passaic County,NJ,100.00,0.00,0.00,0.00,0.00,0.00,2024-08-27,2024-09-02,2
20240820,34031,Passaic County,NJ,100.00,0.00,0.00,0.00,0.00,0.00,2024-08-20,2024-08-26,2
20240813,34031,Passaic County,NJ,67.83,32.17,0.00,0.00,0.00,0.00,2024-08-13,2024-08-19,2
20240806,34031,Passaic County,NJ,0.00,67.78,32.22,0.00,0.00,0.00,2024-08-06,2024-08-12,2
20240730,34031,Passaic County,NJ,0.00,67.78,32.22,0.00,0.00,0.00,2024-07-30,2024-08-05,2
20240723,34031,Passaic County,NJ,0.00,67.78,32.22,0.00,0.00,0.00,2024-07-23,2024-07-29,2
20240716,34031,Passaic County,NJ,0.00,67.78,32.22,0.00,0.00,0.00,2024-07-16,2024-07-22,2
20240709,34031,Passaic County,NJ,0.00,100.00,0.00,0.00,0.00,0.00,2024-07-09,2024-07-15,2
20240702,34031,Passaic County,NJ,0.00,100.00,0.00,0.00,0.00,0.00,2024-07-02,2024-07-08,2
20240625,34031,Passaic County,NJ,0.00,100.00,0.00,0.00,0.00,0.00,2024-06-25,2024-07-01,2
20240618,34031,Passaic County,NJ,68.83,31.17,0.00,0.00,0.00,0.00,2024-06-18,2024-06-24,2
20240611,34031,Passaic County,NJ,100.00,0.00,0.00,0.00,0.00,0.00,2024-06-11,2024-06-17,2
20240604,34031,Passaic County,NJ,100.00,0.00,0.00,0.00,0.00,0.00,2024-06-04,2024-06-10,2
20240528,34031,Passaic County,NJ,100.00,0.00,0.00,0.00,0.00,0.00,2024-05-28,2024-06-03,2
20240521,34031,Passaic County,NJ,100.00,0.00,0.00,0.00,0.00,0.00,2024-05-21,2024-05-27,2
20240514,34031,Passaic County,NJ,100.00,0.00,0.00,0.00,0.00,0.00,2024-05-14,2024-05-20,2
20240507,34031,Passaic County,NJ,100.00,0.00,0.00,0.00,0.00,0.00,2024-05-07,2024-05-13,2
20240430,34031,Passaic County,NJ,100.00,0.00,0.00,0.00,0.00,0.00,2024-04-30,2024-05-06,2
20240423,34031,Passaic County,NJ,100.00,0.00,0.00,0.00,0.00,0.00,2024-04-23,2024-04-29,2
20240416,34031,Passaic County,NJ,100.00,0.00,0.00,0.00,0.00,0.00,2024-04-16,2024-04-22,2
20240409,34031,Passaic County,NJ,100.00,0.00,0.00,0.00,0.00,0.00,2024-04-09,2024-04-15,2
20240402,34031,Passaic County,NJ,100.00,0.00,0.00,0.00,0.00,0.00,2024-04-02,2024-04-08,2
20240326,34031,Passaic County,NJ,100.00,0.00,0.00,0.00,0.00,0.00,2024-03-26,2024-04-01,2
20240319,34031,Passaic County,NJ,100.00,0.00,0.00,0.00,0.00,0.00,2024-03-19,2024-03-25,2
20240312,34031,Passaic County,NJ,100.00,0.00,0.00,0.00,0.00,0.00,2024-03-12,2024-03-18,2
20240305,34031,Passaic County,NJ,100.00,0.00,0.00,0.00,0.00,0.00,2024-03-05,2024-03-11,2
20240227,34031,Passaic County,NJ,100.00,0.00,0.00,0.00,0.00,0.00,2024-02-27,2024-03-04,2
20240220,34031,Passaic County,NJ,100.00,0.00,0.00,0.00,0.00,0.00,2024-02-20,2024-02-26,2
20240213,34031,Passaic County,NJ,100.00,0.00,0.00,0.00,0.00,0.00,2024-02-13,2024-02-19,2
20240206,34031,Passaic County,NJ,100.00,0.00,0.00,0.00,0.00,0.00,2024-02-06,2024-02-12,2
20240130,34031,Passaic County,NJ,100.00,0.00,0.00,0.00,0.00,0.00,2024-01-30,2024-02-05,2
20240123,34031,Passaic County,NJ,100.00,0.00,0.00,0.00,0.00,0.00,2024-01-23,2024-01-29,2
20240116,34031,Passaic County,NJ,100.00,0.00,0.00,0.00,0.00,0.00,2024-01-16,2024-01-22,2
20240109,34031,Passaic County,NJ,100.00,0.00,0.00,0.00,0.00,0.00,2024-01-09,2024-01-15,2
20240102,34031,Passaic County,NJ,100.00,0.00,0.00,0.00,0.00,0.00,2024-01-02,2024-01-08,2
20231226,34031,Passaic County,NJ,100.00,0.00,0.00,0.00,0.00,0.00,2023-12-26,2024-01-01,2
20231219,34031,Passaic County,NJ,100.00,0.00,0.00,0.00,0.00,0.00,2023-12-19,2023-12-25,2
20231212,34031,Passaic County,NJ,100.00,0.00,0.00,0.00,0.00,0.00,2023-12-12,2023-12-18,2
20231205,34031,Passaic County,NJ,84.65,15.35,0.00,0.00,0.00,0.00,2023-12-05,2023-12-11,2
20231128,34031,Passaic County,NJ,84.65,15.35,0.00,0.00,0.00,0.00,2023-11-28,2023-12-04,2
20231121,34031,Passaic County,NJ,79.70,20.30,0.00,0.00,0.00,0.00,2023-11-21,2023-11-27,2
20231114,34031,Passaic County,NJ,100.00,0.00,0.00,0.00,0.00,0.00,2023-11-14,2023-11-20,2
20231107,34031,Passaic County,NJ,100.00,0.00,0.00,0.00,0.00,0.00,2023-11-07,2023-11-13,2
20231031,34031,Passaic County,NJ,100.00,0.00,0.00,0.00,0.00,0.00,2023-10-31,2023-11-06,2
20231024,34031,Passaic County,NJ,100.00,0.00,0.00,0.00,0.00,0.00,2023-10-24,2023-10-30,2
20231017,34031,Passaic County,NJ,100.00,0.00,0.00,0.00,0.00,0.00,2023-10-17,2023-10-23,2
20231010,34031,Passaic County,NJ,100.00,0.00,0.00,0.00,0.00,0.00,2023-10-10,2023-10-16,2
20231003,34031,Passaic County,NJ,100.00,0.00,0.00,0.00,0.00,0.00,2023-10-03,2023-10-09,2
20230926,34031,Passaic County,NJ,100.00,0.00,0.00,0.00,0.00,0.00,2023-09-26,2023-10-02,2
20230919,34031,Passaic County,NJ,100.00,0.00,0.00,0.00,0.00,0.00,2023-09-19,2023-09-25,2
20230912,34031,Passaic County,NJ,100.00,0.00,0.00,0.00,0.00,0.00,2023-09-12,2023-09-18,2
20230905,34031,Passaic County,NJ,100.00,0.00,0.00,0.00,0.00,0.00,2023-09-05,2023-09-11,2
20230829,34031,Passaic County,NJ,100.00,0.00,0.00,0.00,0.00,0.00,2023-08-29,2023-09-04,2
20230822,34031,Passaic County,NJ,100.00,0.00,0.00,0.00,0.00,0.00,2023-08-22,2023-08-28,2
20230815,34031,Passaic County,NJ,100.00,0.00,0.00,0.00,0.00,0.00,2023-08-15,2023-08-21,2
20230808,34031,Passaic County,NJ,100.00,0.00,0.00,0.00,0.00,0.00,2023-08-08,2023-08-14,2
20230801,34031,Passaic County,NJ,100.00,0.00,0.00,0.00,0.00,0.00,2023-08-01,2023-08-07,2
20230725,34031,Passaic County,NJ,100.00,0.00,0.00,0.00,0.00,0.00,2023-07-25,2023-07-31,2
20230718,34031,Passaic County,NJ,100.00,0.00,0.00,0.00,0.00,0.00,2023-07-18,2023-07-24,2
20230711,34031,Passaic County,NJ,99.84,0.16,0.00,0.00,0.00,0.00,2023-07-11,2023-07-17,2
20230704,34031,Passaic County,NJ,0.00,100.00,0.00,0.00,0.00,0.00,2023-07-04,2023-07-10,2
20230627,34031,Passaic County,NJ,0.00,53.45,46.55,0.00,0.00,0.00,2023-06-27,2023-07-03,2
20230620,34031,Passaic County,NJ,0.00,7.09,92.91,0.00,0.00,0.00,2023-06-20,2023-06-26,2
20230613,34031,Passaic County,NJ,0.00,100.00,0.00,0.00,0.00,0.00,2023-06-13,2023-06-19,2
20230606,34031,Passaic County,NJ,0.01,99.99,0.00,0.00,0.00,0.00,2023-06-06,2023-06-12,2
20230530,34031,Passaic County,NJ,100.00,0.00,0.00,0.00,0.00,0.00,2023-05-30,2023-06-05,2
20230523,34031,Passaic County,NJ,100.00,0.00,0.00,0.00,0.00,0.00,2023-05-23,2023-05-29,2
20230516,34031,Passaic County,NJ,100.00,0.00,0.00,0.00,0.00,0.00,2023-05-16,2023-05-22,2
20230509,34031,Passaic County,NJ,100.00,0.00,0.00,0.00,0.00,0.00,2023-05-09,2023-05-15,2
20230502,34031,Passaic County,NJ,100.00,0.00,0.00,0.00,0.00,0.00,2023-05-02,2023-05-08,2
20230425,34031,Passaic County,NJ,0.00,5.48,94.52,0.00,0.00,0.00,2023-04-25,2023-05-01,2
20230418,34031,Passaic County,NJ,0.00,5.48,94.52,0.00,0.00,0.00,2023-04-18,2023-04-24,2
20230411,34031,Passaic County,NJ,0.00,100.00,0.00,0.00,0.00,0.00,2023-04-11,2023-04-17,2
20230404,34031,Passaic County,NJ,52.00,48.00,0.00,0.00,0.00,0.00,2023-04-04,2023-04-10,2
20230328,34031,Passaic County,NJ,100.00,0.00,0.00,0.00,0.00,0.00,2023-03-28,2023-04-03,2
20230321,34031,Passaic County,NJ,100.00,0.00,0.00,0.00,0.00,0.00,2023-03-21,2023-03-27,2
20230314,34031,Passaic County,NJ,100.00,0.00,0.00,0.00,0.00,0.00,2023-03-14,2023-03-20,2
20230307,34031,Passaic County,NJ,100.00,0.00,0.00,0.00,0.00,0.00,2023-03-07,2023-03-13,2
20230228,34031,Passaic County,NJ,100.00,0.00,0.00,0.00,0.00,0.00,2023-02-28,2023-03-06,2
20230221,34031,Passaic County,NJ,100.00,0.00,0.00,0.00,0.00,0.00,2023-02-21,2023-02-27,2
20230214,34031,Passaic County,NJ,100.00,0.00,0.00,0.00,0.00,0.00,2023-02-14,2023-02-20,2
20230207,34031,Passaic County,NJ,100.00,0.00,0.00,0.00,0.00,0.00,2023-02-07,2023-02-13,2
20230131,34031,Passaic County,NJ,100.00,0.00,0.00,0.00,0.00,0.00,2023-01-31,2023-02-06,2
20230124,34031,Passaic County,NJ,25.79,74.21,0.00,0.00,0.00,0.00,2023-01-24,2023-01-30,2
20230117,34031,Passaic County,NJ,25.79,74.21,0.00,0.00,0.00,0.00,2023-01-17,2023-01-23,2
20230110,34031,Passaic County,NJ,25.98,74.02,0.00,0.00,0.00,0.00,2023-01-10,2023-01-16,2
20230103,34031,Passaic County,NJ,25.98,74.02,0.00,0.00,0.00,0.00,2023-01-03,2023-01-09,2
20221227,34031,Passaic County,NJ,25.98,74.02,0.00,0.00,0.00,0.00,2022-12-27,2023-01-02,2
20221220,34031,Passaic County,NJ,16.18,17.92,65.91,0.00,0.00,0.00,2022-12-20,2022-12-26,2
20221213,34031,Passaic County,NJ,0.00,26.64,73.36,0.00,0.00,0.00,2022-12-13,2022-12-19,2
20221206,34031,Passaic County,NJ,0.00,26.64,73.36,0.00,0.00,0.00,2022-12-06,2022-12-12,2
20221129,34031,Passaic County,NJ,0.00,26.64,73.36,0.00,0.00,0.00,2022-11-29,2022-12-05,2
20221122,34031,Passaic County,NJ,0.00,26.64,73.36,0.00,0.00,0.00,2022-11-22,2022-11-28,2
20221115,34031,Passaic County,NJ,0.00,26.64,73.36,0.00,0.00,0.00,2022-11-15,2022-11-21,2
20221108,34031,Passaic County,NJ,0.00,16.18,83.82,0.00,0.00,0.00,2022-11-08,2022-11-14,2
20221101,34031,Passaic County,NJ,0.00,16.49,83.51,0.00,0.00,0.00,2022-11-01,2022-11-07,2
20221025,34031,Passaic County,NJ,0.00,16.49,83.51,0.00,0.00,0.00,2022-10-25,2022-10-31,2
20221018,34031,Passaic County,NJ,0.00,6.14,93.86,0.00,0.00,0.00,2022-10-18,2022-10-24,2
20221011,34031,Passaic County,NJ,0.00,0.00,100.00,0.00,0.00,0.00,2022-10-11,2022-10-17,2
20221004,34031,Passaic County,NJ,0.00,0.00,100.00,0.00,0.00,0.00,2022-10-04,2022-10-10,2
20220927,34031,Passaic County,NJ,0.00,0.00,100.00,0.00,0.00,0.00,2022-09-27,2022-10-03,2
20220920,34031,Passaic County,NJ,0.00,0.00,100.00,0.00,0.00,0.00,2022-09-20,2022-09-26,2
20220913,34031,Passaic County,NJ,0.00,0.00,100.00,0.00,0.00,0.00,2022-09-13,2022-09-19,2
20220906,34031,Passaic County,NJ,0.00,0.00,36.17,63.83,0.00,0.00,2022-09-06,2022-09-12,2
20220830,34031,Passaic County,NJ,0.00,0.00,35.13,64.87,0.00,0.00,2022-08-30,2022-09-05,2
20220823,34031,Passaic County,NJ,0.00,0.00,100.00,0.00,0.00,0.00,2022-08-23,2022-08-29,2
20220816,34031,Passaic County,NJ,0.00,61.49,38.51,0.00,0.00,0.00,2022-08-16,2022-08-22,2
20220809,34031,Passaic County,NJ,0.00,100.00,0.00,0.00,0.00,0.00,2022-08-09,2022-08-15,2
20220802,34031,Passaic County,NJ,17.62,82.38,0.00,0.00,0.00,0.00,2022-08-02,2022-08-08,2
20220726,34031,Passaic County,NJ,17.62,82.38,0.00,0.00,0.00,0.00,2022-07-26,2022-08-01,2
20220719,34031,Passaic County,NJ,17.62,82.38,0.00,0.00,0.00,0.00,2022-07-19,2022-07-25,2
20220712,34031,Passaic County,NJ,0.00,100.00,0.00,0.00,0.00,0.00,2022-07-12,2022-07-18,2
20220705,34031,Passaic County,NJ,98.06,1.94,0.00,0.00,0.00,0.00,2022-07-05,2022-07-11,2
20220628,34031,Passaic County,NJ,100.00,0.00,0.00,0.00,0.00,0.00,2022-06-28,2022-07-04,2
20220621,34031,Passaic County,NJ,100.00,0.00,0.00,0.00,0.00,0.00,2022-06-21,2022-06-27,2
20220614,34031,Passaic County,NJ,100.00,0.00,0.00,0.00,0.00,0.00,2022-06-14,2022-06-20,2
20220607,34031,Passaic County,NJ,100.00,0.00,0.00,0.00,0.00,0.00,2022-06-07,2022-06-13,2
20220531,34031,Passaic County,NJ,100.00,0.00,0.00,0.00,0.00,0.00,2022-05-31,2022-06-06,2
20220524,34031,Passaic County,NJ,100.00,0.00,0.00,0.00,0.00,0.00,2022-05-24,2022-05-30,2
20220517,34031,Passaic County,NJ,100.00,0.00,0.00,0.00,0.00,0.00,2022-05-17,2022-05-23,2
20220510,34031,Passaic County,NJ,100.00,0.00,0.00,0.00,0.00,0.00,2022-05-10,2022-05-16,2
20220503,34031,Passaic County,NJ,100.00,0.00,0.00,0.00,0.00,0.00,2022-05-03,2022-05-09,2
20220426,34031,Passaic County,NJ,100.00,0.00,0.00,0.00,0.00,0.00,2022-04-26,2022-05-02,2
20220419,34031,Passaic County,NJ,100.00,0.00,0.00,0.00,0.00,0.00,2022-04-19,2022-04-25,2
20220412,34031,Passaic County,NJ,100.00,0.00,0.00,0.00,0.00,0.00,2022-04-12,2022-04-18,2
20220405,34031,Passaic County,NJ,0.00,100.00,0.00,0.00,0.00,0.00,2022-04-05,2022-04-11,2
20220329,34031,Passaic County,NJ,0.00,100.00,0.00,0.00,0.00,0.00,2022-03-29,2022-04-04,2
20220322,34031,Passaic County,NJ,0.00,100.00,0.00,0.00,0.00,0.00,2022-03-22,2022-03-28,2
20220315,34031,Passaic County,NJ,76.49,23.51,0.00,0.00,0.00,0.00,2022-03-15,2022-03-21,2
20220308,34031,Passaic County,NJ,76.49,23.51,0.00,0.00,0.00,0.00,2022-03-08,2022-03-14,2
20220301,34031,Passaic County,NJ,76.94,23.06,0.00,0.00,0.00,0.00,2022-03-01,2022-03-07,2
20220222,34031,Passaic County,NJ,76.94,23.06,0.00,0.00,0.00,0.00,2022-02-22,2022-02-28,2
20220215,34031,Passaic County,NJ,76.94,23.06,0.00,0.00,0.00,0.00,2022-02-15,2022-02-21,2
20220208,34031,Passaic County,NJ,76.94,23.06,0.00,0.00,0.00,0.00,2022-02-08,2022-02-14,2
20220201,34031,Passaic County,NJ,76.94,23.06,0.00,0.00,0.00,0.00,2022-02-01,2022-02-07,2
20220125,34031,Passaic County,NJ,100.00,0.00,0.00,0.00,0.00,0.00,2022-01-25,2022-01-31,2
20220118,34031,Passaic County,NJ,100.00,0.00,0.00,0.00,0.00,0.00,2022-01-18,2022-01-24,2
20220111,34031,Passaic County,NJ,100.00,0.00,0.00,0.00,0.00,0.00,2022-01-11,2022-01-17,2
20220104,34031,Passaic County,NJ,100.00,0.00,0.00,0.00,0.00,0.00,2022-01-04,2022-01-10,2
20211228,34031,Passaic County,NJ,100.00,0.00,0.00,0.00,0.00,0.00,2021-12-28,2022-01-03,2
20211221,34031,Passaic County,NJ,100.00,0.00,0.00,0.00,0.00,0.00,2021-12-21,2021-12-27,2
20211214,34031,Passaic County,NJ,100.00,0.00,0.00,0.00,0.00,0.00,2021-12-14,2021-12-20,2
20211207,34031,Passaic County,NJ,100.00,0.00,0.00,0.00,0.00,0.00,2021-12-07,2021-12-13,2
20211130,34031,Passaic County,NJ,100.00,0.00,0.00,0.00,0.00,0.00,2021-11-30,2021-12-06,2
20211123,34031,Passaic County,NJ,100.00,0.00,0.00,0.00,0.00,0.00,2021-11-23,2021-11-29,2
20211116,34031,Passaic County,NJ,100.00,0.00,0.00,0.00,0.00,0.00,2021-11-16,2021-11-22,2
20211109,34031,Passaic County,NJ,100.00,0.00,0.00,0.00,0.00,0.00,2021-11-09,2021-11-15,2
20211102,34031,Passaic County,NJ,100.00,0.00,0.00,0.00,0.00,0.00,2021-11-02,2021-11-08,2
20211026,34031,Passaic County,NJ,100.00,0.00,0.00,0.00,0.00,0.00,2021-10-26,2021-11-01,2
20211019,34031,Passaic County,NJ,100.00,0.00,0.00,0.00,0.00,0.00,2021-10-19,2021-10-25,2
20211012,34031,Passaic County,NJ,100.00,0.00,0.00,0.00,0.00,0.00,2021-10-12,2021-10-18,2
20211005,34031,Passaic County,NJ,100.00,0.00,0.00,0.00,0.00,0.00,2021-10-05,2021-10-11,2
20210928,34031,Passaic County,NJ,100.00,0.00,0.00,0.00,0.00,0.00,2021-09-28,2021-10-04,2
20210921,34031,Passaic County,NJ,100.00,0.00,0.00,0.00,0.00,0.00,2021-09-21,2021-09-27,2
20210914,34031,Passaic County,NJ,100.00,0.00,0.00,0.00,0.00,0.00,2021-09-14,2021-09-20,2
20210907,34031,Passaic County,NJ,100.00,0.00,0.00,0.00,0.00,0.00,2021-09-07,2021-09-13,2
20210831,34031,Passaic County,NJ,100.00,0.00,0.00,0.00,0.00,0.00,2021-08-31,2021-09-06,2
20210824,34031,Passaic County,NJ,100.00,0.00,0.00,0.00,0.00,0.00,2021-08-24,2021-08-30,2
20210817,34031,Passaic County,NJ,100.00,0.00,0.00,0.00,0.00,0.00,2021-08-17,2021-08-23,2
20210810,34031,Passaic County,NJ,100.00,0.00,0.00,0.00,0.00,0.00,2021-08-10,2021-08-16,2
20210803,34031,Passaic County,NJ,100.00,0.00,0.00,0.00,0.00,0.00,2021-08-03,2021-08-09,2
20210727,34031,Passaic County,NJ,100.00,0.00,0.00,0.00,0.00,0.00,2021-07-27,2021-08-02,2
20210720,34031,Passaic County,NJ,100.00,0.00,0.00,0.00,0.00,0.00,2021-07-20,2021-07-26,2
20210713,34031,Passaic County,NJ,100.00,0.00,0.00,0.00,0.00,0.00,2021-07-13,2021-07-19,2
20210706,34031,Passaic County,NJ,100.00,0.00,0.00,0.00,0.00,0.00,2021-07-06,2021-07-12,2
20210629,34031,Passaic County,NJ,100.00,0.00,0.00,0.00,0.00,0.00,2021-06-29,2021-07-05,2
20210622,34031,Passaic County,NJ,100.00,0.00,0.00,0.00,0.00,0.00,2021-06-22,2021-06-28,2
20210615,34031,Passaic County,NJ,100.00,0.00,0.00,0.00,0.00,0.00,2021-06-15,2021-06-21,2
20210608,34031,Passaic County,NJ,100.00,0.00,0.00,0.00,0.00,0.00,2021-06-08,2021-06-14,2
20210601,34031,Passaic County,NJ,62.98,37.02,0.00,0.00,0.00,0.00,2021-06-01,2021-06-07,2
20210525,34031,Passaic County,NJ,0.00,100.00,0.00,0.00,0.00,0.00,2021-05-25,2021-05-31,2
20210518,34031,Passaic County,NJ,85.89,14.11,0.00,0.00,0.00,0.00,2021-05-18,2021-05-24,2
20210511,34031,Passaic County,NJ,85.89,14.11,0.00,0.00,0.00,0.00,2021-05-11,2021-05-17,2
20210504,34031,Passaic County,NJ,85.71,14.29,0.00,0.00,0.00,0.00,2021-05-04,2021-05-10,2
20210427,34031,Passaic County,NJ,100.00,0.00,0.00,0.00,0.00,0.00,2021-04-27,2021-05-03,2
20210420,34031,Passaic County,NJ,100.00,0.00,0.00,0.00,0.00,0.00,2021-04-20,2021-04-26,2
20210413,34031,Passaic County,NJ,100.00,0.00,0.00,0.00,0.00,0.00,2021-04-13,2021-04-19,2
20210406,34031,Passaic County,NJ,100.00,0.00,0.00,0.00,0.00,0.00,2021-04-06,2021-04-12,2
20210330,34031,Passaic County,NJ,100.00,0.00,0.00,0.00,0.00,0.00,2021-03-30,2021-04-05,2
20210323,34031,Passaic County,NJ,100.00,0.00,0.00,0.00,0.00,0.00,2021-03-23,2021-03-29,2
20210316,34031,Passaic County,NJ,100.00,0.00,0.00,0.00,0.00,0.00,2021-03-16,2021-03-22,2
20210309,34031,Passaic County,NJ,100.00,0.00,0.00,0.00,0.00,0.00,2021-03-09,2021-03-15,2
20210302,34031,Passaic County,NJ,100.00,0.00,0.00,0.00,0.00,0.00,2021-03-02,2021-03-08,2
20210223,34031,Passaic County,NJ,100.00,0.00,0.00,0.00,0.00,0.00,2021-02-23,2021-03-01,2
20210216,34031,Passaic County,NJ,100.00,0.00,0.00,0.00,0.00,0.00,2021-02-16,2021-02-22,2
20210209,34031,Passaic County,NJ,100.00,0.00,0.00,0.00,0.00,0.00,2021-02-09,2021-02-15,2
20210202,34031,Passaic County,NJ,100.00,0.00,0.00,0.00,0.00,0.00,2021-02-02,2021-02-08,2
20210126,34031,Passaic County,NJ,100.00,0.00,0.00,0.00,0.00,0.00,2021-01-26,2021-02-01,2
20210119,34031,Passaic County,NJ,100.00,0.00,0.00,0.00,0.00,0.00,2021-01-19,2021-01-25,2
20210112,34031,Passaic County,NJ,100.00,0.00,0.00,0.00,0.00,0.00,2021-01-12,2021-01-18,2
20210105,34031,Passaic County,NJ,100.00,0.00,0.00,0.00,0.00,0.00,2021-01-05,2021-01-11,2
20201229,34031,Passaic County,NJ,100.00,0.00,0.00,0.00,0.00,0.00,2020-12-29,2021-01-04,2
20201222,34031,Passaic County,NJ,100.00,0.00,0.00,0.00,0.00,0.00,2020-12-22,2020-12-28,2
20201215,34031,Passaic County,NJ,100.00,0.00,0.00,0.00,0.00,0.00,2020-12-15,2020-12-21,2
20201208,34031,Passaic County,NJ,100.00,0.00,0.00,0.00,0.00,0.00,2020-12-08,2020-12-14,2
20201201,34031,Passaic County,NJ,100.00,0.00,0.00,0.00,0.00,0.00,2020-12-01,2020-12-07,2
20201124,34031,Passaic County,NJ,100.00,0.00,0.00,0.00,0.00,0.00,2020-11-24,2020-11-30,2
20251118,34033,Salem County,NJ,0.00,16.51,83.49,0.00,0.00,0.00,2025-11-18,2025-11-24,2
20251111,34033,Salem County,NJ,0.00,16.51,83.49,0.00,0.00,0.00,2025-11-11,2025-11-17,2
20251104,34033,Salem County,NJ,0.00,16.51,83.49,0.00,0.00,0.00,2025-11-04,2025-11-10,2
20251028,34033,Salem County,NJ,0.00,42.75,57.25,0.00,0.00,0.00,2025-10-28,2025-11-03,2
20251021,34033,Salem County,NJ,0.00,62.76,37.24,0.00,0.00,0.00,2025-10-21,2025-10-27,2
20251014,34033,Salem County,NJ,0.00,100.00,0.00,0.00,0.00,0.00,2025-10-14,2025-10-20,2
20251007,34033,Salem County,NJ,0.00,100.00,0.00,0.00,0.00,0.00,2025-10-07,2025-10-13,2
20250930,34033,Salem County,NJ,100.00,0.00,0.00,0.00,0.00,0.00,2025-09-30,2025-10-06,2
20250923,34033,Salem County,NJ,100.00,0.00,0.00,0.00,0.00,0.00,2025-09-23,2025-09-29,2
20250916,34033,Salem County,NJ,100.00,0.00,0.00,0.00,0.00,0.00,2025-09-16,2025-09-22,2
20250909,34033,Salem County,NJ,100.00,0.00,0.00,0.00,0.00,0.00,2025-09-09,2025-09-15,2
20250902,34033,Salem County,NJ,100.00,0.00,0.00,0.00,0.00,0.00,2025-09-02,2025-09-08,2
20250826,34033,Salem County,NJ,100.00,0.00,0.00,0.00,0.00,0.00,2025-08-26,2025-09-01,2
20250819,34033,Salem County,NJ,100.00,0.00,0.00,0.00,0.00,0.00,2025-08-19,2025-08-25,2
20250812,34033,Salem County,NJ,99.30,0.70,0.00,0.00,0.00,0.00,2025-08-12,2025-08-18,2
20250805,34033,Salem County,NJ,100.00,0.00,0.00,0.00,0.00,0.00,2025-08-05,2025-08-11,2
20250729,34033,Salem County,NJ,100.00,0.00,0.00,0.00,0.00,0.00,2025-07-29,2025-08-04,2
20250722,34033,Salem County,NJ,100.00,0.00,0.00,0.00,0.00,0.00,2025-07-22,2025-07-28,2
20250715,34033,Salem County,NJ,100.00,0.00,0.00,0.00,0.00,0.00,2025-07-15,2025-07-21,2
20250708,34033,Salem County,NJ,100.00,0.00,0.00,0.00,0.00,0.00,2025-07-08,2025-07-14,2
20250701,34033,Salem County,NJ,100.00,0.00,0.00,0.00,0.00,0.00,2025-07-01,2025-07-07,2
20250624,34033,Salem County,NJ,100.00,0.00,0.00,0.00,0.00,0.00,2025-06-24,2025-06-30,2
20250617,34033,Salem County,NJ,100.00,0.00,0.00,0.00,0.00,0.00,2025-06-17,2025-06-23,2
20250610,34033,Salem County,NJ,100.00,0.00,0.00,0.00,0.00,0.00,2025-06-10,2025-06-16,2
20250603,34033,Salem County,NJ,100.00,0.00,0.00,0.00,0.00,0.00,2025-06-03,2025-06-09,2
20250527,34033,Salem County,NJ,21.71,78.29,0.00,0.00,0.00,0.00,2025-05-27,2025-06-02,2
20250520,34033,Salem County,NJ,0.00,100.00,0.00,0.00,0.00,0.00,2025-05-20,2025-05-26,2
20250513,34033,Salem County,NJ,0.00,79.75,20.25,0.00,0.00,0.00,2025-05-13,2025-05-19,2
20250506,34033,Salem County,NJ,0.00,79.75,20.25,0.00,0.00,0.00,2025-05-06,2025-05-12,2
20250429,34033,Salem County,NJ,0.00,79.75,20.25,0.00,0.00,0.00,2025-04-29,2025-05-05,2
20250422,34033,Salem County,NJ,0.00,79.75,20.25,0.00,0.00,0.00,2025-04-22,2025-04-28,2
20250415,34033,Salem County,NJ,0.00,79.75,20.25,0.00,0.00,0.00,2025-04-15,2025-04-21,2
20250408,34033,Salem County,NJ,0.00,0.00,89.09,10.91,0.00,0.00,2025-04-08,2025-04-14,2
20250401,34033,Salem County,NJ,0.00,0.00,0.00,100.00,0.00,0.00,2025-04-01,2025-04-07,2
20250325,34033,Salem County,NJ,0.00,0.00,0.00,100.00,0.00,0.00,2025-03-25,2025-03-31,2
20250318,34033,Salem County,NJ,0.00,0.00,0.00,85.70,14.30,0.00,2025-03-18,2025-03-24,2
20250311,34033,Salem County,NJ,0.00,0.00,0.00,85.70,14.30,0.00,2025-03-11,2025-03-17,2
20250304,34033,Salem County,NJ,0.00,0.00,0.00,85.70,14.30,0.00,2025-03-04,2025-03-10,2
20250225,34033,Salem County,NJ,0.00,0.00,0.00,85.70,14.30,0.00,2025-02-25,2025-03-03,2
20250218,34033,Salem County,NJ,0.00,0.00,0.00,85.70,14.30,0.00,2025-02-18,2025-02-24,2
20250211,34033,Salem County,NJ,0.00,0.00,0.00,85.70,14.30,0.00,2025-02-11,2025-02-17,2
20250204,34033,Salem County,NJ,0.00,0.00,0.00,85.70,14.30,0.00,2025-02-04,2025-02-10,2
20250128,34033,Salem County,NJ,0.00,0.00,0.00,85.70,14.30,0.00,2025-01-28,2025-02-03,2
20250121,34033,Salem County,NJ,0.00,0.00,0.00,85.70,14.30,0.00,2025-01-21,2025-01-27,2
20250114,34033,Salem County,NJ,0.00,0.00,0.00,85.70,14.30,0.00,2025-01-14,2025-01-20,2
20250107,34033,Salem County,NJ,0.00,0.00,0.00,85.70,14.30,0.00,2025-01-07,2025-01-13,2
20241231,34033,Salem County,NJ,0.00,0.00,0.00,85.70,14.30,0.00,2024-12-31,2025-01-06,2
20241224,34033,Salem County,NJ,0.00,0.00,0.00,35.66,64.34,0.00,2024-12-24,2024-12-30,2
20241217,34033,Salem County,NJ,0.00,0.00,0.00,35.66,64.34,0.00,2024-12-17,2024-12-23,2
20241210,34033,Salem County,NJ,0.00,0.00,0.00,35.66,64.34,0.00,2024-12-10,2024-12-16,2
20241203,34033,Salem County,NJ,0.00,0.00,0.00,35.66,64.34,0.00,2024-12-03,2024-12-09,2
20241126,34033,Salem County,NJ,0.00,0.00,0.00,35.66,64.34,0.00,2024-11-26,2024-12-02,2
20241119,34033,Salem County,NJ,0.00,0.00,0.00,35.66,64.34,0.00,2024-11-19,2024-11-25,2
20241112,34033,Salem County,NJ,0.00,0.00,0.00,94.35,5.65,0.00,2024-11-12,2024-11-18,2
20241105,34033,Salem County,NJ,0.00,0.00,0.00,100.00,0.00,0.00,2024-11-05,2024-11-11,2
20241029,34033,Salem County,NJ,0.00,0.00,0.00,100.00,0.00,0.00,2024-10-29,2024-11-04,2
20241022,34033,Salem County,NJ,0.00,0.00,85.68,14.32,0.00,0.00,2024-10-22,2024-10-28,2
20241015,34033,Salem County,NJ,0.00,0.00,100.00,0.00,0.00,0.00,2024-10-15,2024-10-21,2
20241008,34033,Salem County,NJ,0.00,77.51,22.49,0.00,0.00,0.00,2024-10-08,2024-10-14,2
20241001,34033,Salem County,NJ,0.00,100.00,0.00,0.00,0.00,0.00,2024-10-01,2024-10-07,2
20240924,34033,Salem County,NJ,0.00,100.00,0.00,0.00,0.00,0.00,2024-09-24,2024-09-30,2
20240917,34033,Salem County,NJ,0.00,100.00,0.00,0.00,0.00,0.00,2024-09-17,2024-09-23,2
20240910,34033,Salem County,NJ,38.01,61.99,0.00,0.00,0.00,0.00,2024-09-10,2024-09-16,2
20240903,34033,Salem County,NJ,76.24,23.76,0.00,0.00,0.00,0.00,2024-09-03,2024-09-09,2
20240827,34033,Salem County,NJ,95.87,4.13,0.00,0.00,0.00,0.00,2024-08-27,2024-09-02,2
20240820,34033,Salem County,NJ,96.18,3.82,0.00,0.00,0.00,0.00,2024-08-20,2024-08-26,2
20240813,34033,Salem County,NJ,96.74,3.26,0.00,0.00,0.00,0.00,2024-08-13,2024-08-19,2
20240806,34033,Salem County,NJ,96.74,3.26,0.00,0.00,0.00,0.00,2024-08-06,2024-08-12,2
20240730,34033,Salem County,NJ,96.74,3.26,0.00,0.00,0.00,0.00,2024-07-30,2024-08-05,2
20240723,34033,Salem County,NJ,94.39,5.61,0.00,0.00,0.00,0.00,2024-07-23,2024-07-29,2
20240716,34033,Salem County,NJ,94.70,5.30,0.00,0.00,0.00,0.00,2024-07-16,2024-07-22,2
20240709,34033,Salem County,NJ,94.70,5.30,0.00,0.00,0.00,0.00,2024-07-09,2024-07-15,2
20240702,34033,Salem County,NJ,83.28,13.32,3.40,0.00,0.00,0.00,2024-07-02,2024-07-08,2
20240625,34033,Salem County,NJ,34.24,60.47,5.29,0.00,0.00,0.00,2024-06-25,2024-07-01,2
20240618,34033,Salem County,NJ,50.42,49.58,0.00,0.00,0.00,0.00,2024-06-18,2024-06-24,2
20240611,34033,Salem County,NJ,71.72,28.28,0.00,0.00,0.00,0.00,2024-06-11,2024-06-17,2
20240604,34033,Salem County,NJ,0.00,100.00,0.00,0.00,0.00,0.00,2024-06-04,2024-06-10,2
20240528,34033,Salem County,NJ,100.00,0.00,0.00,0.00,0.00,0.00,2024-05-28,2024-06-03,2
20240521,34033,Salem County,NJ,100.00,0.00,0.00,0.00,0.00,0.00,2024-05-21,2024-05-27,2
20240514,34033,Salem County,NJ,100.00,0.00,0.00,0.00,0.00,0.00,2024-05-14,2024-05-20,2
20240507,34033,Salem County,NJ,100.00,0.00,0.00,0.00,0.00,0.00,2024-05-07,2024-05-13,2
20240430,34033,Salem County,NJ,100.00,0.00,0.00,0.00,0.00,0.00,2024-04-30,2024-05-06,2
20240423,34033,Salem County,NJ,100.00,0.00,0.00,0.00,0.00,0.00,2024-04-23,2024-04-29,2
20240416,34033,Salem County,NJ,100.00,0.00,0.00,0.00,0.00,0.00,2024-04-16,2024-04-22,2
20240409,34033,Salem County,NJ,100.00,0.00,0.00,0.00,0.00,0.00,2024-04-09,2024-04-15,2
20240402,34033,Salem County,NJ,100.00,0.00,0.00,0.00,0.00,0.00,2024-04-02,2024-04-08,2
20240326,34033,Salem County,NJ,100.00,0.00,0.00,0.00,0.00,0.00,2024-03-26,2024-04-01,2
20240319,34033,Salem County,NJ,100.00,0.00,0.00,0.00,0.00,0.00,2024-03-19,2024-03-25,2
20240312,34033,Salem County,NJ,100.00,0.00,0.00,0.00,0.00,0.00,2024-03-12,2024-03-18,2
20240305,34033,Salem County,NJ,100.00,0.00,0.00,0.00,0.00,0.00,2024-03-05,2024-03-11,2
20240227,34033,Salem County,NJ,100.00,0.00,0.00,0.00,0.00,0.00,2024-02-27,2024-03-04,2
20240220,34033,Salem County,NJ,100.00,0.00,0.00,0.00,0.00,0.00,2024-02-20,2024-02-26,2
20240213,34033,Salem County,NJ,100.00,0.00,0.00,0.00,0.00,0.00,2024-02-13,2024-02-19,2
20240206,34033,Salem County,NJ,100.00,0.00,0.00,0.00,0.00,0.00,2024-02-06,2024-02-12,2
20240130,34033,Salem County,NJ,100.00,0.00,0.00,0.00,0.00,0.00,2024-01-30,2024-02-05,2
20240123,34033,Salem County,NJ,100.00,0.00,0.00,0.00,0.00,0.00,2024-01-23,2024-01-29,2
20240116,34033,Salem County,NJ,100.00,0.00,0.00,0.00,0.00,0.00,2024-01-16,2024-01-22,2
20240109,34033,Salem County,NJ,100.00,0.00,0.00,0.00,0.00,0.00,2024-01-09,2024-01-15,2
20240102,34033,Salem County,NJ,100.00,0.00,0.00,0.00,0.00,0.00,2024-01-02,2024-01-08,2
20231226,34033,Salem County,NJ,100.00,0.00,0.00,0.00,0.00,0.00,2023-12-26,2024-01-01,2
20231219,34033,Salem County,NJ,100.00,0.00,0.00,0.00,0.00,0.00,2023-12-19,2023-12-25,2
20231212,34033,Salem County,NJ,72.34,27.66,0.00,0.00,0.00,0.00,2023-12-12,2023-12-18,2
20231205,34033,Salem County,NJ,0.00,100.00,0.00,0.00,0.00,0.00,2023-12-05,2023-12-11,2
20231128,34033,Salem County,NJ,0.00,100.00,0.00,0.00,0.00,0.00,2023-11-28,2023-12-04,2
20231121,34033,Salem County,NJ,0.00,22.66,77.34,0.00,0.00,0.00,2023-11-21,2023-11-27,2
20231114,34033,Salem County,NJ,0.00,100.00,0.00,0.00,0.00,0.00,2023-11-14,2023-11-20,2
20231107,34033,Salem County,NJ,0.00,100.00,0.00,0.00,0.00,0.00,2023-11-07,2023-11-13,2
20231031,34033,Salem County,NJ,0.00,100.00,0.00,0.00,0.00,0.00,2023-10-31,2023-11-06,2
20231024,34033,Salem County,NJ,100.00,0.00,0.00,0.00,0.00,0.00,2023-10-24,2023-10-30,2
20231017,34033,Salem County,NJ,100.00,0.00,0.00,0.00,0.00,0.00,2023-10-17,2023-10-23,2
20231010,34033,Salem County,NJ,100.00,0.00,0.00,0.00,0.00,0.00,2023-10-10,2023-10-16,2
20231003,34033,Salem County,NJ,100.00,0.00,0.00,0.00,0.00,0.00,2023-10-03,2023-10-09,2
20230926,34033,Salem County,NJ,100.00,0.00,0.00,0.00,0.00,0.00,2023-09-26,2023-10-02,2
20230919,34033,Salem County,NJ,100.00,0.00,0.00,0.00,0.00,0.00,2023-09-19,2023-09-25,2
20230912,34033,Salem County,NJ,100.00,0.00,0.00,0.00,0.00,0.00,2023-09-12,2023-09-18,2
20230905,34033,Salem County,NJ,100.00,0.00,0.00,0.00,0.00,0.00,2023-09-05,2023-09-11,2
20230829,34033,Salem County,NJ,100.00,0.00,0.00,0.00,0.00,0.00,2023-08-29,2023-09-04,2
20230822,34033,Salem County,NJ,100.00,0.00,0.00,0.00,0.00,0.00,2023-08-22,2023-08-28,2
20230815,34033,Salem County,NJ,100.00,0.00,0.00,0.00,0.00,0.00,2023-08-15,2023-08-21,2
20230808,34033,Salem County,NJ,99.89,0.11,0.00,0.00,0.00,0.00,2023-08-08,2023-08-14,2
20230801,34033,Salem County,NJ,99.89,0.11,0.00,0.00,0.00,0.00,2023-08-01,2023-08-07,2
20230725,34033,Salem County,NJ,94.71,5.29,0.00,0.00,0.00,0.00,2023-07-25,2023-07-31,2
20230718,34033,Salem County,NJ,46.47,53.53,0.00,0.00,0.00,0.00,2023-07-18,2023-07-24,2
20230711,34033,Salem County,NJ,10.60,82.78,6.62,0.00,0.00,0.00,2023-07-11,2023-07-17,2
20230704,34033,Salem County,NJ,10.15,9.06,80.79,0.00,0.00,0.00,2023-07-04,2023-07-10,2
20230627,34033,Salem County,NJ,10.26,8.95,80.79,0.00,0.00,0.00,2023-06-27,2023-07-03,2
20230620,34033,Salem County,NJ,0.00,19.21,80.79,0.00,0.00,0.00,2023-06-20,2023-06-26,2
20230613,34033,Salem County,NJ,0.00,83.26,16.74,0.00,0.00,0.00,2023-06-13,2023-06-19,2
20230606,34033,Salem County,NJ,0.00,62.41,37.59,0.00,0.00,0.00,2023-06-06,2023-06-12,2
20230530,34033,Salem County,NJ,51.63,48.37,0.00,0.00,0.00,0.00,2023-05-30,2023-06-05,2
20230523,34033,Salem County,NJ,100.00,0.00,0.00,0.00,0.00,0.00,2023-05-23,2023-05-29,2
20230516,34033,Salem County,NJ,100.00,0.00,0.00,0.00,0.00,0.00,2023-05-16,2023-05-22,2
20230509,34033,Salem County,NJ,100.00,0.00,0.00,0.00,0.00,0.00,2023-05-09,2023-05-15,2
20230502,34033,Salem County,NJ,100.00,0.00,0.00,0.00,0.00,0.00,2023-05-02,2023-05-08,2
20230425,34033,Salem County,NJ,0.00,100.00,0.00,0.00,0.00,0.00,2023-04-25,2023-05-01,2
20230418,34033,Salem County,NJ,0.00,100.00,0.00,0.00,0.00,0.00,2023-04-18,2023-04-24,2
20230411,34033,Salem County,NJ,0.00,100.00,0.00,0.00,0.00,0.00,2023-04-11,2023-04-17,2
20230404,34033,Salem County,NJ,0.00,100.00,0.00,0.00,0.00,0.00,2023-04-04,2023-04-10,2
20230328,34033,Salem County,NJ,0.00,100.00,0.00,0.00,0.00,0.00,2023-03-28,2023-04-03,2
20230321,34033,Salem County,NJ,0.01,99.99,0.00,0.00,0.00,0.00,2023-03-21,2023-03-27,2
20230314,34033,Salem County,NJ,77.36,22.64,0.00,0.00,0.00,0.00,2023-03-14,2023-03-20,2
20230307,34033,Salem County,NJ,77.36,22.64,0.00,0.00,0.00,0.00,2023-03-07,2023-03-13,2
20230228,34033,Salem County,NJ,77.36,22.64,0.00,0.00,0.00,0.00,2023-02-28,2023-03-06,2
20230221,34033,Salem County,NJ,77.36,22.64,0.00,0.00,0.00,0.00,2023-02-21,2023-02-27,2
20230214,34033,Salem County,NJ,77.36,22.64,0.00,0.00,0.00,0.00,2023-02-14,2023-02-20,2
20230207,34033,Salem County,NJ,77.36,22.64,0.00,0.00,0.00,0.00,2023-02-07,2023-02-13,2
20230131,34033,Salem County,NJ,77.36,22.64,0.00,0.00,0.00,0.00,2023-01-31,2023-02-06,2
20230124,34033,Salem County,NJ,77.36,22.64,0.00,0.00,0.00,0.00,2023-01-24,2023-01-30,2
20230117,34033,Salem County,NJ,77.36,22.64,0.00,0.00,0.00,0.00,2023-01-17,2023-01-23,2
20230110,34033,Salem County,NJ,100.00,0.00,0.00,0.00,0.00,0.00,2023-01-10,2023-01-16,2
20230103,34033,Salem County,NJ,100.00,0.00,0.00,0.00,0.00,0.00,2023-01-03,2023-01-09,2
20221227,34033,Salem County,NJ,100.00,0.00,0.00,0.00,0.00,0.00,2022-12-27,2023-01-02,2
20221220,34033,Salem County,NJ,100.00,0.00,0.00,0.00,0.00,0.00,2022-12-20,2022-12-26,2
20221213,34033,Salem County,NJ,98.87,1.13,0.00,0.00,0.00,0.00,2022-12-13,2022-12-19,2
20221206,34033,Salem County,NJ,98.87,1.13,0.00,0.00,0.00,0.00,2022-12-06,2022-12-12,2
20221129,34033,Salem County,NJ,98.87,1.13,0.00,0.00,0.00,0.00,2022-11-29,2022-12-05,2
20221122,34033,Salem County,NJ,98.87,1.13,0.00,0.00,0.00,0.00,2022-11-22,2022-11-28,2
20221115,34033,Salem County,NJ,86.28,13.72,0.00,0.00,0.00,0.00,2022-11-15,2022-11-21,2
20221108,34033,Salem County,NJ,86.28,13.72,0.00,0.00,0.00,0.00,2022-11-08,2022-11-14,2
20221101,34033,Salem County,NJ,100.00,0.00,0.00,0.00,0.00,0.00,2022-11-01,2022-11-07,2
20221025,34033,Salem County,NJ,100.00,0.00,0.00,0.00,0.00,0.00,2022-10-25,2022-10-31,2
20221018,34033,Salem County,NJ,100.00,0.00,0.00,0.00,0.00,0.00,2022-10-18,2022-10-24,2
20221011,34033,Salem County,NJ,100.00,0.00,0.00,0.00,0.00,0.00,2022-10-11,2022-10-17,2
20221004,34033,Salem County,NJ,70.29,29.71,0.00,0.00,0.00,0.00,2022-10-04,2022-10-10,2
20220927,34033,Salem County,NJ,3.65,66.48,29.87,0.00,0.00,0.00,2022-09-27,2022-10-03,2
20220920,34033,Salem County,NJ,10.11,78.34,11.54,0.00,0.00,0.00,2022-09-20,2022-09-26,2
20220913,34033,Salem County,NJ,10.11,78.34,11.54,0.00,0.00,0.00,2022-09-13,2022-09-19,2
20220906,34033,Salem County,NJ,10.11,69.57,20.00,0.32,0.00,0.00,2022-09-06,2022-09-12,2
20220830,34033,Salem County,NJ,9.55,70.13,20.00,0.32,0.00,0.00,2022-08-30,2022-09-05,2
20220823,34033,Salem County,NJ,35.95,59.61,4.44,0.00,0.00,0.00,2022-08-23,2022-08-29,2
20220816,34033,Salem County,NJ,35.95,59.61,4.44,0.00,0.00,0.00,2022-08-16,2022-08-22,2
20220809,34033,Salem County,NJ,34.24,65.76,0.00,0.00,0.00,0.00,2022-08-09,2022-08-15,2
20220802,34033,Salem County,NJ,63.47,36.53,0.00,0.00,0.00,0.00,2022-08-02,2022-08-08,2
20220726,34033,Salem County,NJ,63.47,36.53,0.00,0.00,0.00,0.00,2022-07-26,2022-08-01,2
20220719,34033,Salem County,NJ,63.47,36.53,0.00,0.00,0.00,0.00,2022-07-19,2022-07-25,2
20220712,34033,Salem County,NJ,63.47,36.53,0.00,0.00,0.00,0.00,2022-07-12,2022-07-18,2
20220705,34033,Salem County,NJ,60.86,39.14,0.00,0.00,0.00,0.00,2022-07-05,2022-07-11,2
20220628,34033,Salem County,NJ,60.86,39.14,0.00,0.00,0.00,0.00,2022-06-28,2022-07-04,2
20220621,34033,Salem County,NJ,100.00,0.00,0.00,0.00,0.00,0.00,2022-06-21,2022-06-27,2
20220614,34033,Salem County,NJ,100.00,0.00,0.00,0.00,0.00,0.00,2022-06-14,2022-06-20,2
20220607,34033,Salem County,NJ,100.00,0.00,0.00,0.00,0.00,0.00,2022-06-07,2022-06-13,2
20220531,34033,Salem County,NJ,100.00,0.00,0.00,0.00,0.00,0.00,2022-05-31,2022-06-06,2
20220524,34033,Salem County,NJ,100.00,0.00,0.00,0.00,0.00,0.00,2022-05-24,2022-05-30,2
20220517,34033,Salem County,NJ,100.00,0.00,0.00,0.00,0.00,0.00,2022-05-17,2022-05-23,2
20220510,34033,Salem County,NJ,100.00,0.00,0.00,0.00,0.00,0.00,2022-05-10,2022-05-16,2
20220503,34033,Salem County,NJ,84.73,15.27,0.00,0.00,0.00,0.00,2022-05-03,2022-05-09,2
20220426,34033,Salem County,NJ,84.73,15.27,0.00,0.00,0.00,0.00,2022-04-26,2022-05-02,2
20220419,34033,Salem County,NJ,84.73,15.27,0.00,0.00,0.00,0.00,2022-04-19,2022-04-25,2
20220412,34033,Salem County,NJ,0.00,93.62,6.38,0.00,0.00,0.00,2022-04-12,2022-04-18,2
20220405,34033,Salem County,NJ,0.00,0.00,100.00,0.00,0.00,0.00,2022-04-05,2022-04-11,2
20220329,34033,Salem County,NJ,0.00,0.00,100.00,0.00,0.00,0.00,2022-03-29,2022-04-04,2
20220322,34033,Salem County,NJ,0.00,0.00,100.00,0.00,0.00,0.00,2022-03-22,2022-03-28,2
20220315,34033,Salem County,NJ,0.00,0.00,100.00,0.00,0.00,0.00,2022-03-15,2022-03-21,2
20220308,34033,Salem County,NJ,0.00,0.00,100.00,0.00,0.00,0.00,2022-03-08,2022-03-14,2
20220301,34033,Salem County,NJ,0.00,100.00,0.00,0.00,0.00,0.00,2022-03-01,2022-03-07,2
20220222,34033,Salem County,NJ,0.06,99.94,0.00,0.00,0.00,0.00,2022-02-22,2022-02-28,2
20220215,34033,Salem County,NJ,0.06,99.94,0.00,0.00,0.00,0.00,2022-02-15,2022-02-21,2
20220208,34033,Salem County,NJ,0.06,99.94,0.00,0.00,0.00,0.00,2022-02-08,2022-02-14,2
20220201,34033,Salem County,NJ,0.06,99.94,0.00,0.00,0.00,0.00,2022-02-01,2022-02-07,2
20220125,34033,Salem County,NJ,0.00,100.00,0.00,0.00,0.00,0.00,2022-01-25,2022-01-31,2
20220118,34033,Salem County,NJ,0.00,100.00,0.00,0.00,0.00,0.00,2022-01-18,2022-01-24,2
20220111,34033,Salem County,NJ,0.00,100.00,0.00,0.00,0.00,0.00,2022-01-11,2022-01-17,2
20220104,34033,Salem County,NJ,0.00,100.00,0.00,0.00,0.00,0.00,2022-01-04,2022-01-10,2
20211228,34033,Salem County,NJ,0.00,100.00,0.00,0.00,0.00,0.00,2021-12-28,2022-01-03,2
20211221,34033,Salem County,NJ,0.00,100.00,0.00,0.00,0.00,0.00,2021-12-21,2021-12-27,2
20211214,34033,Salem County,NJ,87.73,12.27,0.00,0.00,0.00,0.00,2021-12-14,2021-12-20,2
20211207,34033,Salem County,NJ,100.00,0.00,0.00,0.00,0.00,0.00,2021-12-07,2021-12-13,2
20211130,34033,Salem County,NJ,100.00,0.00,0.00,0.00,0.00,0.00,2021-11-30,2021-12-06,2
20211123,34033,Salem County,NJ,100.00,0.00,0.00,0.00,0.00,0.00,2021-11-23,2021-11-29,2
20211116,34033,Salem County,NJ,100.00,0.00,0.00,0.00,0.00,0.00,2021-11-16,2021-11-22,2
20211109,34033,Salem County,NJ,100.00,0.00,0.00,0.00,0.00,0.00,2021-11-09,2021-11-15,2
20211102,34033,Salem County,NJ,100.00,0.00,0.00,0.00,0.00,0.00,2021-11-02,2021-11-08,2
20211026,34033,Salem County,NJ,100.00,0.00,0.00,0.00,0.00,0.00,2021-10-26,2021-11-01,2
20211019,34033,Salem County,NJ,100.00,0.00,0.00,0.00,0.00,0.00,2021-10-19,2021-10-25,2
20211012,34033,Salem County,NJ,100.00,0.00,0.00,0.00,0.00,0.00,2021-10-12,2021-10-18,2
20211005,34033,Salem County,NJ,100.00,0.00,0.00,0.00,0.00,0.00,2021-10-05,2021-10-11,2
20210928,34033,Salem County,NJ,100.00,0.00,0.00,0.00,0.00,0.00,2021-09-28,2021-10-04,2
20210921,34033,Salem County,NJ,100.00,0.00,0.00,0.00,0.00,0.00,2021-09-21,2021-09-27,2
20210914,34033,Salem County,NJ,100.00,0.00,0.00,0.00,0.00,0.00,2021-09-14,2021-09-20,2
20210907,34033,Salem County,NJ,100.00,0.00,0.00,0.00,0.00,0.00,2021-09-07,2021-09-13,2
20210831,34033,Salem County,NJ,100.00,0.00,0.00,0.00,0.00,0.00,2021-08-31,2021-09-06,2
20210824,34033,Salem County,NJ,100.00,0.00,0.00,0.00,0.00,0.00,2021-08-24,2021-08-30,2
20210817,34033,Salem County,NJ,100.00,0.00,0.00,0.00,0.00,0.00,2021-08-17,2021-08-23,2
20210810,34033,Salem County,NJ,100.00,0.00,0.00,0.00,0.00,0.00,2021-08-10,2021-08-16,2
20210803,34033,Salem County,NJ,100.00,0.00,0.00,0.00,0.00,0.00,2021-08-03,2021-08-09,2
20210727,34033,Salem County,NJ,100.00,0.00,0.00,0.00,0.00,0.00,2021-07-27,2021-08-02,2
20210720,34033,Salem County,NJ,100.00,0.00,0.00,0.00,0.00,0.00,2021-07-20,2021-07-26,2
20210713,34033,Salem County,NJ,100.00,0.00,0.00,0.00,0.00,0.00,2021-07-13,2021-07-19,2
20210706,34033,Salem County,NJ,100.00,0.00,0.00,0.00,0.00,0.00,2021-07-06,2021-07-12,2
20210629,34033,Salem County,NJ,100.00,0.00,0.00,0.00,0.00,0.00,2021-06-29,2021-07-05,2
20210622,34033,Salem County,NJ,100.00,0.00,0.00,0.00,0.00,0.00,2021-06-22,2021-06-28,2
20210615,34033,Salem County,NJ,100.00,0.00,0.00,0.00,0.00,0.00,2021-06-15,2021-06-21,2
20210608,34033,Salem County,NJ,0.36,99.64,0.00,0.00,0.00,0.00,2021-06-08,2021-06-14,2
20210601,34033,Salem County,NJ,47.34,52.66,0.00,0.00,0.00,0.00,2021-06-01,2021-06-07,2
20210525,34033,Salem County,NJ,0.00,100.00,0.00,0.00,0.00,0.00,2021-05-25,2021-05-31,2
20210518,34033,Salem County,NJ,100.00,0.00,0.00,0.00,0.00,0.00,2021-05-18,2021-05-24,2
20210511,34033,Salem County,NJ,100.00,0.00,0.00,0.00,0.00,0.00,2021-05-11,2021-05-17,2
20210504,34033,Salem County,NJ,100.00,0.00,0.00,0.00,0.00,0.00,2021-05-04,2021-05-10,2
20210427,34033,Salem County,NJ,100.00,0.00,0.00,0.00,0.00,0.00,2021-04-27,2021-05-03,2
20210420,34033,Salem County,NJ,100.00,0.00,0.00,0.00,0.00,0.00,2021-04-20,2021-04-26,2
20210413,34033,Salem County,NJ,100.00,0.00,0.00,0.00,0.00,0.00,2021-04-13,2021-04-19,2
20210406,34033,Salem County,NJ,100.00,0.00,0.00,0.00,0.00,0.00,2021-04-06,2021-04-12,2
20210330,34033,Salem County,NJ,100.00,0.00,0.00,0.00,0.00,0.00,2021-03-30,2021-04-05,2
20210323,34033,Salem County,NJ,100.00,0.00,0.00,0.00,0.00,0.00,2021-03-23,2021-03-29,2
20210316,34033,Salem County,NJ,100.00,0.00,0.00,0.00,0.00,0.00,2021-03-16,2021-03-22,2
20210309,34033,Salem County,NJ,100.00,0.00,0.00,0.00,0.00,0.00,2021-03-09,2021-03-15,2
20210302,34033,Salem County,NJ,100.00,0.00,0.00,0.00,0.00,0.00,2021-03-02,2021-03-08,2
20210223,34033,Salem County,NJ,100.00,0.00,0.00,0.00,0.00,0.00,2021-02-23,2021-03-01,2
20210216,34033,Salem County,NJ,100.00,0.00,0.00,0.00,0.00,0.00,2021-02-16,2021-02-22,2
20210209,34033,Salem County,NJ,100.00,0.00,0.00,0.00,0.00,0.00,2021-02-09,2021-02-15,2
20210202,34033,Salem County,NJ,100.00,0.00,0.00,0.00,0.00,0.00,2021-02-02,2021-02-08,2
20210126,34033,Salem County,NJ,100.00,0.00,0.00,0.00,0.00,0.00,2021-01-26,2021-02-01,2
20210119,34033,Salem County,NJ,100.00,0.00,0.00,0.00,0.00,0.00,2021-01-19,2021-01-25,2
20210112,34033,Salem County,NJ,100.00,0.00,0.00,0.00,0.00,0.00,2021-01-12,2021-01-18,2
20210105,34033,Salem County,NJ,100.00,0.00,0.00,0.00,0.00,0.00,2021-01-05,2021-01-11,2
20201229,34033,Salem County,NJ,100.00,0.00,0.00,0.00,0.00,0.00,2020-12-29,2021-01-04,2
20201222,34033,Salem County,NJ,100.00,0.00,0.00,0.00,0.00,0.00,2020-12-22,2020-12-28,2
20201215,34033,Salem County,NJ,100.00,0.00,0.00,0.00,0.00,0.00,2020-12-15,2020-12-21,2
20201208,34033,Salem County,NJ,100.00,0.00,0.00,0.00,0.00,0.00,2020-12-08,2020-12-14,2
20201201,34033,Salem County,NJ,100.00,0.00,0.00,0.00,0.00,0.00,2020-12-01,2020-12-07,2
20201124,34033,Salem County,NJ,100.00,0.00,0.00,0.00,0.00,0.00,2020-11-24,2020-11-30,2
20251118,34035,Somerset County,NJ,0.00,0.00,100.00,0.00,0.00,0.00,2025-11-18,2025-11-24,2
20251111,34035,Somerset County,NJ,0.00,0.00,100.00,0.00,0.00,0.00,2025-11-11,2025-11-17,2
20251104,34035,Somerset County,NJ,0.00,0.00,100.00,0.00,0.00,0.00,2025-11-04,2025-11-10,2
20251028,34035,Somerset County,NJ,0.00,0.00,100.00,0.00,0.00,0.00,2025-10-28,2025-11-03,2
20251021,34035,Somerset County,NJ,0.00,0.00,100.00,0.00,0.00,0.00,2025-10-21,2025-10-27,2
20251014,34035,Somerset County,NJ,0.00,7.46,92.54,0.00,0.00,0.00,2025-10-14,2025-10-20,2
20251007,34035,Somerset County,NJ,0.00,7.30,92.70,0.00,0.00,0.00,2025-10-07,2025-10-13,2
20250930,34035,Somerset County,NJ,7.29,91.76,0.95,0.00,0.00,0.00,2025-09-30,2025-10-06,2
20250923,34035,Somerset County,NJ,7.29,91.76,0.95,0.00,0.00,0.00,2025-09-23,2025-09-29,2
20250916,34035,Somerset County,NJ,7.29,91.76,0.95,0.00,0.00,0.00,2025-09-16,2025-09-22,2
20250909,34035,Somerset County,NJ,9.81,89.24,0.95,0.00,0.00,0.00,2025-09-09,2025-09-15,2
20250902,34035,Somerset County,NJ,9.81,90.10,0.09,0.00,0.00,0.00,2025-09-02,2025-09-08,2
20250826,34035,Somerset County,NJ,55.99,44.01,0.00,0.00,0.00,0.00,2025-08-26,2025-09-01,2
20250819,34035,Somerset County,NJ,94.58,5.42,0.00,0.00,0.00,0.00,2025-08-19,2025-08-25,2
20250812,34035,Somerset County,NJ,94.78,5.22,0.00,0.00,0.00,0.00,2025-08-12,2025-08-18,2
20250805,34035,Somerset County,NJ,100.00,0.00,0.00,0.00,0.00,0.00,2025-08-05,2025-08-11,2
20250729,34035,Somerset County,NJ,100.00,0.00,0.00,0.00,0.00,0.00,2025-07-29,2025-08-04,2
20250722,34035,Somerset County,NJ,100.00,0.00,0.00,0.00,0.00,0.00,2025-07-22,2025-07-28,2
20250715,34035,Somerset County,NJ,100.00,0.00,0.00,0.00,0.00,0.00,2025-07-15,2025-07-21,2
20250708,34035,Somerset County,NJ,100.00,0.00,0.00,0.00,0.00,0.00,2025-07-08,2025-07-14,2
20250701,34035,Somerset County,NJ,100.00,0.00,0.00,0.00,0.00,0.00,2025-07-01,2025-07-07,2
20250624,34035,Somerset County,NJ,100.00,0.00,0.00,0.00,0.00,0.00,2025-06-24,2025-06-30,2
20250617,34035,Somerset County,NJ,100.00,0.00,0.00,0.00,0.00,0.00,2025-06-17,2025-06-23,2
20250610,34035,Somerset County,NJ,100.00,0.00,0.00,0.00,0.00,0.00,2025-06-10,2025-06-16,2
20250603,34035,Somerset County,NJ,100.00,0.00,0.00,0.00,0.00,0.00,2025-06-03,2025-06-09,2
20250527,34035,Somerset County,NJ,100.00,0.00,0.00,0.00,0.00,0.00,2025-05-27,2025-06-02,2
20250520,34035,Somerset County,NJ,100.00,0.00,0.00,0.00,0.00,0.00,2025-05-20,2025-05-26,2
20250513,34035,Somerset County,NJ,93.92,6.08,0.00,0.00,0.00,0.00,2025-05-13,2025-05-19,2
20250506,34035,Somerset County,NJ,43.42,56.58,0.00,0.00,0.00,0.00,2025-05-06,2025-05-12,2
20250429,34035,Somerset County,NJ,43.42,56.58,0.00,0.00,0.00,0.00,2025-04-29,2025-05-05,2
20250422,34035,Somerset County,NJ,43.42,56.58,0.00,0.00,0.00,0.00,2025-04-22,2025-04-28,2
20250415,34035,Somerset County,NJ,43.42,56.58,0.00,0.00,0.00,0.00,2025-04-15,2025-04-21,2
20250408,34035,Somerset County,NJ,0.00,100.00,0.00,0.00,0.00,0.00,2025-04-08,2025-04-14,2
20250401,34035,Somerset County,NJ,0.00,58.96,41.04,0.00,0.00,0.00,2025-04-01,2025-04-07,2
20250325,34035,Somerset County,NJ,0.00,0.00,100.00,0.00,0.00,0.00,2025-03-25,2025-03-31,2
20250318,34035,Somerset County,NJ,0.00,0.00,100.00,0.00,0.00,0.00,2025-03-18,2025-03-24,2
20250311,34035,Somerset County,NJ,0.00,0.00,100.00,0.00,0.00,0.00,2025-03-11,2025-03-17,2
20250304,34035,Somerset County,NJ,0.00,0.00,100.00,0.00,0.00,0.00,2025-03-04,2025-03-10,2
20250225,34035,Somerset County,NJ,0.00,0.00,100.00,0.00,0.00,0.00,2025-02-25,2025-03-03,2
20250218,34035,Somerset County,NJ,0.00,0.00,100.00,0.00,0.00,0.00,2025-02-18,2025-02-24,2
20250211,34035,Somerset County,NJ,0.00,0.00,49.88,50.12,0.00,0.00,2025-02-11,2025-02-17,2
20250204,34035,Somerset County,NJ,0.00,0.00,49.88,50.12,0.00,0.00,2025-02-04,2025-02-10,2
20250128,34035,Somerset County,NJ,0.00,0.00,49.88,50.12,0.00,0.00,2025-01-28,2025-02-03,2
20250121,34035,Somerset County,NJ,0.00,0.00,100.00,0.00,0.00,0.00,2025-01-21,2025-01-27,2
20250114,34035,Somerset County,NJ,0.00,0.00,100.00,0.00,0.00,0.00,2025-01-14,2025-01-20,2
20250107,34035,Somerset County,NJ,0.00,0.00,100.00,0.00,0.00,0.00,2025-01-07,2025-01-13,2
20241231,34035,Somerset County,NJ,0.00,0.00,100.00,0.00,0.00,0.00,2024-12-31,2025-01-06,2
20241224,34035,Somerset County,NJ,0.00,0.00,64.26,35.74,0.00,0.00,2024-12-24,2024-12-30,2
20241217,34035,Somerset County,NJ,0.00,0.00,45.14,54.86,0.00,0.00,2024-12-17,2024-12-23,2
20241210,34035,Somerset County,NJ,0.00,0.00,0.00,100.00,0.00,0.00,2024-12-10,2024-12-16,2
20241203,34035,Somerset County,NJ,0.00,0.00,0.00,100.00,0.00,0.00,2024-12-03,2024-12-09,2
20241126,34035,Somerset County,NJ,0.00,0.00,0.00,100.00,0.00,0.00,2024-11-26,2024-12-02,2
20241119,34035,Somerset County,NJ,0.00,0.00,0.00,100.00,0.00,0.00,2024-11-19,2024-11-25,2
20241112,34035,Somerset County,NJ,0.00,0.00,0.00,100.00,0.00,0.00,2024-11-12,2024-11-18,2
20241105,34035,Somerset County,NJ,0.00,0.00,32.94,67.06,0.00,0.00,2024-11-05,2024-11-11,2
20241029,34035,Somerset County,NJ,0.00,0.00,100.00,0.00,0.00,0.00,2024-10-29,2024-11-04,2
20241022,34035,Somerset County,NJ,0.00,60.88,39.12,0.00,0.00,0.00,2024-10-22,2024-10-28,2
20241015,34035,Somerset County,NJ,0.00,93.48,6.52,0.00,0.00,0.00,2024-10-15,2024-10-21,2
20241008,34035,Somerset County,NJ,0.88,99.12,0.00,0.00,0.00,0.00,2024-10-08,2024-10-14,2
20241001,34035,Somerset County,NJ,0.00,100.00,0.00,0.00,0.00,0.00,2024-10-01,2024-10-07,2
20240924,34035,Somerset County,NJ,0.00,100.00,0.00,0.00,0.00,0.00,2024-09-24,2024-09-30,2
20240917,34035,Somerset County,NJ,83.61,16.39,0.00,0.00,0.00,0.00,2024-09-17,2024-09-23,2
20240910,34035,Somerset County,NJ,83.29,16.71,0.00,0.00,0.00,0.00,2024-09-10,2024-09-16,2
20240903,34035,Somerset County,NJ,100.00,0.00,0.00,0.00,0.00,0.00,2024-09-03,2024-09-09,2
20240827,34035,Somerset County,NJ,100.00,0.00,0.00,0.00,0.00,0.00,2024-08-27,2024-09-02,2
20240820,34035,Somerset County,NJ,100.00,0.00,0.00,0.00,0.00,0.00,2024-08-20,2024-08-26,2
20240813,34035,Somerset County,NJ,95.68,4.32,0.00,0.00,0.00,0.00,2024-08-13,2024-08-19,2
20240806,34035,Somerset County,NJ,55.03,40.65,4.32,0.00,0.00,0.00,2024-08-06,2024-08-12,2
20240730,34035,Somerset County,NJ,55.15,40.53,4.32,0.00,0.00,0.00,2024-07-30,2024-08-05,2
20240723,34035,Somerset County,NJ,55.56,40.12,4.32,0.00,0.00,0.00,2024-07-23,2024-07-29,2
20240716,34035,Somerset County,NJ,49.73,35.69,14.58,0.00,0.00,0.00,2024-07-16,2024-07-22,2
20240709,34035,Somerset County,NJ,49.73,47.60,2.68,0.00,0.00,0.00,2024-07-09,2024-07-15,2
20240702,34035,Somerset County,NJ,49.72,50.28,0.00,0.00,0.00,0.00,2024-07-02,2024-07-08,2
20240625,34035,Somerset County,NJ,0.00,100.00,0.00,0.00,0.00,0.00,2024-06-25,2024-07-01,2
20240618,34035,Somerset County,NJ,100.00,0.00,0.00,0.00,0.00,0.00,2024-06-18,2024-06-24,2
20240611,34035,Somerset County,NJ,100.00,0.00,0.00,0.00,0.00,0.00,2024-06-11,2024-06-17,2
20240604,34035,Somerset County,NJ,100.00,0.00,0.00,0.00,0.00,0.00,2024-06-04,2024-06-10,2
20240528,34035,Somerset County,NJ,100.00,0.00,0.00,0.00,0.00,0.00,2024-05-28,2024-06-03,2
20240521,34035,Somerset County,NJ,100.00,0.00,0.00,0.00,0.00,0.00,2024-05-21,2024-05-27,2
20240514,34035,Somerset County,NJ,100.00,0.00,0.00,0.00,0.00,0.00,2024-05-14,2024-05-20,2
20240507,34035,Somerset County,NJ,100.00,0.00,0.00,0.00,0.00,0.00,2024-05-07,2024-05-13,2
20240430,34035,Somerset County,NJ,100.00,0.00,0.00,0.00,0.00,0.00,2024-04-30,2024-05-06,2
20240423,34035,Somerset County,NJ,100.00,0.00,0.00,0.00,0.00,0.00,2024-04-23,2024-04-29,2
20240416,34035,Somerset County,NJ,100.00,0.00,0.00,0.00,0.00,0.00,2024-04-16,2024-04-22,2
20240409,34035,Somerset County,NJ,100.00,0.00,0.00,0.00,0.00,0.00,2024-04-09,2024-04-15,2
20240402,34035,Somerset County,NJ,100.00,0.00,0.00,0.00,0.00,0.00,2024-04-02,2024-04-08,2
20240326,34035,Somerset County,NJ,100.00,0.00,0.00,0.00,0.00,0.00,2024-03-26,2024-04-01,2
20240319,34035,Somerset County,NJ,100.00,0.00,0.00,0.00,0.00,0.00,2024-03-19,2024-03-25,2
20240312,34035,Somerset County,NJ,100.00,0.00,0.00,0.00,0.00,0.00,2024-03-12,2024-03-18,2
20240305,34035,Somerset County,NJ,100.00,0.00,0.00,0.00,0.00,0.00,2024-03-05,2024-03-11,2
20240227,34035,Somerset County,NJ,100.00,0.00,0.00,0.00,0.00,0.00,2024-02-27,2024-03-04,2
20240220,34035,Somerset County,NJ,100.00,0.00,0.00,0.00,0.00,0.00,2024-02-20,2024-02-26,2
20240213,34035,Somerset County,NJ,100.00,0.00,0.00,0.00,0.00,0.00,2024-02-13,2024-02-19,2
20240206,34035,Somerset County,NJ,100.00,0.00,0.00,0.00,0.00,0.00,2024-02-06,2024-02-12,2
20240130,34035,Somerset County,NJ,100.00,0.00,0.00,0.00,0.00,0.00,2024-01-30,2024-02-05,2
20240123,34035,Somerset County,NJ,100.00,0.00,0.00,0.00,0.00,0.00,2024-01-23,2024-01-29,2
20240116,34035,Somerset County,NJ,100.00,0.00,0.00,0.00,0.00,0.00,2024-01-16,2024-01-22,2
20240109,34035,Somerset County,NJ,100.00,0.00,0.00,0.00,0.00,0.00,2024-01-09,2024-01-15,2
20240102,34035,Somerset County,NJ,100.00,0.00,0.00,0.00,0.00,0.00,2024-01-02,2024-01-08,2
20231226,34035,Somerset County,NJ,100.00,0.00,0.00,0.00,0.00,0.00,2023-12-26,2024-01-01,2
20231219,34035,Somerset County,NJ,100.00,0.00,0.00,0.00,0.00,0.00,2023-12-19,2023-12-25,2
20231212,34035,Somerset County,NJ,100.00,0.00,0.00,0.00,0.00,0.00,2023-12-12,2023-12-18,2
20231205,34035,Somerset County,NJ,100.00,0.00,0.00,0.00,0.00,0.00,2023-12-05,2023-12-11,2
20231128,34035,Somerset County,NJ,100.00,0.00,0.00,0.00,0.00,0.00,2023-11-28,2023-12-04,2
20231121,34035,Somerset County,NJ,64.50,35.50,0.00,0.00,0.00,0.00,2023-11-21,2023-11-27,2
20231114,34035,Somerset County,NJ,82.51,17.49,0.00,0.00,0.00,0.00,2023-11-14,2023-11-20,2
20231107,34035,Somerset County,NJ,98.16,1.84,0.00,0.00,0.00,0.00,2023-11-07,2023-11-13,2
20231031,34035,Somerset County,NJ,100.00,0.00,0.00,0.00,0.00,0.00,2023-10-31,2023-11-06,2
20231024,34035,Somerset County,NJ,100.00,0.00,0.00,0.00,0.00,0.00,2023-10-24,2023-10-30,2
20231017,34035,Somerset County,NJ,100.00,0.00,0.00,0.00,0.00,0.00,2023-10-17,2023-10-23,2
20231010,34035,Somerset County,NJ,100.00,0.00,0.00,0.00,0.00,0.00,2023-10-10,2023-10-16,2
20231003,34035,Somerset County,NJ,100.00,0.00,0.00,0.00,0.00,0.00,2023-10-03,2023-10-09,2
20230926,34035,Somerset County,NJ,100.00,0.00,0.00,0.00,0.00,0.00,2023-09-26,2023-10-02,2
20230919,34035,Somerset County,NJ,100.00,0.00,0.00,0.00,0.00,0.00,2023-09-19,2023-09-25,2
20230912,34035,Somerset County,NJ,100.00,0.00,0.00,0.00,0.00,0.00,2023-09-12,2023-09-18,2
20230905,34035,Somerset County,NJ,100.00,0.00,0.00,0.00,0.00,0.00,2023-09-05,2023-09-11,2
20230829,34035,Somerset County,NJ,100.00,0.00,0.00,0.00,0.00,0.00,2023-08-29,2023-09-04,2
20230822,34035,Somerset County,NJ,100.00,0.00,0.00,0.00,0.00,0.00,2023-08-22,2023-08-28,2
20230815,34035,Somerset County,NJ,100.00,0.00,0.00,0.00,0.00,0.00,2023-08-15,2023-08-21,2
20230808,34035,Somerset County,NJ,100.00,0.00,0.00,0.00,0.00,0.00,2023-08-08,2023-08-14,2
20230801,34035,Somerset County,NJ,100.00,0.00,0.00,0.00,0.00,0.00,2023-08-01,2023-08-07,2
20230725,34035,Somerset County,NJ,100.00,0.00,0.00,0.00,0.00,0.00,2023-07-25,2023-07-31,2
20230718,34035,Somerset County,NJ,100.00,0.00,0.00,0.00,0.00,0.00,2023-07-18,2023-07-24,2
20230711,34035,Somerset County,NJ,100.00,0.00,0.00,0.00,0.00,0.00,2023-07-11,2023-07-17,2
20230704,34035,Somerset County,NJ,0.00,100.00,0.00,0.00,0.00,0.00,2023-07-04,2023-07-10,2
20230627,34035,Somerset County,NJ,0.00,100.00,0.00,0.00,0.00,0.00,2023-06-27,2023-07-03,2
20230620,34035,Somerset County,NJ,0.00,95.81,4.19,0.00,0.00,0.00,2023-06-20,2023-06-26,2
20230613,34035,Somerset County,NJ,0.00,100.00,0.00,0.00,0.00,0.00,2023-06-13,2023-06-19,2
20230606,34035,Somerset County,NJ,0.82,99.18,0.00,0.00,0.00,0.00,2023-06-06,2023-06-12,2
20230530,34035,Somerset County,NJ,100.00,0.00,0.00,0.00,0.00,0.00,2023-05-30,2023-06-05,2
20230523,34035,Somerset County,NJ,100.00,0.00,0.00,0.00,0.00,0.00,2023-05-23,2023-05-29,2
20230516,34035,Somerset County,NJ,100.00,0.00,0.00,0.00,0.00,0.00,2023-05-16,2023-05-22,2
20230509,34035,Somerset County,NJ,100.00,0.00,0.00,0.00,0.00,0.00,2023-05-09,2023-05-15,2
20230502,34035,Somerset County,NJ,100.00,0.00,0.00,0.00,0.00,0.00,2023-05-02,2023-05-08,2
20230425,34035,Somerset County,NJ,85.94,14.06,0.00,0.00,0.00,0.00,2023-04-25,2023-05-01,2
20230418,34035,Somerset County,NJ,85.94,14.06,0.00,0.00,0.00,0.00,2023-04-18,2023-04-24,2
20230411,34035,Somerset County,NJ,93.78,6.22,0.00,0.00,0.00,0.00,2023-04-11,2023-04-17,2
20230404,34035,Somerset County,NJ,100.00,0.00,0.00,0.00,0.00,0.00,2023-04-04,2023-04-10,2
20230328,34035,Somerset County,NJ,100.00,0.00,0.00,0.00,0.00,0.00,2023-03-28,2023-04-03,2
20230321,34035,Somerset County,NJ,100.00,0.00,0.00,0.00,0.00,0.00,2023-03-21,2023-03-27,2
20230314,34035,Somerset County,NJ,100.00,0.00,0.00,0.00,0.00,0.00,2023-03-14,2023-03-20,2
20230307,34035,Somerset County,NJ,100.00,0.00,0.00,0.00,0.00,0.00,2023-03-07,2023-03-13,2
20230228,34035,Somerset County,NJ,100.00,0.00,0.00,0.00,0.00,0.00,2023-02-28,2023-03-06,2
20230221,34035,Somerset County,NJ,100.00,0.00,0.00,0.00,0.00,0.00,2023-02-21,2023-02-27,2
20230214,34035,Somerset County,NJ,100.00,0.00,0.00,0.00,0.00,0.00,2023-02-14,2023-02-20,2
20230207,34035,Somerset County,NJ,100.00,0.00,0.00,0.00,0.00,0.00,2023-02-07,2023-02-13,2
20230131,34035,Somerset County,NJ,100.00,0.00,0.00,0.00,0.00,0.00,2023-01-31,2023-02-06,2
20230124,34035,Somerset County,NJ,100.00,0.00,0.00,0.00,0.00,0.00,2023-01-24,2023-01-30,2
20230117,34035,Somerset County,NJ,100.00,0.00,0.00,0.00,0.00,0.00,2023-01-17,2023-01-23,2
20230110,34035,Somerset County,NJ,100.00,0.00,0.00,0.00,0.00,0.00,2023-01-10,2023-01-16,2
20230103,34035,Somerset County,NJ,100.00,0.00,0.00,0.00,0.00,0.00,2023-01-03,2023-01-09,2
20221227,34035,Somerset County,NJ,100.00,0.00,0.00,0.00,0.00,0.00,2022-12-27,2023-01-02,2
20221220,34035,Somerset County,NJ,100.00,0.00,0.00,0.00,0.00,0.00,2022-12-20,2022-12-26,2
20221213,34035,Somerset County,NJ,97.98,2.02,0.00,0.00,0.00,0.00,2022-12-13,2022-12-19,2
20221206,34035,Somerset County,NJ,97.98,2.02,0.00,0.00,0.00,0.00,2022-12-06,2022-12-12,2
20221129,34035,Somerset County,NJ,97.98,2.02,0.00,0.00,0.00,0.00,2022-11-29,2022-12-05,2
20221122,34035,Somerset County,NJ,97.98,2.02,0.00,0.00,0.00,0.00,2022-11-22,2022-11-28,2
20221115,34035,Somerset County,NJ,97.71,2.29,0.00,0.00,0.00,0.00,2022-11-15,2022-11-21,2
20221108,34035,Somerset County,NJ,97.71,2.29,0.00,0.00,0.00,0.00,2022-11-08,2022-11-14,2
20221101,34035,Somerset County,NJ,100.00,0.00,0.00,0.00,0.00,0.00,2022-11-01,2022-11-07,2
20221025,34035,Somerset County,NJ,100.00,0.00,0.00,0.00,0.00,0.00,2022-10-25,2022-10-31,2
20221018,34035,Somerset County,NJ,81.64,18.36,0.00,0.00,0.00,0.00,2022-10-18,2022-10-24,2
20221011,34035,Somerset County,NJ,54.47,45.53,0.00,0.00,0.00,0.00,2022-10-11,2022-10-17,2
20221004,34035,Somerset County,NJ,5.65,79.53,11.18,3.64,0.00,0.00,2022-10-04,2022-10-10,2
20220927,34035,Somerset County,NJ,0.00,74.07,20.72,5.21,0.00,0.00,2022-09-27,2022-10-03,2
20220920,34035,Somerset County,NJ,0.00,1.73,93.06,5.21,0.00,0.00,2022-09-20,2022-09-26,2
20220913,34035,Somerset County,NJ,0.00,1.73,32.13,66.14,0.00,0.00,2022-09-13,2022-09-19,2
20220906,34035,Somerset County,NJ,0.00,1.73,5.49,92.78,0.00,0.00,2022-09-06,2022-09-12,2
20220830,34035,Somerset County,NJ,0.00,1.42,6.13,92.45,0.00,0.00,2022-08-30,2022-09-05,2
20220823,34035,Somerset County,NJ,0.00,0.00,14.16,85.84,0.00,0.00,2022-08-23,2022-08-29,2
20220816,34035,Somerset County,NJ,0.00,0.00,14.16,85.84,0.00,0.00,2022-08-16,2022-08-22,2
20220809,34035,Somerset County,NJ,0.00,0.00,100.00,0.00,0.00,0.00,2022-08-09,2022-08-15,2
20220802,34035,Somerset County,NJ,0.00,8.74,91.26,0.00,0.00,0.00,2022-08-02,2022-08-08,2
20220726,34035,Somerset County,NJ,0.00,8.75,91.25,0.00,0.00,0.00,2022-07-26,2022-08-01,2
20220719,34035,Somerset County,NJ,0.01,99.99,0.00,0.00,0.00,0.00,2022-07-19,2022-07-25,2
20220712,34035,Somerset County,NJ,14.89,85.11,0.00,0.00,0.00,0.00,2022-07-12,2022-07-18,2
20220705,34035,Somerset County,NJ,25.98,74.02,0.00,0.00,0.00,0.00,2022-07-05,2022-07-11,2
20220628,34035,Somerset County,NJ,100.00,0.00,0.00,0.00,0.00,0.00,2022-06-28,2022-07-04,2
20220621,34035,Somerset County,NJ,100.00,0.00,0.00,0.00,0.00,0.00,2022-06-21,2022-06-27,2
20220614,34035,Somerset County,NJ,100.00,0.00,0.00,0.00,0.00,0.00,2022-06-14,2022-06-20,2
20220607,34035,Somerset County,NJ,100.00,0.00,0.00,0.00,0.00,0.00,2022-06-07,2022-06-13,2
20220531,34035,Somerset County,NJ,100.00,0.00,0.00,0.00,0.00,0.00,2022-05-31,2022-06-06,2
20220524,34035,Somerset County,NJ,100.00,0.00,0.00,0.00,0.00,0.00,2022-05-24,2022-05-30,2
20220517,34035,Somerset County,NJ,100.00,0.00,0.00,0.00,0.00,0.00,2022-05-17,2022-05-23,2
20220510,34035,Somerset County,NJ,100.00,0.00,0.00,0.00,0.00,0.00,2022-05-10,2022-05-16,2
20220503,34035,Somerset County,NJ,100.00,0.00,0.00,0.00,0.00,0.00,2022-05-03,2022-05-09,2
20220426,34035,Somerset County,NJ,100.00,0.00,0.00,0.00,0.00,0.00,2022-04-26,2022-05-02,2
20220419,34035,Somerset County,NJ,100.00,0.00,0.00,0.00,0.00,0.00,2022-04-19,2022-04-25,2
20220412,34035,Somerset County,NJ,100.00,0.00,0.00,0.00,0.00,0.00,2022-04-12,2022-04-18,2
20220405,34035,Somerset County,NJ,0.00,100.00,0.00,0.00,0.00,0.00,2022-04-05,2022-04-11,2
20220329,34035,Somerset County,NJ,0.00,100.00,0.00,0.00,0.00,0.00,2022-03-29,2022-04-04,2
20220322,34035,Somerset County,NJ,0.00,100.00,0.00,0.00,0.00,0.00,2022-03-22,2022-03-28,2
20220315,34035,Somerset County,NJ,78.36,21.64,0.00,0.00,0.00,0.00,2022-03-15,2022-03-21,2
20220308,34035,Somerset County,NJ,78.36,21.64,0.00,0.00,0.00,0.00,2022-03-08,2022-03-14,2
20220301,34035,Somerset County,NJ,99.22,0.78,0.00,0.00,0.00,0.00,2022-03-01,2022-03-07,2
20220222,34035,Somerset County,NJ,99.22,0.78,0.00,0.00,0.00,0.00,2022-02-22,2022-02-28,2
20220215,34035,Somerset County,NJ,99.22,0.78,0.00,0.00,0.00,0.00,2022-02-15,2022-02-21,2
20220208,34035,Somerset County,NJ,99.22,0.78,0.00,0.00,0.00,0.00,2022-02-08,2022-02-14,2
20220201,34035,Somerset County,NJ,99.22,0.78,0.00,0.00,0.00,0.00,2022-02-01,2022-02-07,2
20220125,34035,Somerset County,NJ,100.00,0.00,0.00,0.00,0.00,0.00,2022-01-25,2022-01-31,2
20220118,34035,Somerset County,NJ,100.00,0.00,0.00,0.00,0.00,0.00,2022-01-18,2022-01-24,2
20220111,34035,Somerset County,NJ,100.00,0.00,0.00,0.00,0.00,0.00,2022-01-11,2022-01-17,2
20220104,34035,Somerset County,NJ,100.00,0.00,0.00,0.00,0.00,0.00,2022-01-04,2022-01-10,2
20211228,34035,Somerset County,NJ,100.00,0.00,0.00,0.00,0.00,0.00,2021-12-28,2022-01-03,2
20211221,34035,Somerset County,NJ,100.00,0.00,0.00,0.00,0.00,0.00,2021-12-21,2021-12-27,2
20211214,34035,Somerset County,NJ,100.00,0.00,0.00,0.00,0.00,0.00,2021-12-14,2021-12-20,2
20211207,34035,Somerset County,NJ,100.00,0.00,0.00,0.00,0.00,0.00,2021-12-07,2021-12-13,2
20211130,34035,Somerset County,NJ,100.00,0.00,0.00,0.00,0.00,0.00,2021-11-30,2021-12-06,2
20211123,34035,Somerset County,NJ,100.00,0.00,0.00,0.00,0.00,0.00,2021-11-23,2021-11-29,2
20211116,34035,Somerset County,NJ,100.00,0.00,0.00,0.00,0.00,0.00,2021-11-16,2021-11-22,2
20211109,34035,Somerset County,NJ,100.00,0.00,0.00,0.00,0.00,0.00,2021-11-09,2021-11-15,2
20211102,34035,Somerset County,NJ,100.00,0.00,0.00,0.00,0.00,0.00,2021-11-02,2021-11-08,2
20211026,34035,Somerset County,NJ,100.00,0.00,0.00,0.00,0.00,0.00,2021-10-26,2021-11-01,2
20211019,34035,Somerset County,NJ,100.00,0.00,0.00,0.00,0.00,0.00,2021-10-19,2021-10-25,2
20211012,34035,Somerset County,NJ,100.00,0.00,0.00,0.00,0.00,0.00,2021-10-12,2021-10-18,2
20211005,34035,Somerset County,NJ,100.00,0.00,0.00,0.00,0.00,0.00,2021-10-05,2021-10-11,2
20210928,34035,Somerset County,NJ,100.00,0.00,0.00,0.00,0.00,0.00,2021-09-28,2021-10-04,2
20210921,34035,Somerset County,NJ,100.00,0.00,0.00,0.00,0.00,0.00,2021-09-21,2021-09-27,2
20210914,34035,Somerset County,NJ,100.00,0.00,0.00,0.00,0.00,0.00,2021-09-14,2021-09-20,2
20210907,34035,Somerset County,NJ,100.00,0.00,0.00,0.00,0.00,0.00,2021-09-07,2021-09-13,2
20210831,34035,Somerset County,NJ,100.00,0.00,0.00,0.00,0.00,0.00,2021-08-31,2021-09-06,2
20210824,34035,Somerset County,NJ,100.00,0.00,0.00,0.00,0.00,0.00,2021-08-24,2021-08-30,2
20210817,34035,Somerset County,NJ,100.00,0.00,0.00,0.00,0.00,0.00,2021-08-17,2021-08-23,2
20210810,34035,Somerset County,NJ,100.00,0.00,0.00,0.00,0.00,0.00,2021-08-10,2021-08-16,2
20210803,34035,Somerset County,NJ,100.00,0.00,0.00,0.00,0.00,0.00,2021-08-03,2021-08-09,2
20210727,34035,Somerset County,NJ,100.00,0.00,0.00,0.00,0.00,0.00,2021-07-27,2021-08-02,2
20210720,34035,Somerset County,NJ,100.00,0.00,0.00,0.00,0.00,0.00,2021-07-20,2021-07-26,2
20210713,34035,Somerset County,NJ,100.00,0.00,0.00,0.00,0.00,0.00,2021-07-13,2021-07-19,2
20210706,34035,Somerset County,NJ,100.00,0.00,0.00,0.00,0.00,0.00,2021-07-06,2021-07-12,2
20210629,34035,Somerset County,NJ,100.00,0.00,0.00,0.00,0.00,0.00,2021-06-29,2021-07-05,2
20210622,34035,Somerset County,NJ,100.00,0.00,0.00,0.00,0.00,0.00,2021-06-22,2021-06-28,2
20210615,34035,Somerset County,NJ,100.00,0.00,0.00,0.00,0.00,0.00,2021-06-15,2021-06-21,2
20210608,34035,Somerset County,NJ,96.49,3.51,0.00,0.00,0.00,0.00,2021-06-08,2021-06-14,2
20210601,34035,Somerset County,NJ,100.00,0.00,0.00,0.00,0.00,0.00,2021-06-01,2021-06-07,2
20210525,34035,Somerset County,NJ,0.00,100.00,0.00,0.00,0.00,0.00,2021-05-25,2021-05-31,2
20210518,34035,Somerset County,NJ,100.00,0.00,0.00,0.00,0.00,0.00,2021-05-18,2021-05-24,2
20210511,34035,Somerset County,NJ,100.00,0.00,0.00,0.00,0.00,0.00,2021-05-11,2021-05-17,2
20210504,34035,Somerset County,NJ,100.00,0.00,0.00,0.00,0.00,0.00,2021-05-04,2021-05-10,2
20210427,34035,Somerset County,NJ,100.00,0.00,0.00,0.00,0.00,0.00,2021-04-27,2021-05-03,2
20210420,34035,Somerset County,NJ,100.00,0.00,0.00,0.00,0.00,0.00,2021-04-20,2021-04-26,2
20210413,34035,Somerset County,NJ,100.00,0.00,0.00,0.00,0.00,0.00,2021-04-13,2021-04-19,2
20210406,34035,Somerset County,NJ,100.00,0.00,0.00,0.00,0.00,0.00,2021-04-06,2021-04-12,2
20210330,34035,Somerset County,NJ,100.00,0.00,0.00,0.00,0.00,0.00,2021-03-30,2021-04-05,2
20210323,34035,Somerset County,NJ,100.00,0.00,0.00,0.00,0.00,0.00,2021-03-23,2021-03-29,2
20210316,34035,Somerset County,NJ,100.00,0.00,0.00,0.00,0.00,0.00,2021-03-16,2021-03-22,2
20210309,34035,Somerset County,NJ,100.00,0.00,0.00,0.00,0.00,0.00,2021-03-09,2021-03-15,2
20210302,34035,Somerset County,NJ,100.00,0.00,0.00,0.00,0.00,0.00,2021-03-02,2021-03-08,2
20210223,34035,Somerset County,NJ,100.00,0.00,0.00,0.00,0.00,0.00,2021-02-23,2021-03-01,2
20210216,34035,Somerset County,NJ,100.00,0.00,0.00,0.00,0.00,0.00,2021-02-16,2021-02-22,2
20210209,34035,Somerset County,NJ,100.00,0.00,0.00,0.00,0.00,0.00,2021-02-09,2021-02-15,2
20210202,34035,Somerset County,NJ,100.00,0.00,0.00,0.00,0.00,0.00,2021-02-02,2021-02-08,2
20210126,34035,Somerset County,NJ,100.00,0.00,0.00,0.00,0.00,0.00,2021-01-26,2021-02-01,2
20210119,34035,Somerset County,NJ,100.00,0.00,0.00,0.00,0.00,0.00,2021-01-19,2021-01-25,2
20210112,34035,Somerset County,NJ,100.00,0.00,0.00,0.00,0.00,0.00,2021-01-12,2021-01-18,2
20210105,34035,Somerset County,NJ,100.00,0.00,0.00,0.00,0.00,0.00,2021-01-05,2021-01-11,2
20201229,34035,Somerset County,NJ,100.00,0.00,0.00,0.00,0.00,0.00,2020-12-29,2021-01-04,2
20201222,34035,Somerset County,NJ,100.00,0.00,0.00,0.00,0.00,0.00,2020-12-22,2020-12-28,2
20201215,34035,Somerset County,NJ,100.00,0.00,0.00,0.00,0.00,0.00,2020-12-15,2020-12-21,2
20201208,34035,Somerset County,NJ,100.00,0.00,0.00,0.00,0.00,0.00,2020-12-08,2020-12-14,2
20201201,34035,Somerset County,NJ,100.00,0.00,0.00,0.00,0.00,0.00,2020-12-01,2020-12-07,2
20201124,34035,Somerset County,NJ,100.00,0.00,0.00,0.00,0.00,0.00,2020-11-24,2020-11-30,2
20251118,34037,Sussex County,NJ,0.00,0.00,35.97,64.03,0.00,0.00,2025-11-18,2025-11-24,2
20251111,34037,Sussex County,NJ,0.00,0.00,35.97,64.03,0.00,0.00,2025-11-11,2025-11-17,2
20251104,34037,Sussex County,NJ,0.00,0.00,35.97,64.03,0.00,0.00,2025-11-04,2025-11-10,2
20251028,34037,Sussex County,NJ,0.00,0.00,17.64,82.36,0.00,0.00,2025-10-28,2025-11-03,2
20251021,34037,Sussex County,NJ,0.00,0.00,17.64,82.36,0.00,0.00,2025-10-21,2025-10-27,2
20251014,34037,Sussex County,NJ,0.00,0.00,17.64,82.36,0.00,0.00,2025-10-14,2025-10-20,2
20251007,34037,Sussex County,NJ,0.00,0.00,47.40,52.60,0.00,0.00,2025-10-07,2025-10-13,2
20250930,34037,Sussex County,NJ,0.00,47.35,52.65,0.00,0.00,0.00,2025-09-30,2025-10-06,2
20250923,34037,Sussex County,NJ,0.00,47.35,52.65,0.00,0.00,0.00,2025-09-23,2025-09-29,2
20250916,34037,Sussex County,NJ,1.50,63.65,34.85,0.00,0.00,0.00,2025-09-16,2025-09-22,2
20250909,34037,Sussex County,NJ,0.67,64.48,34.85,0.00,0.00,0.00,2025-09-09,2025-09-15,2
20250902,34037,Sussex County,NJ,0.00,39.49,60.51,0.00,0.00,0.00,2025-09-02,2025-09-08,2
20250826,34037,Sussex County,NJ,34.09,32.34,33.58,0.00,0.00,0.00,2025-08-26,2025-09-01,2
20250819,34037,Sussex County,NJ,34.09,44.49,21.43,0.00,0.00,0.00,2025-08-19,2025-08-25,2
20250812,34037,Sussex County,NJ,34.09,65.91,0.00,0.00,0.00,0.00,2025-08-12,2025-08-18,2
20250805,34037,Sussex County,NJ,100.00,0.00,0.00,0.00,0.00,0.00,2025-08-05,2025-08-11,2
20250729,34037,Sussex County,NJ,100.00,0.00,0.00,0.00,0.00,0.00,2025-07-29,2025-08-04,2
20250722,34037,Sussex County,NJ,100.00,0.00,0.00,0.00,0.00,0.00,2025-07-22,2025-07-28,2
20250715,34037,Sussex County,NJ,100.00,0.00,0.00,0.00,0.00,0.00,2025-07-15,2025-07-21,2
20250708,34037,Sussex County,NJ,100.00,0.00,0.00,0.00,0.00,0.00,2025-07-08,2025-07-14,2
20250701,34037,Sussex County,NJ,100.00,0.00,0.00,0.00,0.00,0.00,2025-07-01,2025-07-07,2
20250624,34037,Sussex County,NJ,100.00,0.00,0.00,0.00,0.00,0.00,2025-06-24,2025-06-30,2
20250617,34037,Sussex County,NJ,100.00,0.00,0.00,0.00,0.00,0.00,2025-06-17,2025-06-23,2
20250610,34037,Sussex County,NJ,100.00,0.00,0.00,0.00,0.00,0.00,2025-06-10,2025-06-16,2
20250603,34037,Sussex County,NJ,100.00,0.00,0.00,0.00,0.00,0.00,2025-06-03,2025-06-09,2
20250527,34037,Sussex County,NJ,74.86,25.14,0.00,0.00,0.00,0.00,2025-05-27,2025-06-02,2
20250520,34037,Sussex County,NJ,36.90,63.10,0.00,0.00,0.00,0.00,2025-05-20,2025-05-26,2
20250513,34037,Sussex County,NJ,0.00,51.61,48.39,0.00,0.00,0.00,2025-05-13,2025-05-19,2
20250506,34037,Sussex County,NJ,0.00,30.73,26.68,42.59,0.00,0.00,2025-05-06,2025-05-12,2
20250429,34037,Sussex County,NJ,0.00,0.01,47.42,52.57,0.00,0.00,2025-04-29,2025-05-05,2
20250422,34037,Sussex County,NJ,0.00,0.01,62.44,37.55,0.00,0.00,2025-04-22,2025-04-28,2
20250415,34037,Sussex County,NJ,0.00,0.01,62.44,37.55,0.00,0.00,2025-04-15,2025-04-21,2
20250408,34037,Sussex County,NJ,0.00,0.01,57.75,42.25,0.00,0.00,2025-04-08,2025-04-14,2
20250401,34037,Sussex County,NJ,0.00,0.00,57.75,42.25,0.00,0.00,2025-04-01,2025-04-07,2
20250325,34037,Sussex County,NJ,0.00,0.00,57.75,42.25,0.00,0.00,2025-03-25,2025-03-31,2
20250318,34037,Sussex County,NJ,0.00,0.00,57.75,42.25,0.00,0.00,2025-03-18,2025-03-24,2
20250311,34037,Sussex County,NJ,0.00,0.00,100.00,0.00,0.00,0.00,2025-03-11,2025-03-17,2
20250304,34037,Sussex County,NJ,0.00,0.00,63.99,36.01,0.00,0.00,2025-03-04,2025-03-10,2
20250225,34037,Sussex County,NJ,0.00,0.00,63.99,36.01,0.00,0.00,2025-02-25,2025-03-03,2
20250218,34037,Sussex County,NJ,0.00,0.00,92.46,7.54,0.00,0.00,2025-02-18,2025-02-24,2
20250211,34037,Sussex County,NJ,0.00,0.00,92.46,7.54,0.00,0.00,2025-02-11,2025-02-17,2
20250204,34037,Sussex County,NJ,0.00,0.00,92.46,7.54,0.00,0.00,2025-02-04,2025-02-10,2
20250128,34037,Sussex County,NJ,0.00,0.00,100.00,0.00,0.00,0.00,2025-01-28,2025-02-03,2
20250121,34037,Sussex County,NJ,0.00,0.00,100.00,0.00,0.00,0.00,2025-01-21,2025-01-27,2
20250114,34037,Sussex County,NJ,0.00,0.00,100.00,0.00,0.00,0.00,2025-01-14,2025-01-20,2
20250107,34037,Sussex County,NJ,0.00,0.00,100.00,0.00,0.00,0.00,2025-01-07,2025-01-13,2
20241231,34037,Sussex County,NJ,0.00,0.00,100.00,0.00,0.00,0.00,2024-12-31,2025-01-06,2
20241224,34037,Sussex County,NJ,0.00,0.00,100.00,0.00,0.00,0.00,2024-12-24,2024-12-30,2
20241217,34037,Sussex County,NJ,0.00,0.00,100.00,0.00,0.00,0.00,2024-12-17,2024-12-23,2
20241210,34037,Sussex County,NJ,0.00,0.00,0.00,100.00,0.00,0.00,2024-12-10,2024-12-16,2
20241203,34037,Sussex County,NJ,0.00,0.00,0.00,100.00,0.00,0.00,2024-12-03,2024-12-09,2
20241126,34037,Sussex County,NJ,0.00,0.00,0.00,100.00,0.00,0.00,2024-11-26,2024-12-02,2
20241119,34037,Sussex County,NJ,0.00,0.00,0.00,100.00,0.00,0.00,2024-11-19,2024-11-25,2
20241112,34037,Sussex County,NJ,0.00,0.00,0.00,100.00,0.00,0.00,2024-11-12,2024-11-18,2
20241105,34037,Sussex County,NJ,0.00,0.00,56.19,43.81,0.00,0.00,2024-11-05,2024-11-11,2
20241029,34037,Sussex County,NJ,0.00,0.00,100.00,0.00,0.00,0.00,2024-10-29,2024-11-04,2
20241022,34037,Sussex County,NJ,0.00,76.91,23.09,0.00,0.00,0.00,2024-10-22,2024-10-28,2
20241015,34037,Sussex County,NJ,0.00,100.00,0.00,0.00,0.00,0.00,2024-10-15,2024-10-21,2
20241008,34037,Sussex County,NJ,23.96,76.04,0.00,0.00,0.00,0.00,2024-10-08,2024-10-14,2
20241001,34037,Sussex County,NJ,86.08,13.92,0.00,0.00,0.00,0.00,2024-10-01,2024-10-07,2
20240924,34037,Sussex County,NJ,97.80,2.20,0.00,0.00,0.00,0.00,2024-09-24,2024-09-30,2
20240917,34037,Sussex County,NJ,100.00,0.00,0.00,0.00,0.00,0.00,2024-09-17,2024-09-23,2
20240910,34037,Sussex County,NJ,100.00,0.00,0.00,0.00,0.00,0.00,2024-09-10,2024-09-16,2
20240903,34037,Sussex County,NJ,100.00,0.00,0.00,0.00,0.00,0.00,2024-09-03,2024-09-09,2
20240827,34037,Sussex County,NJ,100.00,0.00,0.00,0.00,0.00,0.00,2024-08-27,2024-09-02,2
20240820,34037,Sussex County,NJ,100.00,0.00,0.00,0.00,0.00,0.00,2024-08-20,2024-08-26,2
20240813,34037,Sussex County,NJ,100.00,0.00,0.00,0.00,0.00,0.00,2024-08-13,2024-08-19,2
20240806,34037,Sussex County,NJ,0.00,100.00,0.00,0.00,0.00,0.00,2024-08-06,2024-08-12,2
20240730,34037,Sussex County,NJ,0.00,89.26,10.74,0.00,0.00,0.00,2024-07-30,2024-08-05,2
20240723,34037,Sussex County,NJ,0.00,89.26,10.74,0.00,0.00,0.00,2024-07-23,2024-07-29,2
20240716,34037,Sussex County,NJ,0.00,78.81,21.19,0.00,0.00,0.00,2024-07-16,2024-07-22,2
20240709,34037,Sussex County,NJ,0.00,100.00,0.00,0.00,0.00,0.00,2024-07-09,2024-07-15,2
20240702,34037,Sussex County,NJ,13.46,86.54,0.00,0.00,0.00,0.00,2024-07-02,2024-07-08,2
20240625,34037,Sussex County,NJ,0.00,100.00,0.00,0.00,0.00,0.00,2024-06-25,2024-07-01,2
20240618,34037,Sussex County,NJ,7.36,92.64,0.00,0.00,0.00,0.00,2024-06-18,2024-06-24,2
20240611,34037,Sussex County,NJ,100.00,0.00,0.00,0.00,0.00,0.00,2024-06-11,2024-06-17,2
20240604,34037,Sussex County,NJ,100.00,0.00,0.00,0.00,0.00,0.00,2024-06-04,2024-06-10,2
20240528,34037,Sussex County,NJ,100.00,0.00,0.00,0.00,0.00,0.00,2024-05-28,2024-06-03,2
20240521,34037,Sussex County,NJ,100.00,0.00,0.00,0.00,0.00,0.00,2024-05-21,2024-05-27,2
20240514,34037,Sussex County,NJ,100.00,0.00,0.00,0.00,0.00,0.00,2024-05-14,2024-05-20,2
20240507,34037,Sussex County,NJ,100.00,0.00,0.00,0.00,0.00,0.00,2024-05-07,2024-05-13,2
20240430,34037,Sussex County,NJ,100.00,0.00,0.00,0.00,0.00,0.00,2024-04-30,2024-05-06,2
20240423,34037,Sussex County,NJ,100.00,0.00,0.00,0.00,0.00,0.00,2024-04-23,2024-04-29,2
20240416,34037,Sussex County,NJ,100.00,0.00,0.00,0.00,0.00,0.00,2024-04-16,2024-04-22,2
20240409,34037,Sussex County,NJ,100.00,0.00,0.00,0.00,0.00,0.00,2024-04-09,2024-04-15,2
20240402,34037,Sussex County,NJ,100.00,0.00,0.00,0.00,0.00,0.00,2024-04-02,2024-04-08,2
20240326,34037,Sussex County,NJ,100.00,0.00,0.00,0.00,0.00,0.00,2024-03-26,2024-04-01,2
20240319,34037,Sussex County,NJ,100.00,0.00,0.00,0.00,0.00,0.00,2024-03-19,2024-03-25,2
20240312,34037,Sussex County,NJ,100.00,0.00,0.00,0.00,0.00,0.00,2024-03-12,2024-03-18,2
20240305,34037,Sussex County,NJ,100.00,0.00,0.00,0.00,0.00,0.00,2024-03-05,2024-03-11,2
20240227,34037,Sussex County,NJ,100.00,0.00,0.00,0.00,0.00,0.00,2024-02-27,2024-03-04,2
20240220,34037,Sussex County,NJ,100.00,0.00,0.00,0.00,0.00,0.00,2024-02-20,2024-02-26,2
20240213,34037,Sussex County,NJ,100.00,0.00,0.00,0.00,0.00,0.00,2024-02-13,2024-02-19,2
20240206,34037,Sussex County,NJ,100.00,0.00,0.00,0.00,0.00,0.00,2024-02-06,2024-02-12,2
20240130,34037,Sussex County,NJ,100.00,0.00,0.00,0.00,0.00,0.00,2024-01-30,2024-02-05,2
20240123,34037,Sussex County,NJ,100.00,0.00,0.00,0.00,0.00,0.00,2024-01-23,2024-01-29,2
20240116,34037,Sussex County,NJ,100.00,0.00,0.00,0.00,0.00,0.00,2024-01-16,2024-01-22,2
20240109,34037,Sussex County,NJ,100.00,0.00,0.00,0.00,0.00,0.00,2024-01-09,2024-01-15,2
20240102,34037,Sussex County,NJ,100.00,0.00,0.00,0.00,0.00,0.00,2024-01-02,2024-01-08,2
20231226,34037,Sussex County,NJ,100.00,0.00,0.00,0.00,0.00,0.00,2023-12-26,2024-01-01,2
20231219,34037,Sussex County,NJ,100.00,0.00,0.00,0.00,0.00,0.00,2023-12-19,2023-12-25,2
20231212,34037,Sussex County,NJ,100.00,0.00,0.00,0.00,0.00,0.00,2023-12-12,2023-12-18,2
20231205,34037,Sussex County,NJ,92.50,7.50,0.00,0.00,0.00,0.00,2023-12-05,2023-12-11,2
20231128,34037,Sussex County,NJ,92.50,7.50,0.00,0.00,0.00,0.00,2023-11-28,2023-12-04,2
20231121,34037,Sussex County,NJ,88.75,11.25,0.00,0.00,0.00,0.00,2023-11-21,2023-11-27,2
20231114,34037,Sussex County,NJ,99.37,0.63,0.00,0.00,0.00,0.00,2023-11-14,2023-11-20,2
20231107,34037,Sussex County,NJ,100.00,0.00,0.00,0.00,0.00,0.00,2023-11-07,2023-11-13,2
20231031,34037,Sussex County,NJ,100.00,0.00,0.00,0.00,0.00,0.00,2023-10-31,2023-11-06,2
20231024,34037,Sussex County,NJ,100.00,0.00,0.00,0.00,0.00,0.00,2023-10-24,2023-10-30,2
20231017,34037,Sussex County,NJ,100.00,0.00,0.00,0.00,0.00,0.00,2023-10-17,2023-10-23,2
20231010,34037,Sussex County,NJ,100.00,0.00,0.00,0.00,0.00,0.00,2023-10-10,2023-10-16,2
20231003,34037,Sussex County,NJ,100.00,0.00,0.00,0.00,0.00,0.00,2023-10-03,2023-10-09,2
20230926,34037,Sussex County,NJ,100.00,0.00,0.00,0.00,0.00,0.00,2023-09-26,2023-10-02,2
20230919,34037,Sussex County,NJ,100.00,0.00,0.00,0.00,0.00,0.00,2023-09-19,2023-09-25,2
20230912,34037,Sussex County,NJ,100.00,0.00,0.00,0.00,0.00,0.00,2023-09-12,2023-09-18,2
20230905,34037,Sussex County,NJ,100.00,0.00,0.00,0.00,0.00,0.00,2023-09-05,2023-09-11,2
20230829,34037,Sussex County,NJ,100.00,0.00,0.00,0.00,0.00,0.00,2023-08-29,2023-09-04,2
20230822,34037,Sussex County,NJ,100.00,0.00,0.00,0.00,0.00,0.00,2023-08-22,2023-08-28,2
20230815,34037,Sussex County,NJ,100.00,0.00,0.00,0.00,0.00,0.00,2023-08-15,2023-08-21,2
20230808,34037,Sussex County,NJ,100.00,0.00,0.00,0.00,0.00,0.00,2023-08-08,2023-08-14,2
20230801,34037,Sussex County,NJ,100.00,0.00,0.00,0.00,0.00,0.00,2023-08-01,2023-08-07,2
20230725,34037,Sussex County,NJ,100.00,0.00,0.00,0.00,0.00,0.00,2023-07-25,2023-07-31,2
20230718,34037,Sussex County,NJ,100.00,0.00,0.00,0.00,0.00,0.00,2023-07-18,2023-07-24,2
20230711,34037,Sussex County,NJ,100.00,0.00,0.00,0.00,0.00,0.00,2023-07-11,2023-07-17,2
20230704,34037,Sussex County,NJ,0.00,100.00,0.00,0.00,0.00,0.00,2023-07-04,2023-07-10,2
20230627,34037,Sussex County,NJ,0.00,76.04,23.96,0.00,0.00,0.00,2023-06-27,2023-07-03,2
20230620,34037,Sussex County,NJ,0.00,0.00,100.00,0.00,0.00,0.00,2023-06-20,2023-06-26,2
20230613,34037,Sussex County,NJ,0.00,100.00,0.00,0.00,0.00,0.00,2023-06-13,2023-06-19,2
20230606,34037,Sussex County,NJ,0.00,100.00,0.00,0.00,0.00,0.00,2023-06-06,2023-06-12,2
20230530,34037,Sussex County,NJ,76.95,23.05,0.00,0.00,0.00,0.00,2023-05-30,2023-06-05,2
20230523,34037,Sussex County,NJ,100.00,0.00,0.00,0.00,0.00,0.00,2023-05-23,2023-05-29,2
20230516,34037,Sussex County,NJ,100.00,0.00,0.00,0.00,0.00,0.00,2023-05-16,2023-05-22,2
20230509,34037,Sussex County,NJ,100.00,0.00,0.00,0.00,0.00,0.00,2023-05-09,2023-05-15,2
20230502,34037,Sussex County,NJ,100.00,0.00,0.00,0.00,0.00,0.00,2023-05-02,2023-05-08,2
20230425,34037,Sussex County,NJ,0.00,99.96,0.04,0.00,0.00,0.00,2023-04-25,2023-05-01,2
20230418,34037,Sussex County,NJ,0.00,99.96,0.04,0.00,0.00,0.00,2023-04-18,2023-04-24,2
20230411,34037,Sussex County,NJ,0.00,100.00,0.00,0.00,0.00,0.00,2023-04-11,2023-04-17,2
20230404,34037,Sussex County,NJ,54.03,45.97,0.00,0.00,0.00,0.00,2023-04-04,2023-04-10,2
20230328,34037,Sussex County,NJ,100.00,0.00,0.00,0.00,0.00,0.00,2023-03-28,2023-04-03,2
20230321,34037,Sussex County,NJ,100.00,0.00,0.00,0.00,0.00,0.00,2023-03-21,2023-03-27,2
20230314,34037,Sussex County,NJ,100.00,0.00,0.00,0.00,0.00,0.00,2023-03-14,2023-03-20,2
20230307,34037,Sussex County,NJ,100.00,0.00,0.00,0.00,0.00,0.00,2023-03-07,2023-03-13,2
20230228,34037,Sussex County,NJ,100.00,0.00,0.00,0.00,0.00,0.00,2023-02-28,2023-03-06,2
20230221,34037,Sussex County,NJ,100.00,0.00,0.00,0.00,0.00,0.00,2023-02-21,2023-02-27,2
20230214,34037,Sussex County,NJ,100.00,0.00,0.00,0.00,0.00,0.00,2023-02-14,2023-02-20,2
20230207,34037,Sussex County,NJ,100.00,0.00,0.00,0.00,0.00,0.00,2023-02-07,2023-02-13,2
20230131,34037,Sussex County,NJ,100.00,0.00,0.00,0.00,0.00,0.00,2023-01-31,2023-02-06,2
20230124,34037,Sussex County,NJ,53.05,46.95,0.00,0.00,0.00,0.00,2023-01-24,2023-01-30,2
20230117,34037,Sussex County,NJ,53.05,46.95,0.00,0.00,0.00,0.00,2023-01-17,2023-01-23,2
20230110,34037,Sussex County,NJ,52.83,47.17,0.00,0.00,0.00,0.00,2023-01-10,2023-01-16,2
20230103,34037,Sussex County,NJ,52.83,47.17,0.00,0.00,0.00,0.00,2023-01-03,2023-01-09,2
20221227,34037,Sussex County,NJ,52.83,47.17,0.00,0.00,0.00,0.00,2022-12-27,2023-01-02,2
20221220,34037,Sussex County,NJ,52.83,41.13,6.04,0.00,0.00,0.00,2022-12-20,2022-12-26,2
20221213,34037,Sussex County,NJ,41.56,26.57,31.87,0.00,0.00,0.00,2022-12-13,2022-12-19,2
20221206,34037,Sussex County,NJ,41.56,26.57,31.87,0.00,0.00,0.00,2022-12-06,2022-12-12,2
20221129,34037,Sussex County,NJ,41.56,26.57,31.87,0.00,0.00,0.00,2022-11-29,2022-12-05,2
20221122,34037,Sussex County,NJ,41.56,26.57,31.87,0.00,0.00,0.00,2022-11-22,2022-11-28,2
20221115,34037,Sussex County,NJ,41.46,26.67,31.87,0.00,0.00,0.00,2022-11-15,2022-11-21,2
20221108,34037,Sussex County,NJ,41.46,26.67,31.87,0.00,0.00,0.00,2022-11-08,2022-11-14,2
20221101,34037,Sussex County,NJ,49.37,18.77,31.87,0.00,0.00,0.00,2022-11-01,2022-11-07,2
20221025,34037,Sussex County,NJ,49.37,18.77,31.87,0.00,0.00,0.00,2022-10-25,2022-10-31,2
20221018,34037,Sussex County,NJ,35.90,28.55,35.54,0.00,0.00,0.00,2022-10-18,2022-10-24,2
20221011,34037,Sussex County,NJ,1.41,34.33,64.26,0.00,0.00,0.00,2022-10-11,2022-10-17,2
20221004,34037,Sussex County,NJ,0.00,1.45,98.55,0.00,0.00,0.00,2022-10-04,2022-10-10,2
20220927,34037,Sussex County,NJ,0.00,1.45,98.55,0.00,0.00,0.00,2022-09-27,2022-10-03,2
20220920,34037,Sussex County,NJ,0.00,1.45,98.55,0.00,0.00,0.00,2022-09-20,2022-09-26,2
20220913,34037,Sussex County,NJ,0.00,1.45,98.55,0.00,0.00,0.00,2022-09-13,2022-09-19,2
20220906,34037,Sussex County,NJ,0.00,1.45,93.25,5.30,0.00,0.00,2022-09-06,2022-09-12,2
20220830,34037,Sussex County,NJ,0.00,0.97,93.82,5.21,0.00,0.00,2022-08-30,2022-09-05,2
20220823,34037,Sussex County,NJ,0.00,78.83,21.17,0.00,0.00,0.00,2022-08-23,2022-08-29,2
20220816,34037,Sussex County,NJ,43.99,56.01,0.00,0.00,0.00,0.00,2022-08-16,2022-08-22,2
20220809,34037,Sussex County,NJ,81.63,18.37,0.00,0.00,0.00,0.00,2022-08-09,2022-08-15,2
20220802,34037,Sussex County,NJ,81.63,18.37,0.00,0.00,0.00,0.00,2022-08-02,2022-08-08,2
20220726,34037,Sussex County,NJ,81.63,18.37,0.00,0.00,0.00,0.00,2022-07-26,2022-08-01,2
20220719,34037,Sussex County,NJ,90.86,9.14,0.00,0.00,0.00,0.00,2022-07-19,2022-07-25,2
20220712,34037,Sussex County,NJ,65.02,34.98,0.00,0.00,0.00,0.00,2022-07-12,2022-07-18,2
20220705,34037,Sussex County,NJ,98.54,1.46,0.00,0.00,0.00,0.00,2022-07-05,2022-07-11,2
20220628,34037,Sussex County,NJ,100.00,0.00,0.00,0.00,0.00,0.00,2022-06-28,2022-07-04,2
20220621,34037,Sussex County,NJ,100.00,0.00,0.00,0.00,0.00,0.00,2022-06-21,2022-06-27,2
20220614,34037,Sussex County,NJ,100.00,0.00,0.00,0.00,0.00,0.00,2022-06-14,2022-06-20,2
20220607,34037,Sussex County,NJ,100.00,0.00,0.00,0.00,0.00,0.00,2022-06-07,2022-06-13,2
20220531,34037,Sussex County,NJ,100.00,0.00,0.00,0.00,0.00,0.00,2022-05-31,2022-06-06,2
20220524,34037,Sussex County,NJ,100.00,0.00,0.00,0.00,0.00,0.00,2022-05-24,2022-05-30,2
20220517,34037,Sussex County,NJ,100.00,0.00,0.00,0.00,0.00,0.00,2022-05-17,2022-05-23,2
20220510,34037,Sussex County,NJ,100.00,0.00,0.00,0.00,0.00,0.00,2022-05-10,2022-05-16,2
20220503,34037,Sussex County,NJ,100.00,0.00,0.00,0.00,0.00,0.00,2022-05-03,2022-05-09,2
20220426,34037,Sussex County,NJ,100.00,0.00,0.00,0.00,0.00,0.00,2022-04-26,2022-05-02,2
20220419,34037,Sussex County,NJ,100.00,0.00,0.00,0.00,0.00,0.00,2022-04-19,2022-04-25,2
20220412,34037,Sussex County,NJ,100.00,0.00,0.00,0.00,0.00,0.00,2022-04-12,2022-04-18,2
20220405,34037,Sussex County,NJ,0.00,100.00,0.00,0.00,0.00,0.00,2022-04-05,2022-04-11,2
20220329,34037,Sussex County,NJ,0.00,100.00,0.00,0.00,0.00,0.00,2022-03-29,2022-04-04,2
20220322,34037,Sussex County,NJ,0.00,100.00,0.00,0.00,0.00,0.00,2022-03-22,2022-03-28,2
20220315,34037,Sussex County,NJ,0.00,100.00,0.00,0.00,0.00,0.00,2022-03-15,2022-03-21,2
20220308,34037,Sussex County,NJ,0.00,100.00,0.00,0.00,0.00,0.00,2022-03-08,2022-03-14,2
20220301,34037,Sussex County,NJ,0.00,100.00,0.00,0.00,0.00,0.00,2022-03-01,2022-03-07,2
20220222,34037,Sussex County,NJ,0.00,100.00,0.00,0.00,0.00,0.00,2022-02-22,2022-02-28,2
20220215,34037,Sussex County,NJ,0.00,100.00,0.00,0.00,0.00,0.00,2022-02-15,2022-02-21,2
20220208,34037,Sussex County,NJ,0.00,100.00,0.00,0.00,0.00,0.00,2022-02-08,2022-02-14,2
20220201,34037,Sussex County,NJ,0.00,100.00,0.00,0.00,0.00,0.00,2022-02-01,2022-02-07,2
20220125,34037,Sussex County,NJ,100.00,0.00,0.00,0.00,0.00,0.00,2022-01-25,2022-01-31,2
20220118,34037,Sussex County,NJ,100.00,0.00,0.00,0.00,0.00,0.00,2022-01-18,2022-01-24,2
20220111,34037,Sussex County,NJ,100.00,0.00,0.00,0.00,0.00,0.00,2022-01-11,2022-01-17,2
20220104,34037,Sussex County,NJ,100.00,0.00,0.00,0.00,0.00,0.00,2022-01-04,2022-01-10,2
20211228,34037,Sussex County,NJ,100.00,0.00,0.00,0.00,0.00,0.00,2021-12-28,2022-01-03,2
20211221,34037,Sussex County,NJ,100.00,0.00,0.00,0.00,0.00,0.00,2021-12-21,2021-12-27,2
20211214,34037,Sussex County,NJ,100.00,0.00,0.00,0.00,0.00,0.00,2021-12-14,2021-12-20,2
20211207,34037,Sussex County,NJ,100.00,0.00,0.00,0.00,0.00,0.00,2021-12-07,2021-12-13,2
20211130,34037,Sussex County,NJ,100.00,0.00,0.00,0.00,0.00,0.00,2021-11-30,2021-12-06,2
20211123,34037,Sussex County,NJ,100.00,0.00,0.00,0.00,0.00,0.00,2021-11-23,2021-11-29,2
20211116,34037,Sussex County,NJ,100.00,0.00,0.00,0.00,0.00,0.00,2021-11-16,2021-11-22,2
20211109,34037,Sussex County,NJ,100.00,0.00,0.00,0.00,0.00,0.00,2021-11-09,2021-11-15,2
20211102,34037,Sussex County,NJ,100.00,0.00,0.00,0.00,0.00,0.00,2021-11-02,2021-11-08,2
20211026,34037,Sussex County,NJ,100.00,0.00,0.00,0.00,0.00,0.00,2021-10-26,2021-11-01,2
20211019,34037,Sussex County,NJ,100.00,0.00,0.00,0.00,0.00,0.00,2021-10-19,2021-10-25,2
20211012,34037,Sussex County,NJ,100.00,0.00,0.00,0.00,0.00,0.00,2021-10-12,2021-10-18,2
20211005,34037,Sussex County,NJ,100.00,0.00,0.00,0.00,0.00,0.00,2021-10-05,2021-10-11,2
20210928,34037,Sussex County,NJ,100.00,0.00,0.00,0.00,0.00,0.00,2021-09-28,2021-10-04,2
20210921,34037,Sussex County,NJ,100.00,0.00,0.00,0.00,0.00,0.00,2021-09-21,2021-09-27,2
20210914,34037,Sussex County,NJ,100.00,0.00,0.00,0.00,0.00,0.00,2021-09-14,2021-09-20,2
20210907,34037,Sussex County,NJ,100.00,0.00,0.00,0.00,0.00,0.00,2021-09-07,2021-09-13,2
20210831,34037,Sussex County,NJ,100.00,0.00,0.00,0.00,0.00,0.00,2021-08-31,2021-09-06,2
20210824,34037,Sussex County,NJ,100.00,0.00,0.00,0.00,0.00,0.00,2021-08-24,2021-08-30,2
20210817,34037,Sussex County,NJ,100.00,0.00,0.00,0.00,0.00,0.00,2021-08-17,2021-08-23,2
20210810,34037,Sussex County,NJ,100.00,0.00,0.00,0.00,0.00,0.00,2021-08-10,2021-08-16,2
20210803,34037,Sussex County,NJ,100.00,0.00,0.00,0.00,0.00,0.00,2021-08-03,2021-08-09,2
20210727,34037,Sussex County,NJ,100.00,0.00,0.00,0.00,0.00,0.00,2021-07-27,2021-08-02,2
20210720,34037,Sussex County,NJ,100.00,0.00,0.00,0.00,0.00,0.00,2021-07-20,2021-07-26,2
20210713,34037,Sussex County,NJ,100.00,0.00,0.00,0.00,0.00,0.00,2021-07-13,2021-07-19,2
20210706,34037,Sussex County,NJ,100.00,0.00,0.00,0.00,0.00,0.00,2021-07-06,2021-07-12,2
20210629,34037,Sussex County,NJ,100.00,0.00,0.00,0.00,0.00,0.00,2021-06-29,2021-07-05,2
20210622,34037,Sussex County,NJ,100.00,0.00,0.00,0.00,0.00,0.00,2021-06-22,2021-06-28,2
20210615,34037,Sussex County,NJ,100.00,0.00,0.00,0.00,0.00,0.00,2021-06-15,2021-06-21,2
20210608,34037,Sussex County,NJ,100.00,0.00,0.00,0.00,0.00,0.00,2021-06-08,2021-06-14,2
20210601,34037,Sussex County,NJ,53.53,46.47,0.00,0.00,0.00,0.00,2021-06-01,2021-06-07,2
20210525,34037,Sussex County,NJ,0.00,100.00,0.00,0.00,0.00,0.00,2021-05-25,2021-05-31,2
20210518,34037,Sussex County,NJ,28.91,71.09,0.00,0.00,0.00,0.00,2021-05-18,2021-05-24,2
20210511,34037,Sussex County,NJ,28.91,71.09,0.00,0.00,0.00,0.00,2021-05-11,2021-05-17,2
20210504,34037,Sussex County,NJ,28.56,71.44,0.00,0.00,0.00,0.00,2021-05-04,2021-05-10,2
20210427,34037,Sussex County,NJ,100.00,0.00,0.00,0.00,0.00,0.00,2021-04-27,2021-05-03,2
20210420,34037,Sussex County,NJ,100.00,0.00,0.00,0.00,0.00,0.00,2021-04-20,2021-04-26,2
20210413,34037,Sussex County,NJ,100.00,0.00,0.00,0.00,0.00,0.00,2021-04-13,2021-04-19,2
20210406,34037,Sussex County,NJ,100.00,0.00,0.00,0.00,0.00,0.00,2021-04-06,2021-04-12,2
20210330,34037,Sussex County,NJ,100.00,0.00,0.00,0.00,0.00,0.00,2021-03-30,2021-04-05,2
20210323,34037,Sussex County,NJ,100.00,0.00,0.00,0.00,0.00,0.00,2021-03-23,2021-03-29,2
20210316,34037,Sussex County,NJ,100.00,0.00,0.00,0.00,0.00,0.00,2021-03-16,2021-03-22,2
20210309,34037,Sussex County,NJ,100.00,0.00,0.00,0.00,0.00,0.00,2021-03-09,2021-03-15,2
20210302,34037,Sussex County,NJ,100.00,0.00,0.00,0.00,0.00,0.00,2021-03-02,2021-03-08,2
20210223,34037,Sussex County,NJ,100.00,0.00,0.00,0.00,0.00,0.00,2021-02-23,2021-03-01,2
20210216,34037,Sussex County,NJ,100.00,0.00,0.00,0.00,0.00,0.00,2021-02-16,2021-02-22,2
20210209,34037,Sussex County,NJ,100.00,0.00,0.00,0.00,0.00,0.00,2021-02-09,2021-02-15,2
20210202,34037,Sussex County,NJ,100.00,0.00,0.00,0.00,0.00,0.00,2021-02-02,2021-02-08,2
20210126,34037,Sussex County,NJ,100.00,0.00,0.00,0.00,0.00,0.00,2021-01-26,2021-02-01,2
20210119,34037,Sussex County,NJ,100.00,0.00,0.00,0.00,0.00,0.00,2021-01-19,2021-01-25,2
20210112,34037,Sussex County,NJ,100.00,0.00,0.00,0.00,0.00,0.00,2021-01-12,2021-01-18,2
20210105,34037,Sussex County,NJ,100.00,0.00,0.00,0.00,0.00,0.00,2021-01-05,2021-01-11,2
20201229,34037,Sussex County,NJ,100.00,0.00,0.00,0.00,0.00,0.00,2020-12-29,2021-01-04,2
20201222,34037,Sussex County,NJ,100.00,0.00,0.00,0.00,0.00,0.00,2020-12-22,2020-12-28,2
20201215,34037,Sussex County,NJ,100.00,0.00,0.00,0.00,0.00,0.00,2020-12-15,2020-12-21,2
20201208,34037,Sussex County,NJ,100.00,0.00,0.00,0.00,0.00,0.00,2020-12-08,2020-12-14,2
20201201,34037,Sussex County,NJ,100.00,0.00,0.00,0.00,0.00,0.00,2020-12-01,2020-12-07,2
20201124,34037,Sussex County,NJ,100.00,0.00,0.00,0.00,0.00,0.00,2020-11-24,2020-11-30,2
20251118,34039,Union County,NJ,0.00,75.33,24.67,0.00,0.00,0.00,2025-11-18,2025-11-24,2
20251111,34039,Union County,NJ,0.00,75.33,24.67,0.00,0.00,0.00,2025-11-11,2025-11-17,2
20251104,34039,Union County,NJ,0.00,75.33,24.67,0.00,0.00,0.00,2025-11-04,2025-11-10,2
20251028,34039,Union County,NJ,0.00,0.00,100.00,0.00,0.00,0.00,2025-10-28,2025-11-03,2
20251021,34039,Union County,NJ,0.00,0.00,100.00,0.00,0.00,0.00,2025-10-21,2025-10-27,2
20251014,34039,Union County,NJ,0.00,95.08,4.92,0.00,0.00,0.00,2025-10-14,2025-10-20,2
20251007,34039,Union County,NJ,0.00,95.86,4.14,0.00,0.00,0.00,2025-10-07,2025-10-13,2
20250930,34039,Union County,NJ,92.43,7.57,0.00,0.00,0.00,0.00,2025-09-30,2025-10-06,2
20250923,34039,Union County,NJ,92.43,7.57,0.00,0.00,0.00,0.00,2025-09-23,2025-09-29,2
20250916,34039,Union County,NJ,92.43,7.57,0.00,0.00,0.00,0.00,2025-09-16,2025-09-22,2
20250909,34039,Union County,NJ,88.36,11.64,0.00,0.00,0.00,0.00,2025-09-09,2025-09-15,2
20250902,34039,Union County,NJ,88.36,11.64,0.00,0.00,0.00,0.00,2025-09-02,2025-09-08,2
20250826,34039,Union County,NJ,97.32,2.68,0.00,0.00,0.00,0.00,2025-08-26,2025-09-01,2
20250819,34039,Union County,NJ,97.32,2.68,0.00,0.00,0.00,0.00,2025-08-19,2025-08-25,2
20250812,34039,Union County,NJ,97.32,2.68,0.00,0.00,0.00,0.00,2025-08-12,2025-08-18,2
20250805,34039,Union County,NJ,100.00,0.00,0.00,0.00,0.00,0.00,2025-08-05,2025-08-11,2
20250729,34039,Union County,NJ,100.00,0.00,0.00,0.00,0.00,0.00,2025-07-29,2025-08-04,2
20250722,34039,Union County,NJ,100.00,0.00,0.00,0.00,0.00,0.00,2025-07-22,2025-07-28,2
20250715,34039,Union County,NJ,100.00,0.00,0.00,0.00,0.00,0.00,2025-07-15,2025-07-21,2
20250708,34039,Union County,NJ,100.00,0.00,0.00,0.00,0.00,0.00,2025-07-08,2025-07-14,2
20250701,34039,Union County,NJ,100.00,0.00,0.00,0.00,0.00,0.00,2025-07-01,2025-07-07,2
20250624,34039,Union County,NJ,100.00,0.00,0.00,0.00,0.00,0.00,2025-06-24,2025-06-30,2
20250617,34039,Union County,NJ,100.00,0.00,0.00,0.00,0.00,0.00,2025-06-17,2025-06-23,2
20250610,34039,Union County,NJ,100.00,0.00,0.00,0.00,0.00,0.00,2025-06-10,2025-06-16,2
20250603,34039,Union County,NJ,100.00,0.00,0.00,0.00,0.00,0.00,2025-06-03,2025-06-09,2
20250527,34039,Union County,NJ,100.00,0.00,0.00,0.00,0.00,0.00,2025-05-27,2025-06-02,2
20250520,34039,Union County,NJ,100.00,0.00,0.00,0.00,0.00,0.00,2025-05-20,2025-05-26,2
20250513,34039,Union County,NJ,4.96,95.04,0.00,0.00,0.00,0.00,2025-05-13,2025-05-19,2
20250506,34039,Union County,NJ,0.00,100.00,0.00,0.00,0.00,0.00,2025-05-06,2025-05-12,2
20250429,34039,Union County,NJ,0.00,100.00,0.00,0.00,0.00,0.00,2025-04-29,2025-05-05,2
20250422,34039,Union County,NJ,0.00,100.00,0.00,0.00,0.00,0.00,2025-04-22,2025-04-28,2
20250415,34039,Union County,NJ,0.00,100.00,0.00,0.00,0.00,0.00,2025-04-15,2025-04-21,2
20250408,34039,Union County,NJ,0.00,100.00,0.00,0.00,0.00,0.00,2025-04-08,2025-04-14,2
20250401,34039,Union County,NJ,0.00,0.00,100.00,0.00,0.00,0.00,2025-04-01,2025-04-07,2
20250325,34039,Union County,NJ,0.00,0.00,100.00,0.00,0.00,0.00,2025-03-25,2025-03-31,2
20250318,34039,Union County,NJ,0.00,0.00,100.00,0.00,0.00,0.00,2025-03-18,2025-03-24,2
20250311,34039,Union County,NJ,0.00,0.00,100.00,0.00,0.00,0.00,2025-03-11,2025-03-17,2
20250304,34039,Union County,NJ,0.00,0.00,100.00,0.00,0.00,0.00,2025-03-04,2025-03-10,2
20250225,34039,Union County,NJ,0.00,0.00,100.00,0.00,0.00,0.00,2025-02-25,2025-03-03,2
20250218,34039,Union County,NJ,0.00,0.00,100.00,0.00,0.00,0.00,2025-02-18,2025-02-24,2
20250211,34039,Union County,NJ,0.00,0.00,80.60,19.40,0.00,0.00,2025-02-11,2025-02-17,2
20250204,34039,Union County,NJ,0.00,0.00,77.68,22.32,0.00,0.00,2025-02-04,2025-02-10,2
20250128,34039,Union County,NJ,0.00,0.00,100.00,0.00,0.00,0.00,2025-01-28,2025-02-03,2
20250121,34039,Union County,NJ,0.00,0.00,100.00,0.00,0.00,0.00,2025-01-21,2025-01-27,2
20250114,34039,Union County,NJ,0.00,0.00,100.00,0.00,0.00,0.00,2025-01-14,2025-01-20,2
20250107,34039,Union County,NJ,0.00,0.00,100.00,0.00,0.00,0.00,2025-01-07,2025-01-13,2
20241231,34039,Union County,NJ,0.00,0.00,100.00,0.00,0.00,0.00,2024-12-31,2025-01-06,2
20241224,34039,Union County,NJ,0.00,0.00,100.00,0.00,0.00,0.00,2024-12-24,2024-12-30,2
20241217,34039,Union County,NJ,0.00,0.00,13.11,86.89,0.00,0.00,2024-12-17,2024-12-23,2
20241210,34039,Union County,NJ,0.00,0.00,0.00,100.00,0.00,0.00,2024-12-10,2024-12-16,2
20241203,34039,Union County,NJ,0.00,0.00,0.00,100.00,0.00,0.00,2024-12-03,2024-12-09,2
20241126,34039,Union County,NJ,0.00,0.00,0.00,100.00,0.00,0.00,2024-11-26,2024-12-02,2
20241119,34039,Union County,NJ,0.00,0.00,0.00,100.00,0.00,0.00,2024-11-19,2024-11-25,2
20241112,34039,Union County,NJ,0.00,0.00,0.00,100.00,0.00,0.00,2024-11-12,2024-11-18,2
20241105,34039,Union County,NJ,0.00,0.00,99.88,0.12,0.00,0.00,2024-11-05,2024-11-11,2
20241029,34039,Union County,NJ,0.00,0.00,100.00,0.00,0.00,0.00,2024-10-29,2024-11-04,2
20241022,34039,Union County,NJ,0.00,100.00,0.00,0.00,0.00,0.00,2024-10-22,2024-10-28,2
20241015,34039,Union County,NJ,0.00,100.00,0.00,0.00,0.00,0.00,2024-10-15,2024-10-21,2
20241008,34039,Union County,NJ,13.24,86.76,0.00,0.00,0.00,0.00,2024-10-08,2024-10-14,2
20241001,34039,Union County,NJ,16.38,83.62,0.00,0.00,0.00,0.00,2024-10-01,2024-10-07,2
20240924,34039,Union County,NJ,13.30,86.70,0.00,0.00,0.00,0.00,2024-09-24,2024-09-30,2
20240917,34039,Union County,NJ,100.00,0.00,0.00,0.00,0.00,0.00,2024-09-17,2024-09-23,2
20240910,34039,Union County,NJ,100.00,0.00,0.00,0.00,0.00,0.00,2024-09-10,2024-09-16,2
20240903,34039,Union County,NJ,100.00,0.00,0.00,0.00,0.00,0.00,2024-09-03,2024-09-09,2
20240827,34039,Union County,NJ,100.00,0.00,0.00,0.00,0.00,0.00,2024-08-27,2024-09-02,2
20240820,34039,Union County,NJ,100.00,0.00,0.00,0.00,0.00,0.00,2024-08-20,2024-08-26,2
20240813,34039,Union County,NJ,100.00,0.00,0.00,0.00,0.00,0.00,2024-08-13,2024-08-19,2
20240806,34039,Union County,NJ,35.61,64.39,0.00,0.00,0.00,0.00,2024-08-06,2024-08-12,2
20240730,34039,Union County,NJ,31.94,68.06,0.00,0.00,0.00,0.00,2024-07-30,2024-08-05,2
20240723,34039,Union County,NJ,30.77,69.23,0.00,0.00,0.00,0.00,2024-07-23,2024-07-29,2
20240716,34039,Union County,NJ,31.35,68.65,0.00,0.00,0.00,0.00,2024-07-16,2024-07-22,2
20240709,34039,Union County,NJ,31.35,68.65,0.00,0.00,0.00,0.00,2024-07-09,2024-07-15,2
20240702,34039,Union County,NJ,31.36,68.64,0.00,0.00,0.00,0.00,2024-07-02,2024-07-08,2
20240625,34039,Union County,NJ,0.00,100.00,0.00,0.00,0.00,0.00,2024-06-25,2024-07-01,2
20240618,34039,Union County,NJ,81.54,18.46,0.00,0.00,0.00,0.00,2024-06-18,2024-06-24,2
20240611,34039,Union County,NJ,100.00,0.00,0.00,0.00,0.00,0.00,2024-06-11,2024-06-17,2
20240604,34039,Union County,NJ,100.00,0.00,0.00,0.00,0.00,0.00,2024-06-04,2024-06-10,2
20240528,34039,Union County,NJ,100.00,0.00,0.00,0.00,0.00,0.00,2024-05-28,2024-06-03,2
20240521,34039,Union County,NJ,100.00,0.00,0.00,0.00,0.00,0.00,2024-05-21,2024-05-27,2
20240514,34039,Union County,NJ,100.00,0.00,0.00,0.00,0.00,0.00,2024-05-14,2024-05-20,2
20240507,34039,Union County,NJ,100.00,0.00,0.00,0.00,0.00,0.00,2024-05-07,2024-05-13,2
20240430,34039,Union County,NJ,100.00,0.00,0.00,0.00,0.00,0.00,2024-04-30,2024-05-06,2
20240423,34039,Union County,NJ,100.00,0.00,0.00,0.00,0.00,0.00,2024-04-23,2024-04-29,2
20240416,34039,Union County,NJ,100.00,0.00,0.00,0.00,0.00,0.00,2024-04-16,2024-04-22,2
20240409,34039,Union County,NJ,100.00,0.00,0.00,0.00,0.00,0.00,2024-04-09,2024-04-15,2
20240402,34039,Union County,NJ,100.00,0.00,0.00,0.00,0.00,0.00,2024-04-02,2024-04-08,2
20240326,34039,Union County,NJ,100.00,0.00,0.00,0.00,0.00,0.00,2024-03-26,2024-04-01,2
20240319,34039,Union County,NJ,100.00,0.00,0.00,0.00,0.00,0.00,2024-03-19,2024-03-25,2
20240312,34039,Union County,NJ,100.00,0.00,0.00,0.00,0.00,0.00,2024-03-12,2024-03-18,2
20240305,34039,Union County,NJ,100.00,0.00,0.00,0.00,0.00,0.00,2024-03-05,2024-03-11,2
20240227,34039,Union County,NJ,100.00,0.00,0.00,0.00,0.00,0.00,2024-02-27,2024-03-04,2
20240220,34039,Union County,NJ,100.00,0.00,0.00,0.00,0.00,0.00,2024-02-20,2024-02-26,2
20240213,34039,Union County,NJ,100.00,0.00,0.00,0.00,0.00,0.00,2024-02-13,2024-02-19,2
20240206,34039,Union County,NJ,100.00,0.00,0.00,0.00,0.00,0.00,2024-02-06,2024-02-12,2
20240130,34039,Union County,NJ,100.00,0.00,0.00,0.00,0.00,0.00,2024-01-30,2024-02-05,2
20240123,34039,Union County,NJ,100.00,0.00,0.00,0.00,0.00,0.00,2024-01-23,2024-01-29,2
20240116,34039,Union County,NJ,100.00,0.00,0.00,0.00,0.00,0.00,2024-01-16,2024-01-22,2
20240109,34039,Union County,NJ,100.00,0.00,0.00,0.00,0.00,0.00,2024-01-09,2024-01-15,2
20240102,34039,Union County,NJ,100.00,0.00,0.00,0.00,0.00,0.00,2024-01-02,2024-01-08,2
20231226,34039,Union County,NJ,100.00,0.00,0.00,0.00,0.00,0.00,2023-12-26,2024-01-01,2
20231219,34039,Union County,NJ,100.00,0.00,0.00,0.00,0.00,0.00,2023-12-19,2023-12-25,2
20231212,34039,Union County,NJ,100.00,0.00,0.00,0.00,0.00,0.00,2023-12-12,2023-12-18,2
20231205,34039,Union County,NJ,100.00,0.00,0.00,0.00,0.00,0.00,2023-12-05,2023-12-11,2
20231128,34039,Union County,NJ,100.00,0.00,0.00,0.00,0.00,0.00,2023-11-28,2023-12-04,2
20231121,34039,Union County,NJ,100.00,0.00,0.00,0.00,0.00,0.00,2023-11-21,2023-11-27,2
20231114,34039,Union County,NJ,100.00,0.00,0.00,0.00,0.00,0.00,2023-11-14,2023-11-20,2
20231107,34039,Union County,NJ,100.00,0.00,0.00,0.00,0.00,0.00,2023-11-07,2023-11-13,2
20231031,34039,Union County,NJ,100.00,0.00,0.00,0.00,0.00,0.00,2023-10-31,2023-11-06,2
20231024,34039,Union County,NJ,100.00,0.00,0.00,0.00,0.00,0.00,2023-10-24,2023-10-30,2
20231017,34039,Union County,NJ,100.00,0.00,0.00,0.00,0.00,0.00,2023-10-17,2023-10-23,2
20231010,34039,Union County,NJ,100.00,0.00,0.00,0.00,0.00,0.00,2023-10-10,2023-10-16,2
20231003,34039,Union County,NJ,100.00,0.00,0.00,0.00,0.00,0.00,2023-10-03,2023-10-09,2
20230926,34039,Union County,NJ,100.00,0.00,0.00,0.00,0.00,0.00,2023-09-26,2023-10-02,2
20230919,34039,Union County,NJ,100.00,0.00,0.00,0.00,0.00,0.00,2023-09-19,2023-09-25,2
20230912,34039,Union County,NJ,100.00,0.00,0.00,0.00,0.00,0.00,2023-09-12,2023-09-18,2
20230905,34039,Union County,NJ,100.00,0.00,0.00,0.00,0.00,0.00,2023-09-05,2023-09-11,2
20230829,34039,Union County,NJ,100.00,0.00,0.00,0.00,0.00,0.00,2023-08-29,2023-09-04,2
20230822,34039,Union County,NJ,100.00,0.00,0.00,0.00,0.00,0.00,2023-08-22,2023-08-28,2
20230815,34039,Union County,NJ,100.00,0.00,0.00,0.00,0.00,0.00,2023-08-15,2023-08-21,2
20230808,34039,Union County,NJ,100.00,0.00,0.00,0.00,0.00,0.00,2023-08-08,2023-08-14,2
20230801,34039,Union County,NJ,100.00,0.00,0.00,0.00,0.00,0.00,2023-08-01,2023-08-07,2
20230725,34039,Union County,NJ,100.00,0.00,0.00,0.00,0.00,0.00,2023-07-25,2023-07-31,2
20230718,34039,Union County,NJ,80.19,19.81,0.00,0.00,0.00,0.00,2023-07-18,2023-07-24,2
20230711,34039,Union County,NJ,80.19,19.81,0.00,0.00,0.00,0.00,2023-07-11,2023-07-17,2
20230704,34039,Union County,NJ,0.00,97.37,2.63,0.00,0.00,0.00,2023-07-04,2023-07-10,2
20230627,34039,Union County,NJ,0.00,100.00,0.00,0.00,0.00,0.00,2023-06-27,2023-07-03,2
20230620,34039,Union County,NJ,0.00,100.00,0.00,0.00,0.00,0.00,2023-06-20,2023-06-26,2
20230613,34039,Union County,NJ,0.00,100.00,0.00,0.00,0.00,0.00,2023-06-13,2023-06-19,2
20230606,34039,Union County,NJ,74.90,25.10,0.00,0.00,0.00,0.00,2023-06-06,2023-06-12,2
20230530,34039,Union County,NJ,100.00,0.00,0.00,0.00,0.00,0.00,2023-05-30,2023-06-05,2
20230523,34039,Union County,NJ,100.00,0.00,0.00,0.00,0.00,0.00,2023-05-23,2023-05-29,2
20230516,34039,Union County,NJ,100.00,0.00,0.00,0.00,0.00,0.00,2023-05-16,2023-05-22,2
20230509,34039,Union County,NJ,100.00,0.00,0.00,0.00,0.00,0.00,2023-05-09,2023-05-15,2
20230502,34039,Union County,NJ,100.00,0.00,0.00,0.00,0.00,0.00,2023-05-02,2023-05-08,2
20230425,34039,Union County,NJ,0.00,100.00,0.00,0.00,0.00,0.00,2023-04-25,2023-05-01,2
20230418,34039,Union County,NJ,0.00,100.00,0.00,0.00,0.00,0.00,2023-04-18,2023-04-24,2
20230411,34039,Union County,NJ,73.95,26.05,0.00,0.00,0.00,0.00,2023-04-11,2023-04-17,2
20230404,34039,Union County,NJ,100.00,0.00,0.00,0.00,0.00,0.00,2023-04-04,2023-04-10,2
20230328,34039,Union County,NJ,100.00,0.00,0.00,0.00,0.00,0.00,2023-03-28,2023-04-03,2
20230321,34039,Union County,NJ,100.00,0.00,0.00,0.00,0.00,0.00,2023-03-21,2023-03-27,2
20230314,34039,Union County,NJ,100.00,0.00,0.00,0.00,0.00,0.00,2023-03-14,2023-03-20,2
20230307,34039,Union County,NJ,100.00,0.00,0.00,0.00,0.00,0.00,2023-03-07,2023-03-13,2
20230228,34039,Union County,NJ,100.00,0.00,0.00,0.00,0.00,0.00,2023-02-28,2023-03-06,2
20230221,34039,Union County,NJ,100.00,0.00,0.00,0.00,0.00,0.00,2023-02-21,2023-02-27,2
20230214,34039,Union County,NJ,100.00,0.00,0.00,0.00,0.00,0.00,2023-02-14,2023-02-20,2
20230207,34039,Union County,NJ,100.00,0.00,0.00,0.00,0.00,0.00,2023-02-07,2023-02-13,2
20230131,34039,Union County,NJ,100.00,0.00,0.00,0.00,0.00,0.00,2023-01-31,2023-02-06,2
20230124,34039,Union County,NJ,100.00,0.00,0.00,0.00,0.00,0.00,2023-01-24,2023-01-30,2
20230117,34039,Union County,NJ,100.00,0.00,0.00,0.00,0.00,0.00,2023-01-17,2023-01-23,2
20230110,34039,Union County,NJ,100.00,0.00,0.00,0.00,0.00,0.00,2023-01-10,2023-01-16,2
20230103,34039,Union County,NJ,100.00,0.00,0.00,0.00,0.00,0.00,2023-01-03,2023-01-09,2
20221227,34039,Union County,NJ,100.00,0.00,0.00,0.00,0.00,0.00,2022-12-27,2023-01-02,2
20221220,34039,Union County,NJ,100.00,0.00,0.00,0.00,0.00,0.00,2022-12-20,2022-12-26,2
20221213,34039,Union County,NJ,42.83,57.17,0.00,0.00,0.00,0.00,2022-12-13,2022-12-19,2
20221206,34039,Union County,NJ,42.83,57.17,0.00,0.00,0.00,0.00,2022-12-06,2022-12-12,2
20221129,34039,Union County,NJ,42.83,57.17,0.00,0.00,0.00,0.00,2022-11-29,2022-12-05,2
20221122,34039,Union County,NJ,42.83,57.17,0.00,0.00,0.00,0.00,2022-11-22,2022-11-28,2
20221115,34039,Union County,NJ,41.14,58.86,0.00,0.00,0.00,0.00,2022-11-15,2022-11-21,2
20221108,34039,Union County,NJ,41.14,58.86,0.00,0.00,0.00,0.00,2022-11-08,2022-11-14,2
20221101,34039,Union County,NJ,100.00,0.00,0.00,0.00,0.00,0.00,2022-11-01,2022-11-07,2
20221025,34039,Union County,NJ,100.00,0.00,0.00,0.00,0.00,0.00,2022-10-25,2022-10-31,2
20221018,34039,Union County,NJ,91.76,8.24,0.00,0.00,0.00,0.00,2022-10-18,2022-10-24,2
20221011,34039,Union County,NJ,0.00,100.00,0.00,0.00,0.00,0.00,2022-10-11,2022-10-17,2
20221004,34039,Union County,NJ,0.00,83.34,16.66,0.00,0.00,0.00,2022-10-04,2022-10-10,2
20220927,34039,Union County,NJ,0.00,83.34,16.66,0.00,0.00,0.00,2022-09-27,2022-10-03,2
20220920,34039,Union County,NJ,0.00,0.00,100.00,0.00,0.00,0.00,2022-09-20,2022-09-26,2
20220913,34039,Union County,NJ,0.00,0.00,96.73,3.27,0.00,0.00,2022-09-13,2022-09-19,2
20220906,34039,Union County,NJ,0.00,0.00,0.00,100.00,0.00,0.00,2022-09-06,2022-09-12,2
20220830,34039,Union County,NJ,0.00,0.00,0.00,100.00,0.00,0.00,2022-08-30,2022-09-05,2
20220823,34039,Union County,NJ,0.00,0.00,0.00,100.00,0.00,0.00,2022-08-23,2022-08-29,2
20220816,34039,Union County,NJ,0.00,0.00,0.00,100.00,0.00,0.00,2022-08-16,2022-08-22,2
20220809,34039,Union County,NJ,0.00,0.00,82.45,17.55,0.00,0.00,2022-08-09,2022-08-15,2
20220802,34039,Union County,NJ,0.00,7.51,92.49,0.00,0.00,0.00,2022-08-02,2022-08-08,2
20220726,34039,Union County,NJ,0.00,7.51,92.49,0.00,0.00,0.00,2022-07-26,2022-08-01,2
20220719,34039,Union County,NJ,0.00,100.00,0.00,0.00,0.00,0.00,2022-07-19,2022-07-25,2
20220712,34039,Union County,NJ,41.23,58.77,0.00,0.00,0.00,0.00,2022-07-12,2022-07-18,2
20220705,34039,Union County,NJ,46.84,53.16,0.00,0.00,0.00,0.00,2022-07-05,2022-07-11,2
20220628,34039,Union County,NJ,100.00,0.00,0.00,0.00,0.00,0.00,2022-06-28,2022-07-04,2
20220621,34039,Union County,NJ,100.00,0.00,0.00,0.00,0.00,0.00,2022-06-21,2022-06-27,2
20220614,34039,Union County,NJ,100.00,0.00,0.00,0.00,0.00,0.00,2022-06-14,2022-06-20,2
20220607,34039,Union County,NJ,100.00,0.00,0.00,0.00,0.00,0.00,2022-06-07,2022-06-13,2
20220531,34039,Union County,NJ,100.00,0.00,0.00,0.00,0.00,0.00,2022-05-31,2022-06-06,2
20220524,34039,Union County,NJ,100.00,0.00,0.00,0.00,0.00,0.00,2022-05-24,2022-05-30,2
20220517,34039,Union County,NJ,100.00,0.00,0.00,0.00,0.00,0.00,2022-05-17,2022-05-23,2
20220510,34039,Union County,NJ,100.00,0.00,0.00,0.00,0.00,0.00,2022-05-10,2022-05-16,2
20220503,34039,Union County,NJ,100.00,0.00,0.00,0.00,0.00,0.00,2022-05-03,2022-05-09,2
20220426,34039,Union County,NJ,100.00,0.00,0.00,0.00,0.00,0.00,2022-04-26,2022-05-02,2
20220419,34039,Union County,NJ,100.00,0.00,0.00,0.00,0.00,0.00,2022-04-19,2022-04-25,2
20220412,34039,Union County,NJ,100.00,0.00,0.00,0.00,0.00,0.00,2022-04-12,2022-04-18,2
20220405,34039,Union County,NJ,0.00,100.00,0.00,0.00,0.00,0.00,2022-04-05,2022-04-11,2
20220329,34039,Union County,NJ,0.00,100.00,0.00,0.00,0.00,0.00,2022-03-29,2022-04-04,2
20220322,34039,Union County,NJ,0.00,100.00,0.00,0.00,0.00,0.00,2022-03-22,2022-03-28,2
20220315,34039,Union County,NJ,100.00,0.00,0.00,0.00,0.00,0.00,2022-03-15,2022-03-21,2
20220308,34039,Union County,NJ,100.00,0.00,0.00,0.00,0.00,0.00,2022-03-08,2022-03-14,2
20220301,34039,Union County,NJ,100.00,0.00,0.00,0.00,0.00,0.00,2022-03-01,2022-03-07,2
20220222,34039,Union County,NJ,100.00,0.00,0.00,0.00,0.00,0.00,2022-02-22,2022-02-28,2
20220215,34039,Union County,NJ,100.00,0.00,0.00,0.00,0.00,0.00,2022-02-15,2022-02-21,2
20220208,34039,Union County,NJ,100.00,0.00,0.00,0.00,0.00,0.00,2022-02-08,2022-02-14,2
20220201,34039,Union County,NJ,100.00,0.00,0.00,0.00,0.00,0.00,2022-02-01,2022-02-07,2
20220125,34039,Union County,NJ,100.00,0.00,0.00,0.00,0.00,0.00,2022-01-25,2022-01-31,2
20220118,34039,Union County,NJ,100.00,0.00,0.00,0.00,0.00,0.00,2022-01-18,2022-01-24,2
20220111,34039,Union County,NJ,100.00,0.00,0.00,0.00,0.00,0.00,2022-01-11,2022-01-17,2
20220104,34039,Union County,NJ,100.00,0.00,0.00,0.00,0.00,0.00,2022-01-04,2022-01-10,2
20211228,34039,Union County,NJ,100.00,0.00,0.00,0.00,0.00,0.00,2021-12-28,2022-01-03,2
20211221,34039,Union County,NJ,100.00,0.00,0.00,0.00,0.00,0.00,2021-12-21,2021-12-27,2
20211214,34039,Union County,NJ,100.00,0.00,0.00,0.00,0.00,0.00,2021-12-14,2021-12-20,2
20211207,34039,Union County,NJ,100.00,0.00,0.00,0.00,0.00,0.00,2021-12-07,2021-12-13,2
20211130,34039,Union County,NJ,100.00,0.00,0.00,0.00,0.00,0.00,2021-11-30,2021-12-06,2
20211123,34039,Union County,NJ,100.00,0.00,0.00,0.00,0.00,0.00,2021-11-23,2021-11-29,2
20211116,34039,Union County,NJ,100.00,0.00,0.00,0.00,0.00,0.00,2021-11-16,2021-11-22,2
20211109,34039,Union County,NJ,100.00,0.00,0.00,0.00,0.00,0.00,2021-11-09,2021-11-15,2
20211102,34039,Union County,NJ,100.00,0.00,0.00,0.00,0.00,0.00,2021-11-02,2021-11-08,2
20211026,34039,Union County,NJ,100.00,0.00,0.00,0.00,0.00,0.00,2021-10-26,2021-11-01,2
20211019,34039,Union County,NJ,100.00,0.00,0.00,0.00,0.00,0.00,2021-10-19,2021-10-25,2
20211012,34039,Union County,NJ,100.00,0.00,0.00,0.00,0.00,0.00,2021-10-12,2021-10-18,2
20211005,34039,Union County,NJ,100.00,0.00,0.00,0.00,0.00,0.00,2021-10-05,2021-10-11,2
20210928,34039,Union County,NJ,100.00,0.00,0.00,0.00,0.00,0.00,2021-09-28,2021-10-04,2
20210921,34039,Union County,NJ,100.00,0.00,0.00,0.00,0.00,0.00,2021-09-21,2021-09-27,2
20210914,34039,Union County,NJ,100.00,0.00,0.00,0.00,0.00,0.00,2021-09-14,2021-09-20,2
20210907,34039,Union County,NJ,100.00,0.00,0.00,0.00,0.00,0.00,2021-09-07,2021-09-13,2
20210831,34039,Union County,NJ,100.00,0.00,0.00,0.00,0.00,0.00,2021-08-31,2021-09-06,2
20210824,34039,Union County,NJ,100.00,0.00,0.00,0.00,0.00,0.00,2021-08-24,2021-08-30,2
20210817,34039,Union County,NJ,100.00,0.00,0.00,0.00,0.00,0.00,2021-08-17,2021-08-23,2
20210810,34039,Union County,NJ,100.00,0.00,0.00,0.00,0.00,0.00,2021-08-10,2021-08-16,2
20210803,34039,Union County,NJ,100.00,0.00,0.00,0.00,0.00,0.00,2021-08-03,2021-08-09,2
20210727,34039,Union County,NJ,100.00,0.00,0.00,0.00,0.00,0.00,2021-07-27,2021-08-02,2
20210720,34039,Union County,NJ,100.00,0.00,0.00,0.00,0.00,0.00,2021-07-20,2021-07-26,2
20210713,34039,Union County,NJ,100.00,0.00,0.00,0.00,0.00,0.00,2021-07-13,2021-07-19,2
20210706,34039,Union County,NJ,100.00,0.00,0.00,0.00,0.00,0.00,2021-07-06,2021-07-12,2
20210629,34039,Union County,NJ,100.00,0.00,0.00,0.00,0.00,0.00,2021-06-29,2021-07-05,2
20210622,34039,Union County,NJ,100.00,0.00,0.00,0.00,0.00,0.00,2021-06-22,2021-06-28,2
20210615,34039,Union County,NJ,100.00,0.00,0.00,0.00,0.00,0.00,2021-06-15,2021-06-21,2
20210608,34039,Union County,NJ,100.00,0.00,0.00,0.00,0.00,0.00,2021-06-08,2021-06-14,2
20210601,34039,Union County,NJ,100.00,0.00,0.00,0.00,0.00,0.00,2021-06-01,2021-06-07,2
20210525,34039,Union County,NJ,0.00,100.00,0.00,0.00,0.00,0.00,2021-05-25,2021-05-31,2
20210518,34039,Union County,NJ,100.00,0.00,0.00,0.00,0.00,0.00,2021-05-18,2021-05-24,2
20210511,34039,Union County,NJ,100.00,0.00,0.00,0.00,0.00,0.00,2021-05-11,2021-05-17,2
20210504,34039,Union County,NJ,100.00,0.00,0.00,0.00,0.00,0.00,2021-05-04,2021-05-10,2
20210427,34039,Union County,NJ,100.00,0.00,0.00,0.00,0.00,0.00,2021-04-27,2021-05-03,2
20210420,34039,Union County,NJ,100.00,0.00,0.00,0.00,0.00,0.00,2021-04-20,2021-04-26,2
20210413,34039,Union County,NJ,100.00,0.00,0.00,0.00,0.00,0.00,2021-04-13,2021-04-19,2
20210406,34039,Union County,NJ,100.00,0.00,0.00,0.00,0.00,0.00,2021-04-06,2021-04-12,2
20210330,34039,Union County,NJ,100.00,0.00,0.00,0.00,0.00,0.00,2021-03-30,2021-04-05,2
20210323,34039,Union County,NJ,100.00,0.00,0.00,0.00,0.00,0.00,2021-03-23,2021-03-29,2
20210316,34039,Union County,NJ,100.00,0.00,0.00,0.00,0.00,0.00,2021-03-16,2021-03-22,2
20210309,34039,Union County,NJ,100.00,0.00,0.00,0.00,0.00,0.00,2021-03-09,2021-03-15,2
20210302,34039,Union County,NJ,100.00,0.00,0.00,0.00,0.00,0.00,2021-03-02,2021-03-08,2
20210223,34039,Union County,NJ,100.00,0.00,0.00,0.00,0.00,0.00,2021-02-23,2021-03-01,2
20210216,34039,Union County,NJ,100.00,0.00,0.00,0.00,0.00,0.00,2021-02-16,2021-02-22,2
20210209,34039,Union County,NJ,100.00,0.00,0.00,0.00,0.00,0.00,2021-02-09,2021-02-15,2
20210202,34039,Union County,NJ,100.00,0.00,0.00,0.00,0.00,0.00,2021-02-02,2021-02-08,2
20210126,34039,Union County,NJ,100.00,0.00,0.00,0.00,0.00,0.00,2021-01-26,2021-02-01,2
20210119,34039,Union County,NJ,100.00,0.00,0.00,0.00,0.00,0.00,2021-01-19,2021-01-25,2
20210112,34039,Union County,NJ,100.00,0.00,0.00,0.00,0.00,0.00,2021-01-12,2021-01-18,2
20210105,34039,Union County,NJ,100.00,0.00,0.00,0.00,0.00,0.00,2021-01-05,2021-01-11,2
20201229,34039,Union County,NJ,100.00,0.00,0.00,0.00,0.00,0.00,2020-12-29,2021-01-04,2
20201222,34039,Union County,NJ,100.00,0.00,0.00,0.00,0.00,0.00,2020-12-22,2020-12-28,2
20201215,34039,Union County,NJ,100.00,0.00,0.00,0.00,0.00,0.00,2020-12-15,2020-12-21,2
20201208,34039,Union County,NJ,100.00,0.00,0.00,0.00,0.00,0.00,2020-12-08,2020-12-14,2
20201201,34039,Union County,NJ,100.00,0.00,0.00,0.00,0.00,0.00,2020-12-01,2020-12-07,2
20201124,34039,Union County,NJ,100.00,0.00,0.00,0.00,0.00,0.00,2020-11-24,2020-11-30,2
20251118,34041,Warren County,NJ,0.00,0.00,82.20,17.80,0.00,0.00,2025-11-18,2025-11-24,2
20251111,34041,Warren County,NJ,0.00,0.00,82.20,17.80,0.00,0.00,2025-11-11,2025-11-17,2
20251104,34041,Warren County,NJ,0.00,0.00,82.20,17.80,0.00,0.00,2025-11-04,2025-11-10,2
20251028,34041,Warren County,NJ,0.00,0.00,62.71,37.29,0.00,0.00,2025-10-28,2025-11-03,2
20251021,34041,Warren County,NJ,0.00,0.00,62.71,37.29,0.00,0.00,2025-10-21,2025-10-27,2
20251014,34041,Warren County,NJ,0.00,20.46,42.24,37.29,0.00,0.00,2025-10-14,2025-10-20,2
20251007,34041,Warren County,NJ,0.00,19.17,57.69,23.14,0.00,0.00,2025-10-07,2025-10-13,2
20250930,34041,Warren County,NJ,0.01,76.86,23.14,0.00,0.00,0.00,2025-09-30,2025-10-06,2
20250923,34041,Warren County,NJ,0.67,76.19,23.14,0.00,0.00,0.00,2025-09-23,2025-09-29,2
20250916,34041,Warren County,NJ,53.16,41.50,5.33,0.00,0.00,0.00,2025-09-16,2025-09-22,2
20250909,34041,Warren County,NJ,52.76,41.91,5.33,0.00,0.00,0.00,2025-09-09,2025-09-15,2
20250902,34041,Warren County,NJ,24.61,49.60,25.78,0.00,0.00,0.00,2025-09-02,2025-09-08,2
20250826,34041,Warren County,NJ,55.46,44.54,0.00,0.00,0.00,0.00,2025-08-26,2025-09-01,2
20250819,34041,Warren County,NJ,55.46,44.54,0.00,0.00,0.00,0.00,2025-08-19,2025-08-25,2
20250812,34041,Warren County,NJ,55.46,44.54,0.00,0.00,0.00,0.00,2025-08-12,2025-08-18,2
20250805,34041,Warren County,NJ,100.00,0.00,0.00,0.00,0.00,0.00,2025-08-05,2025-08-11,2
20250729,34041,Warren County,NJ,100.00,0.00,0.00,0.00,0.00,0.00,2025-07-29,2025-08-04,2
20250722,34041,Warren County,NJ,100.00,0.00,0.00,0.00,0.00,0.00,2025-07-22,2025-07-28,2
20250715,34041,Warren County,NJ,100.00,0.00,0.00,0.00,0.00,0.00,2025-07-15,2025-07-21,2
20250708,34041,Warren County,NJ,100.00,0.00,0.00,0.00,0.00,0.00,2025-07-08,2025-07-14,2
20250701,34041,Warren County,NJ,100.00,0.00,0.00,0.00,0.00,0.00,2025-07-01,2025-07-07,2
20250624,34041,Warren County,NJ,100.00,0.00,0.00,0.00,0.00,0.00,2025-06-24,2025-06-30,2
20250617,34041,Warren County,NJ,100.00,0.00,0.00,0.00,0.00,0.00,2025-06-17,2025-06-23,2
20250610,34041,Warren County,NJ,100.00,0.00,0.00,0.00,0.00,0.00,2025-06-10,2025-06-16,2
20250603,34041,Warren County,NJ,100.00,0.00,0.00,0.00,0.00,0.00,2025-06-03,2025-06-09,2
20250527,34041,Warren County,NJ,100.00,0.00,0.00,0.00,0.00,0.00,2025-05-27,2025-06-02,2
20250520,34041,Warren County,NJ,99.99,0.01,0.00,0.00,0.00,0.00,2025-05-20,2025-05-26,2
20250513,34041,Warren County,NJ,0.00,100.00,0.00,0.00,0.00,0.00,2025-05-13,2025-05-19,2
20250506,34041,Warren County,NJ,0.00,92.53,7.47,0.00,0.00,0.00,2025-05-06,2025-05-12,2
20250429,34041,Warren County,NJ,0.00,53.13,46.87,0.00,0.00,0.00,2025-04-29,2025-05-05,2
20250422,34041,Warren County,NJ,0.00,53.13,46.87,0.00,0.00,0.00,2025-04-22,2025-04-28,2
20250415,34041,Warren County,NJ,0.00,53.13,46.87,0.00,0.00,0.00,2025-04-15,2025-04-21,2
20250408,34041,Warren County,NJ,0.00,53.13,46.87,0.00,0.00,0.00,2025-04-08,2025-04-14,2
20250401,34041,Warren County,NJ,0.00,0.00,100.00,0.00,0.00,0.00,2025-04-01,2025-04-07,2
20250325,34041,Warren County,NJ,0.00,0.00,100.00,0.00,0.00,0.00,2025-03-25,2025-03-31,2
20250318,34041,Warren County,NJ,0.00,0.00,100.00,0.00,0.00,0.00,2025-03-18,2025-03-24,2
20250311,34041,Warren County,NJ,0.00,0.00,100.00,0.00,0.00,0.00,2025-03-11,2025-03-17,2
20250304,34041,Warren County,NJ,0.00,0.00,100.00,0.00,0.00,0.00,2025-03-04,2025-03-10,2
20250225,34041,Warren County,NJ,0.00,0.00,100.00,0.00,0.00,0.00,2025-02-25,2025-03-03,2
20250218,34041,Warren County,NJ,0.00,0.00,100.00,0.00,0.00,0.00,2025-02-18,2025-02-24,2
20250211,34041,Warren County,NJ,0.00,0.00,92.33,7.67,0.00,0.00,2025-02-11,2025-02-17,2
20250204,34041,Warren County,NJ,0.00,0.00,92.33,7.67,0.00,0.00,2025-02-04,2025-02-10,2
20250128,34041,Warren County,NJ,0.00,0.00,92.33,7.67,0.00,0.00,2025-01-28,2025-02-03,2
20250121,34041,Warren County,NJ,0.00,0.00,100.00,0.00,0.00,0.00,2025-01-21,2025-01-27,2
20250114,34041,Warren County,NJ,0.00,0.00,100.00,0.00,0.00,0.00,2025-01-14,2025-01-20,2
20250107,34041,Warren County,NJ,0.00,0.00,100.00,0.00,0.00,0.00,2025-01-07,2025-01-13,2
20241231,34041,Warren County,NJ,0.00,0.00,93.98,6.02,0.00,0.00,2024-12-31,2025-01-06,2
20241224,34041,Warren County,NJ,0.00,0.00,42.65,57.35,0.00,0.00,2024-12-24,2024-12-30,2
20241217,34041,Warren County,NJ,0.00,0.00,40.84,59.16,0.00,0.00,2024-12-17,2024-12-23,2
20241210,34041,Warren County,NJ,0.00,0.00,0.00,100.00,0.00,0.00,2024-12-10,2024-12-16,2
20241203,34041,Warren County,NJ,0.00,0.00,0.00,100.00,0.00,0.00,2024-12-03,2024-12-09,2
20241126,34041,Warren County,NJ,0.00,0.00,0.00,100.00,0.00,0.00,2024-11-26,2024-12-02,2
20241119,34041,Warren County,NJ,0.00,0.00,0.00,100.00,0.00,0.00,2024-11-19,2024-11-25,2
20241112,34041,Warren County,NJ,0.00,0.00,0.00,100.00,0.00,0.00,2024-11-12,2024-11-18,2
20241105,34041,Warren County,NJ,0.00,0.00,97.07,2.93,0.00,0.00,2024-11-05,2024-11-11,2
20241029,34041,Warren County,NJ,0.00,0.00,100.00,0.00,0.00,0.00,2024-10-29,2024-11-04,2
20241022,34041,Warren County,NJ,0.00,72.36,27.64,0.00,0.00,0.00,2024-10-22,2024-10-28,2
20241015,34041,Warren County,NJ,0.00,99.71,0.29,0.00,0.00,0.00,2024-10-15,2024-10-21,2
20241008,34041,Warren County,NJ,60.82,39.18,0.00,0.00,0.00,0.00,2024-10-08,2024-10-14,2
20241001,34041,Warren County,NJ,96.63,3.37,0.00,0.00,0.00,0.00,2024-10-01,2024-10-07,2
20240924,34041,Warren County,NJ,100.00,0.00,0.00,0.00,0.00,0.00,2024-09-24,2024-09-30,2
20240917,34041,Warren County,NJ,100.00,0.00,0.00,0.00,0.00,0.00,2024-09-17,2024-09-23,2
20240910,34041,Warren County,NJ,100.00,0.00,0.00,0.00,0.00,0.00,2024-09-10,2024-09-16,2
20240903,34041,Warren County,NJ,100.00,0.00,0.00,0.00,0.00,0.00,2024-09-03,2024-09-09,2
20240827,34041,Warren County,NJ,100.00,0.00,0.00,0.00,0.00,0.00,2024-08-27,2024-09-02,2
20240820,34041,Warren County,NJ,100.00,0.00,0.00,0.00,0.00,0.00,2024-08-20,2024-08-26,2
20240813,34041,Warren County,NJ,100.00,0.00,0.00,0.00,0.00,0.00,2024-08-13,2024-08-19,2
20240806,34041,Warren County,NJ,5.97,94.03,0.00,0.00,0.00,0.00,2024-08-06,2024-08-12,2
20240730,34041,Warren County,NJ,5.71,43.76,50.53,0.00,0.00,0.00,2024-07-30,2024-08-05,2
20240723,34041,Warren County,NJ,6.01,43.46,50.53,0.00,0.00,0.00,2024-07-23,2024-07-29,2
20240716,34041,Warren County,NJ,5.55,39.75,54.70,0.00,0.00,0.00,2024-07-16,2024-07-22,2
20240709,34041,Warren County,NJ,5.55,94.45,0.00,0.00,0.00,0.00,2024-07-09,2024-07-15,2
20240702,34041,Warren County,NJ,5.52,94.48,0.00,0.00,0.00,0.00,2024-07-02,2024-07-08,2
20240625,34041,Warren County,NJ,0.00,100.00,0.00,0.00,0.00,0.00,2024-06-25,2024-07-01,2
20240618,34041,Warren County,NJ,0.00,100.00,0.00,0.00,0.00,0.00,2024-06-18,2024-06-24,2
20240611,34041,Warren County,NJ,100.00,0.00,0.00,0.00,0.00,0.00,2024-06-11,2024-06-17,2
20240604,34041,Warren County,NJ,100.00,0.00,0.00,0.00,0.00,0.00,2024-06-04,2024-06-10,2
20240528,34041,Warren County,NJ,100.00,0.00,0.00,0.00,0.00,0.00,2024-05-28,2024-06-03,2
20240521,34041,Warren County,NJ,100.00,0.00,0.00,0.00,0.00,0.00,2024-05-21,2024-05-27,2
20240514,34041,Warren County,NJ,100.00,0.00,0.00,0.00,0.00,0.00,2024-05-14,2024-05-20,2
20240507,34041,Warren County,NJ,100.00,0.00,0.00,0.00,0.00,0.00,2024-05-07,2024-05-13,2
20240430,34041,Warren County,NJ,100.00,0.00,0.00,0.00,0.00,0.00,2024-04-30,2024-05-06,2
20240423,34041,Warren County,NJ,100.00,0.00,0.00,0.00,0.00,0.00,2024-04-23,2024-04-29,2
20240416,34041,Warren County,NJ,100.00,0.00,0.00,0.00,0.00,0.00,2024-04-16,2024-04-22,2
20240409,34041,Warren County,NJ,100.00,0.00,0.00,0.00,0.00,0.00,2024-04-09,2024-04-15,2
20240402,34041,Warren County,NJ,100.00,0.00,0.00,0.00,0.00,0.00,2024-04-02,2024-04-08,2
20240326,34041,Warren County,NJ,100.00,0.00,0.00,0.00,0.00,0.00,2024-03-26,2024-04-01,2
20240319,34041,Warren County,NJ,100.00,0.00,0.00,0.00,0.00,0.00,2024-03-19,2024-03-25,2
20240312,34041,Warren County,NJ,100.00,0.00,0.00,0.00,0.00,0.00,2024-03-12,2024-03-18,2
20240305,34041,Warren County,NJ,100.00,0.00,0.00,0.00,0.00,0.00,2024-03-05,2024-03-11,2
20240227,34041,Warren County,NJ,100.00,0.00,0.00,0.00,0.00,0.00,2024-02-27,2024-03-04,2
20240220,34041,Warren County,NJ,100.00,0.00,0.00,0.00,0.00,0.00,2024-02-20,2024-02-26,2
20240213,34041,Warren County,NJ,100.00,0.00,0.00,0.00,0.00,0.00,2024-02-13,2024-02-19,2
20240206,34041,Warren County,NJ,100.00,0.00,0.00,0.00,0.00,0.00,2024-02-06,2024-02-12,2
20240130,34041,Warren County,NJ,100.00,0.00,0.00,0.00,0.00,0.00,2024-01-30,2024-02-05,2
20240123,34041,Warren County,NJ,100.00,0.00,0.00,0.00,0.00,0.00,2024-01-23,2024-01-29,2
20240116,34041,Warren County,NJ,100.00,0.00,0.00,0.00,0.00,0.00,2024-01-16,2024-01-22,2
20240109,34041,Warren County,NJ,100.00,0.00,0.00,0.00,0.00,0.00,2024-01-09,2024-01-15,2
20240102,34041,Warren County,NJ,100.00,0.00,0.00,0.00,0.00,0.00,2024-01-02,2024-01-08,2
20231226,34041,Warren County,NJ,100.00,0.00,0.00,0.00,0.00,0.00,2023-12-26,2024-01-01,2
20231219,34041,Warren County,NJ,100.00,0.00,0.00,0.00,0.00,0.00,2023-12-19,2023-12-25,2
20231212,34041,Warren County,NJ,100.00,0.00,0.00,0.00,0.00,0.00,2023-12-12,2023-12-18,2
20231205,34041,Warren County,NJ,32.80,67.20,0.00,0.00,0.00,0.00,2023-12-05,2023-12-11,2
20231128,34041,Warren County,NJ,32.80,67.20,0.00,0.00,0.00,0.00,2023-11-28,2023-12-04,2
20231121,34041,Warren County,NJ,7.96,92.04,0.00,0.00,0.00,0.00,2023-11-21,2023-11-27,2
20231114,34041,Warren County,NJ,12.07,87.93,0.00,0.00,0.00,0.00,2023-11-14,2023-11-20,2
20231107,34041,Warren County,NJ,23.12,76.88,0.00,0.00,0.00,0.00,2023-11-07,2023-11-13,2
20231031,34041,Warren County,NJ,58.16,41.84,0.00,0.00,0.00,0.00,2023-10-31,2023-11-06,2
20231024,34041,Warren County,NJ,100.00,0.00,0.00,0.00,0.00,0.00,2023-10-24,2023-10-30,2
20231017,34041,Warren County,NJ,100.00,0.00,0.00,0.00,0.00,0.00,2023-10-17,2023-10-23,2
20231010,34041,Warren County,NJ,100.00,0.00,0.00,0.00,0.00,0.00,2023-10-10,2023-10-16,2
20231003,34041,Warren County,NJ,100.00,0.00,0.00,0.00,0.00,0.00,2023-10-03,2023-10-09,2
20230926,34041,Warren County,NJ,100.00,0.00,0.00,0.00,0.00,0.00,2023-09-26,2023-10-02,2
20230919,34041,Warren County,NJ,100.00,0.00,0.00,0.00,0.00,0.00,2023-09-19,2023-09-25,2
20230912,34041,Warren County,NJ,100.00,0.00,0.00,0.00,0.00,0.00,2023-09-12,2023-09-18,2
20230905,34041,Warren County,NJ,100.00,0.00,0.00,0.00,0.00,0.00,2023-09-05,2023-09-11,2
20230829,34041,Warren County,NJ,100.00,0.00,0.00,0.00,0.00,0.00,2023-08-29,2023-09-04,2
20230822,34041,Warren County,NJ,100.00,0.00,0.00,0.00,0.00,0.00,2023-08-22,2023-08-28,2
20230815,34041,Warren County,NJ,100.00,0.00,0.00,0.00,0.00,0.00,2023-08-15,2023-08-21,2
20230808,34041,Warren County,NJ,100.00,0.00,0.00,0.00,0.00,0.00,2023-08-08,2023-08-14,2
20230801,34041,Warren County,NJ,100.00,0.00,0.00,0.00,0.00,0.00,2023-08-01,2023-08-07,2
20230725,34041,Warren County,NJ,100.00,0.00,0.00,0.00,0.00,0.00,2023-07-25,2023-07-31,2
20230718,34041,Warren County,NJ,100.00,0.00,0.00,0.00,0.00,0.00,2023-07-18,2023-07-24,2
20230711,34041,Warren County,NJ,100.00,0.00,0.00,0.00,0.00,0.00,2023-07-11,2023-07-17,2
20230704,34041,Warren County,NJ,0.00,99.99,0.01,0.00,0.00,0.00,2023-07-04,2023-07-10,2
20230627,34041,Warren County,NJ,0.00,91.80,8.20,0.00,0.00,0.00,2023-06-27,2023-07-03,2
20230620,34041,Warren County,NJ,0.00,0.00,100.00,0.00,0.00,0.00,2023-06-20,2023-06-26,2
20230613,34041,Warren County,NJ,0.00,99.94,0.06,0.00,0.00,0.00,2023-06-13,2023-06-19,2
20230606,34041,Warren County,NJ,0.00,99.62,0.38,0.00,0.00,0.00,2023-06-06,2023-06-12,2
20230530,34041,Warren County,NJ,0.18,99.82,0.00,0.00,0.00,0.00,2023-05-30,2023-06-05,2
20230523,34041,Warren County,NJ,100.00,0.00,0.00,0.00,0.00,0.00,2023-05-23,2023-05-29,2
20230516,34041,Warren County,NJ,100.00,0.00,0.00,0.00,0.00,0.00,2023-05-16,2023-05-22,2
20230509,34041,Warren County,NJ,100.00,0.00,0.00,0.00,0.00,0.00,2023-05-09,2023-05-15,2
20230502,34041,Warren County,NJ,100.00,0.00,0.00,0.00,0.00,0.00,2023-05-02,2023-05-08,2
20230425,34041,Warren County,NJ,0.00,100.00,0.00,0.00,0.00,0.00,2023-04-25,2023-05-01,2
20230418,34041,Warren County,NJ,0.00,100.00,0.00,0.00,0.00,0.00,2023-04-18,2023-04-24,2
20230411,34041,Warren County,NJ,0.57,99.43,0.00,0.00,0.00,0.00,2023-04-11,2023-04-17,2
20230404,34041,Warren County,NJ,100.00,0.00,0.00,0.00,0.00,0.00,2023-04-04,2023-04-10,2
20230328,34041,Warren County,NJ,100.00,0.00,0.00,0.00,0.00,0.00,2023-03-28,2023-04-03,2
20230321,34041,Warren County,NJ,100.00,0.00,0.00,0.00,0.00,0.00,2023-03-21,2023-03-27,2
20230314,34041,Warren County,NJ,100.00,0.00,0.00,0.00,0.00,0.00,2023-03-14,2023-03-20,2
20230307,34041,Warren County,NJ,100.00,0.00,0.00,0.00,0.00,0.00,2023-03-07,2023-03-13,2
20230228,34041,Warren County,NJ,100.00,0.00,0.00,0.00,0.00,0.00,2023-02-28,2023-03-06,2
20230221,34041,Warren County,NJ,100.00,0.00,0.00,0.00,0.00,0.00,2023-02-21,2023-02-27,2
20230214,34041,Warren County,NJ,100.00,0.00,0.00,0.00,0.00,0.00,2023-02-14,2023-02-20,2
20230207,34041,Warren County,NJ,100.00,0.00,0.00,0.00,0.00,0.00,2023-02-07,2023-02-13,2
20230131,34041,Warren County,NJ,100.00,0.00,0.00,0.00,0.00,0.00,2023-01-31,2023-02-06,2
20230124,34041,Warren County,NJ,100.00,0.00,0.00,0.00,0.00,0.00,2023-01-24,2023-01-30,2
20230117,34041,Warren County,NJ,100.00,0.00,0.00,0.00,0.00,0.00,2023-01-17,2023-01-23,2
20230110,34041,Warren County,NJ,100.00,0.00,0.00,0.00,0.00,0.00,2023-01-10,2023-01-16,2
20230103,34041,Warren County,NJ,100.00,0.00,0.00,0.00,0.00,0.00,2023-01-03,2023-01-09,2
20221227,34041,Warren County,NJ,100.00,0.00,0.00,0.00,0.00,0.00,2022-12-27,2023-01-02,2
20221220,34041,Warren County,NJ,100.00,0.00,0.00,0.00,0.00,0.00,2022-12-20,2022-12-26,2
20221213,34041,Warren County,NJ,100.00,0.00,0.00,0.00,0.00,0.00,2022-12-13,2022-12-19,2
20221206,34041,Warren County,NJ,100.00,0.00,0.00,0.00,0.00,0.00,2022-12-06,2022-12-12,2
20221129,34041,Warren County,NJ,100.00,0.00,0.00,0.00,0.00,0.00,2022-11-29,2022-12-05,2
20221122,34041,Warren County,NJ,100.00,0.00,0.00,0.00,0.00,0.00,2022-11-22,2022-11-28,2
20221115,34041,Warren County,NJ,100.00,0.00,0.00,0.00,0.00,0.00,2022-11-15,2022-11-21,2
20221108,34041,Warren County,NJ,100.00,0.00,0.00,0.00,0.00,0.00,2022-11-08,2022-11-14,2
20221101,34041,Warren County,NJ,100.00,0.00,0.00,0.00,0.00,0.00,2022-11-01,2022-11-07,2
20221025,34041,Warren County,NJ,100.00,0.00,0.00,0.00,0.00,0.00,2022-10-25,2022-10-31,2
20221018,34041,Warren County,NJ,95.02,4.98,0.00,0.00,0.00,0.00,2022-10-18,2022-10-24,2
20221011,34041,Warren County,NJ,31.97,62.84,5.20,0.00,0.00,0.00,2022-10-11,2022-10-17,2
20221004,34041,Warren County,NJ,12.49,23.49,64.03,0.00,0.00,0.00,2022-10-04,2022-10-10,2
20220927,34041,Warren County,NJ,9.68,26.30,64.03,0.00,0.00,0.00,2022-09-27,2022-10-03,2
20220920,34041,Warren County,NJ,0.00,35.97,64.03,0.00,0.00,0.00,2022-09-20,2022-09-26,2
20220913,34041,Warren County,NJ,0.00,35.97,64.03,0.00,0.00,0.00,2022-09-13,2022-09-19,2
20220906,34041,Warren County,NJ,0.00,35.97,64.03,0.00,0.00,0.00,2022-09-06,2022-09-12,2
20220830,34041,Warren County,NJ,0.00,35.02,64.98,0.00,0.00,0.00,2022-08-30,2022-09-05,2
20220823,34041,Warren County,NJ,0.00,92.33,7.67,0.00,0.00,0.00,2022-08-23,2022-08-29,2
20220816,34041,Warren County,NJ,42.81,57.19,0.00,0.00,0.00,0.00,2022-08-16,2022-08-22,2
20220809,34041,Warren County,NJ,42.91,57.09,0.00,0.00,0.00,0.00,2022-08-09,2022-08-15,2
20220802,34041,Warren County,NJ,42.91,57.09,0.00,0.00,0.00,0.00,2022-08-02,2022-08-08,2
20220726,34041,Warren County,NJ,42.91,57.09,0.00,0.00,0.00,0.00,2022-07-26,2022-08-01,2
20220719,34041,Warren County,NJ,42.91,57.09,0.00,0.00,0.00,0.00,2022-07-19,2022-07-25,2
20220712,34041,Warren County,NJ,42.91,57.09,0.00,0.00,0.00,0.00,2022-07-12,2022-07-18,2
20220705,34041,Warren County,NJ,100.00,0.00,0.00,0.00,0.00,0.00,2022-07-05,2022-07-11,2
20220628,34041,Warren County,NJ,100.00,0.00,0.00,0.00,0.00,0.00,2022-06-28,2022-07-04,2
20220621,34041,Warren County,NJ,100.00,0.00,0.00,0.00,0.00,0.00,2022-06-21,2022-06-27,2
20220614,34041,Warren County,NJ,100.00,0.00,0.00,0.00,0.00,0.00,2022-06-14,2022-06-20,2
20220607,34041,Warren County,NJ,100.00,0.00,0.00,0.00,0.00,0.00,2022-06-07,2022-06-13,2
20220531,34041,Warren County,NJ,100.00,0.00,0.00,0.00,0.00,0.00,2022-05-31,2022-06-06,2
20220524,34041,Warren County,NJ,100.00,0.00,0.00,0.00,0.00,0.00,2022-05-24,2022-05-30,2
20220517,34041,Warren County,NJ,100.00,0.00,0.00,0.00,0.00,0.00,2022-05-17,2022-05-23,2
20220510,34041,Warren County,NJ,100.00,0.00,0.00,0.00,0.00,0.00,2022-05-10,2022-05-16,2
20220503,34041,Warren County,NJ,100.00,0.00,0.00,0.00,0.00,0.00,2022-05-03,2022-05-09,2
20220426,34041,Warren County,NJ,100.00,0.00,0.00,0.00,0.00,0.00,2022-04-26,2022-05-02,2
20220419,34041,Warren County,NJ,100.00,0.00,0.00,0.00,0.00,0.00,2022-04-19,2022-04-25,2
20220412,34041,Warren County,NJ,100.00,0.00,0.00,0.00,0.00,0.00,2022-04-12,2022-04-18,2
20220405,34041,Warren County,NJ,0.00,100.00,0.00,0.00,0.00,0.00,2022-04-05,2022-04-11,2
20220329,34041,Warren County,NJ,0.00,100.00,0.00,0.00,0.00,0.00,2022-03-29,2022-04-04,2
20220322,34041,Warren County,NJ,0.00,100.00,0.00,0.00,0.00,0.00,2022-03-22,2022-03-28,2
20220315,34041,Warren County,NJ,0.00,100.00,0.00,0.00,0.00,0.00,2022-03-15,2022-03-21,2
20220308,34041,Warren County,NJ,0.00,100.00,0.00,0.00,0.00,0.00,2022-03-08,2022-03-14,2
20220301,34041,Warren County,NJ,0.00,100.00,0.00,0.00,0.00,0.00,2022-03-01,2022-03-07,2
20220222,34041,Warren County,NJ,0.00,100.00,0.00,0.00,0.00,0.00,2022-02-22,2022-02-28,2
20220215,34041,Warren County,NJ,0.00,100.00,0.00,0.00,0.00,0.00,2022-02-15,2022-02-21,2
20220208,34041,Warren County,NJ,0.00,100.00,0.00,0.00,0.00,0.00,2022-02-08,2022-02-14,2
20220201,34041,Warren County,NJ,0.00,100.00,0.00,0.00,0.00,0.00,2022-02-01,2022-02-07,2
20220125,34041,Warren County,NJ,100.00,0.00,0.00,0.00,0.00,0.00,2022-01-25,2022-01-31,2
20220118,34041,Warren County,NJ,100.00,0.00,0.00,0.00,0.00,0.00,2022-01-18,2022-01-24,2
20220111,34041,Warren County,NJ,100.00,0.00,0.00,0.00,0.00,0.00,2022-01-11,2022-01-17,2
20220104,34041,Warren County,NJ,100.00,0.00,0.00,0.00,0.00,0.00,2022-01-04,2022-01-10,2
20211228,34041,Warren County,NJ,100.00,0.00,0.00,0.00,0.00,0.00,2021-12-28,2022-01-03,2
20211221,34041,Warren County,NJ,100.00,0.00,0.00,0.00,0.00,0.00,2021-12-21,2021-12-27,2
20211214,34041,Warren County,NJ,100.00,0.00,0.00,0.00,0.00,0.00,2021-12-14,2021-12-20,2
20211207,34041,Warren County,NJ,100.00,0.00,0.00,0.00,0.00,0.00,2021-12-07,2021-12-13,2
20211130,34041,Warren County,NJ,100.00,0.00,0.00,0.00,0.00,0.00,2021-11-30,2021-12-06,2
20211123,34041,Warren County,NJ,100.00,0.00,0.00,0.00,0.00,0.00,2021-11-23,2021-11-29,2
20211116,34041,Warren County,NJ,100.00,0.00,0.00,0.00,0.00,0.00,2021-11-16,2021-11-22,2
20211109,34041,Warren County,NJ,100.00,0.00,0.00,0.00,0.00,0.00,2021-11-09,2021-11-15,2
20211102,34041,Warren County,NJ,100.00,0.00,0.00,0.00,0.00,0.00,2021-11-02,2021-11-08,2
20211026,34041,Warren County,NJ,100.00,0.00,0.00,0.00,0.00,0.00,2021-10-26,2021-11-01,2
20211019,34041,Warren County,NJ,100.00,0.00,0.00,0.00,0.00,0.00,2021-10-19,2021-10-25,2
20211012,34041,Warren County,NJ,100.00,0.00,0.00,0.00,0.00,0.00,2021-10-12,2021-10-18,2
20211005,34041,Warren County,NJ,100.00,0.00,0.00,0.00,0.00,0.00,2021-10-05,2021-10-11,2
20210928,34041,Warren County,NJ,100.00,0.00,0.00,0.00,0.00,0.00,2021-09-28,2021-10-04,2
20210921,34041,Warren County,NJ,100.00,0.00,0.00,0.00,0.00,0.00,2021-09-21,2021-09-27,2
20210914,34041,Warren County,NJ,100.00,0.00,0.00,0.00,0.00,0.00,2021-09-14,2021-09-20,2
20210907,34041,Warren County,NJ,100.00,0.00,0.00,0.00,0.00,0.00,2021-09-07,2021-09-13,2
20210831,34041,Warren County,NJ,100.00,0.00,0.00,0.00,0.00,0.00,2021-08-31,2021-09-06,2
20210824,34041,Warren County,NJ,100.00,0.00,0.00,0.00,0.00,0.00,2021-08-24,2021-08-30,2
20210817,34041,Warren County,NJ,100.00,0.00,0.00,0.00,0.00,0.00,2021-08-17,2021-08-23,2
20210810,34041,Warren County,NJ,100.00,0.00,0.00,0.00,0.00,0.00,2021-08-10,2021-08-16,2
20210803,34041,Warren County,NJ,100.00,0.00,0.00,0.00,0.00,0.00,2021-08-03,2021-08-09,2
20210727,34041,Warren County,NJ,100.00,0.00,0.00,0.00,0.00,0.00,2021-07-27,2021-08-02,2
20210720,34041,Warren County,NJ,100.00,0.00,0.00,0.00,0.00,0.00,2021-07-20,2021-07-26,2
20210713,34041,Warren County,NJ,100.00,0.00,0.00,0.00,0.00,0.00,2021-07-13,2021-07-19,2
20210706,34041,Warren County,NJ,100.00,0.00,0.00,0.00,0.00,0.00,2021-07-06,2021-07-12,2
20210629,34041,Warren County,NJ,100.00,0.00,0.00,0.00,0.00,0.00,2021-06-29,2021-07-05,2
20210622,34041,Warren County,NJ,100.00,0.00,0.00,0.00,0.00,0.00,2021-06-22,2021-06-28,2
20210615,34041,Warren County,NJ,100.00,0.00,0.00,0.00,0.00,0.00,2021-06-15,2021-06-21,2
20210608,34041,Warren County,NJ,100.00,0.00,0.00,0.00,0.00,0.00,2021-06-08,2021-06-14,2
20210601,34041,Warren County,NJ,100.00,0.00,0.00,0.00,0.00,0.00,2021-06-01,2021-06-07,2
20210525,34041,Warren County,NJ,0.00,100.00,0.00,0.00,0.00,0.00,2021-05-25,2021-05-31,2
20210518,34041,Warren County,NJ,82.61,17.39,0.00,0.00,0.00,0.00,2021-05-18,2021-05-24,2
20210511,34041,Warren County,NJ,82.61,17.39,0.00,0.00,0.00,0.00,2021-05-11,2021-05-17,2
20210504,34041,Warren County,NJ,62.06,37.94,0.00,0.00,0.00,0.00,2021-05-04,2021-05-10,2
20210427,34041,Warren County,NJ,100.00,0.00,0.00,0.00,0.00,0.00,2021-04-27,2021-05-03,2
20210420,34041,Warren County,NJ,100.00,0.00,0.00,0.00,0.00,0.00,2021-04-20,2021-04-26,2
20210413,34041,Warren County,NJ,100.00,0.00,0.00,0.00,0.00,0.00,2021-04-13,2021-04-19,2
20210406,34041,Warren County,NJ,100.00,0.00,0.00,0.00,0.00,0.00,2021-04-06,2021-04-12,2
20210330,34041,Warren County,NJ,100.00,0.00,0.00,0.00,0.00,0.00,2021-03-30,2021-04-05,2
20210323,34041,Warren County,NJ,100.00,0.00,0.00,0.00,0.00,0.00,2021-03-23,2021-03-29,2
20210316,34041,Warren County,NJ,100.00,0.00,0.00,0.00,0.00,0.00,2021-03-16,2021-03-22,2
20210309,34041,Warren County,NJ,100.00,0.00,0.00,0.00,0.00,0.00,2021-03-09,2021-03-15,2
20210302,34041,Warren County,NJ,100.00,0.00,0.00,0.00,0.00,0.00,2021-03-02,2021-03-08,2
20210223,34041,Warren County,NJ,100.00,0.00,0.00,0.00,0.00,0.00,2021-02-23,2021-03-01,2
20210216,34041,Warren County,NJ,100.00,0.00,0.00,0.00,0.00,0.00,2021-02-16,2021-02-22,2
20210209,34041,Warren County,NJ,100.00,0.00,0.00,0.00,0.00,0.00,2021-02-09,2021-02-15,2
20210202,34041,Warren County,NJ,100.00,0.00,0.00,0.00,0.00,0.00,2021-02-02,2021-02-08,2
20210126,34041,Warren County,NJ,100.00,0.00,0.00,0.00,0.00,0.00,2021-01-26,2021-02-01,2
20210119,34041,Warren County,NJ,100.00,0.00,0.00,0.00,0.00,0.00,2021-01-19,2021-01-25,2
20210112,34041,Warren County,NJ,100.00,0.00,0.00,0.00,0.00,0.00,2021-01-12,2021-01-18,2
20210105,34041,Warren County,NJ,100.00,0.00,0.00,0.00,0.00,0.00,2021-01-05,2021-01-11,2
20201229,34041,Warren County,NJ,100.00,0.00,0.00,0.00,0.00,0.00,2020-12-29,2021-01-04,2
20201222,34041,Warren County,NJ,100.00,0.00,0.00,0.00,0.00,0.00,2020-12-22,2020-12-28,2
20201215,34041,Warren County,NJ,100.00,0.00,0.00,0.00,0.00,0.00,2020-12-15,2020-12-21,2
20201208,34041,Warren County,NJ,100.00,0.00,0.00,0.00,0.00,0.00,2020-12-08,2020-12-14,2
20201201,34041,Warren County,NJ,100.00,0.00,0.00,0.00,0.00,0.00,2020-12-01,2020-12-07,2
20201124,34041,Warren County,NJ,100.00,0.00,0.00,0.00,0.00,0.00,2020-11-24,2020-11-30,2
